timebounds,0.05,0.17,0.5,0.83,0.95
1750.0,0.0,0.0,0.0,0.0,0.0
1751.0,8.570489941729806e+20,2.9556414798050267e+21,4.901440825696241e+21,6.615049339140765e+21,8.069257752876271e+21
1752.0,2.4580170912350696e+21,5.51829174843321e+21,8.972668209898014e+21,1.240447720598425e+22,1.4853571574643259e+22
1753.0,3.015131112026251e+21,7.757454622677478e+21,1.2726844309170633e+22,1.7104603473466236e+22,2.056667445409443e+22
1754.0,3.3856838608243586e+21,9.347864414509517e+21,1.544330032703124e+22,2.12662747888221e+22,2.592119982843209e+22
1755.0,-6.4388787881328e+20,5.760687417071411e+21,1.2467353104905807e+22,1.9154081069886268e+22,2.4187247641558612e+22
1756.0,-3.2437287299792e+21,3.7487581901353936e+21,1.1304047582571055e+22,1.8800113764002678e+22,2.486729328034439e+22
1757.0,-3.480357060690624e+21,4.3167206653212083e+21,1.2613532957926398e+22,2.0953947854571798e+22,2.79055632199557e+22
1758.0,-2.8676931816574346e+21,4.932629642788464e+21,1.4620984759407583e+22,2.4240116024871255e+22,3.208217333545092e+22
1759.0,-1.378361077473679e+21,6.854688770688169e+21,1.7856533433798875e+22,2.7783081974395203e+22,3.725471677391475e+22
1760.0,-1.5004639680767758e+20,9.691713020970387e+21,2.18755968413963e+22,3.268057014871285e+22,4.18100562835577e+22
1761.0,2.1344697036815317e+21,1.269068256108876e+22,2.555533925945821e+22,3.7322252956932847e+22,4.713956741887019e+22
1762.0,3.5073034014367836e+21,1.5424031034559273e+22,2.9193687077759662e+22,4.2225920290442004e+22,5.236325028245845e+22
1763.0,-1.0449879213765864e+22,2.4054553872368167e+21,1.6314334649514283e+22,2.9193658571756482e+22,4.085031513721596e+22
1764.0,-1.8407400807452713e+22,-5.421388589336853e+21,9.08408020699671e+21,2.204585306989541e+22,3.4135876421565393e+22
1765.0,-1.9509166544957196e+22,-6.537392512873506e+21,9.036662521173832e+21,2.3130302687573755e+22,3.542562403681843e+22
1766.0,-2.005557938164473e+22,-5.489665019470491e+21,1.1004056141779826e+22,2.6661935525454928e+22,3.8991066067516625e+22
1767.0,-1.8270199784066188e+22,-4.043039308467471e+21,1.4027149993588275e+22,3.000936267315269e+22,4.300037546634624e+22
1768.0,-2.524226041875662e+22,-9.848148382550703e+21,9.17468659216948e+21,2.6031085623207166e+22,4.002064025244954e+22
1769.0,-2.8520623093476957e+22,-1.2068534906220743e+22,7.437825265361929e+21,2.481018163009924e+22,4.045800687678261e+22
1770.0,-2.6797334181766614e+22,-9.314221813537229e+21,1.0943438041462516e+22,2.814049232712662e+22,4.429779850427365e+22
1771.0,-2.2913696184552147e+22,-6.228509299101721e+21,1.4940737789756833e+22,3.2895111983668287e+22,4.993788025542822e+22
1772.0,-2.0440881019996273e+22,-2.0908260393110793e+21,1.944577553903242e+22,3.80188351780217e+22,5.548487750417334e+22
1773.0,-1.8398745732906465e+22,1.4102878096972073e+21,2.3223572208411925e+22,4.246474660879063e+22,6.047207891389146e+22
1774.0,-1.5650289952360107e+22,4.246963618187222e+21,2.658461684335141e+22,4.684337060478184e+22,6.610288166579506e+22
1775.0,-1.444898484786575e+22,6.139555231023343e+21,2.898523173880079e+22,4.977826933904395e+22,7.005282026130341e+22
1776.0,-1.383643421645764e+22,7.653051997051791e+21,3.1183969769248545e+22,5.267444172477358e+22,7.228188153406801e+22
1777.0,-1.1445690100071744e+22,9.243168441852451e+21,3.31348389820106e+22,5.538924144296235e+22,7.444284957333815e+22
1778.0,-1.1293168370214741e+22,1.0583325296805426e+22,3.5166544515450282e+22,5.8061448855154716e+22,7.858936174489949e+22
1779.0,-1.13076971260778e+22,1.3149137826670533e+22,3.812538212212245e+22,6.096096673254535e+22,8.066250688969159e+22
1780.0,-9.366563656910414e+21,1.6018438779141523e+22,4.1849257880398175e+22,6.581610906270075e+22,8.415790806975931e+22
1781.0,-7.297101560312218e+21,1.949261859722003e+22,4.540745710431032e+22,7.0896547358935016e+22,8.999506828294085e+22
1782.0,-2.5374458205639735e+21,2.291386250629463e+22,4.929187288298818e+22,7.503964596029934e+22,9.620217902240752e+22
1783.0,-1.4904271786967703e+21,2.663333586315054e+22,5.266605907708842e+22,7.870582051802842e+22,9.956818153569132e+22
1784.0,-3.2490444283173038e+22,-4.731886817308408e+21,2.388609181632116e+22,4.801143250154267e+22,7.15500588204169e+22
1785.0,-5.152425566147487e+22,-2.349722996613683e+22,6.698214787131001e+21,3.016722545212483e+22,5.514209112525968e+22
1786.0,-5.42622914019683e+22,-2.555418343081235e+22,3.516694818885049e+21,2.72639962431133e+22,5.254617317846038e+22
1787.0,-5.332311249787445e+22,-2.4143686121618353e+22,5.352604273742282e+21,3.0189983841686888e+22,5.611388378043363e+22
1788.0,-4.980723084197097e+22,-2.0965568924276322e+22,8.817974923224934e+21,3.420044216262023e+22,5.959209566319046e+22
1789.0,-4.689547347777069e+22,-1.8820157330695614e+22,1.2959098782268653e+22,3.911488562889152e+22,6.6681934231179065e+22
1790.0,-4.268132936644073e+22,-1.2471147982336301e+22,1.7610381442883617e+22,4.478316975545545e+22,7.453549030948704e+22
1791.0,-3.796676248303775e+22,-8.08919022300369e+21,2.2466441269553935e+22,5.0178130915816764e+22,7.851004387656703e+22
1792.0,-3.4030693018815663e+22,-3.853768774385807e+21,2.773322796746055e+22,5.566712654846441e+22,8.351107884069752e+22
1793.0,-2.958565395075498e+22,3.4328810446358487e+19,3.16850125849992e+22,6.014513691975395e+22,8.891620208522005e+22
1794.0,-2.8831404781618132e+22,2.6728351150536576e+21,3.5341799738909787e+22,6.4353292176272625e+22,9.446155461463865e+22
1795.0,-2.6549397157026403e+22,4.4497414882436763e+21,3.812100137846378e+22,6.77831847102197e+22,9.610585758101334e+22
1796.0,-2.9422654497080425e+22,3.053365932345228e+21,3.8131336034551595e+22,6.832587179380218e+22,9.677881766611182e+22
1797.0,-2.9346060932309573e+22,3.1556420805592277e+21,3.867984610079636e+22,7.010572586935931e+22,9.643059840332805e+22
1798.0,-2.8017779876354717e+22,4.745297634689608e+21,4.0827893145142724e+22,7.164450671713768e+22,9.91342818048228e+22
1799.0,-2.766292222693707e+22,5.153002614993386e+21,4.209184353101575e+22,7.464341134510427e+22,1.0450922154375833e+23
1800.0,-2.6032054108872365e+22,7.092763067915355e+21,4.416155304421888e+22,7.76770783646881e+22,1.0809270738279928e+23
1801.0,-2.4383738378913434e+22,9.061179394249311e+21,4.613050046764093e+22,8.101268391832491e+22,1.1076488221395425e+23
1802.0,-2.2257409933825106e+22,1.0863657054455412e+22,4.8757545840261156e+22,8.472165090279093e+22,1.1487534183032971e+23
1803.0,-2.097358382565406e+22,1.3459609795638787e+22,5.155536502954396e+22,8.785547046618282e+22,1.1831705143547299e+23
1804.0,-1.7804786267891603e+22,1.7262889633332163e+22,5.533409740745238e+22,9.206664536505289e+22,1.2199870438002402e+23
1805.0,-1.5172662141228534e+22,2.030287978914418e+22,5.877046927204591e+22,9.612010525358423e+22,1.2592536755086358e+23
1806.0,-1.3260723624807546e+22,2.4025157161565282e+22,6.245534779848199e+22,1.0107558237994452e+23,1.282378974732426e+23
1807.0,-1.0571679299593535e+22,2.687872184904194e+22,6.515452513370089e+22,1.0496138653838293e+23,1.3285626937110733e+23
1808.0,-9.325781183921543e+21,2.882204454779021e+22,6.807527501357256e+22,1.0786506312637e+23,1.3618212115122203e+23
1809.0,-7.349332973023449e+21,2.9866907930685117e+22,6.962615344470808e+22,1.0906617366804673e+23,1.4122202412168244e+23
1810.0,-5.5409259502749075e+22,-1.6452985323606004e+22,2.105047682380926e+22,6.185214772397565e+22,9.051027067674874e+22
1811.0,-8.756537730129567e+22,-4.75502249305712e+22,-7.348609223872836e+21,3.32251273941505e+22,6.285649799377593e+22
1812.0,-9.153293469082524e+22,-5.407205976806275e+22,-1.2296777003414845e+22,2.880487590186917e+22,5.873206584820307e+22
1813.0,-8.989528966222402e+22,-5.399693819708108e+22,-9.560697157856082e+21,3.2244815020330253e+22,6.0927501739857675e+22
1814.0,-8.42856293491898e+22,-5.034368005402031e+22,-5.370209607672746e+21,3.7033200051809946e+22,6.844618628045724e+22
1815.0,-8.139878234176254e+22,-4.4224316068152255e+22,-7.550373559053725e+20,4.0814412299296685e+22,7.432013595594925e+22
1816.0,-1.820471584267781e+23,-1.3752446095201685e+23,-9.336442613398066e+22,-4.451295974518092e+22,-9.997294002674344e+21
1817.0,-2.4903204225710757e+23,-2.006427989502713e+23,-1.5232170442393865e+23,-9.819247535272995e+22,-6.4870045766520746e+22
1818.0,-2.6407461945257567e+23,-2.1199863453764922e+23,-1.6274945099805078e+23,-1.0799430353704986e+23,-7.318919992287358e+22
1819.0,-2.5916751104837404e+23,-2.0819420009899962e+23,-1.591161793006788e+23,-1.0471165743257561e+23,-7.134660191588512e+22
1820.0,-2.5155295241621913e+23,-2.0198740429796303e+23,-1.5180496109426065e+23,-9.742389038445145e+22,-6.2498712332007425e+22
1821.0,-2.4231207806161836e+23,-1.9454638652893576e+23,-1.450058652425232e+23,-8.966218197215248e+22,-5.544989823436058e+22
1822.0,-2.3527375550745955e+23,-1.8882591126348616e+23,-1.3919193074860113e+23,-8.222123137216677e+22,-4.732756818677799e+22
1823.0,-2.3373171660617646e+23,-1.8675050508994304e+23,-1.3691186278634207e+23,-8.16087971506865e+22,-4.2821637673759994e+22
1824.0,-2.292328692451578e+23,-1.8388941855655155e+23,-1.3420976045442687e+23,-7.911429957864712e+22,-4.0267892613392525e+22
1825.0,-2.2416575076869246e+23,-1.7860829417706246e+23,-1.2888538614866365e+23,-7.4353733842715156e+22,-3.6947887168862886e+22
1826.0,-2.199397688273764e+23,-1.7395288028243322e+23,-1.2403347137959888e+23,-6.883369912070775e+22,-3.2268426689014458e+22
1827.0,-2.1361834536476382e+23,-1.6946348194069393e+23,-1.1790307508676911e+23,-6.392543962476774e+22,-2.654108512055592e+22
1828.0,-2.0654212645105622e+23,-1.6383235513492408e+23,-1.1189659764381162e+23,-5.8224488773924675e+22,-1.987184804637154e+22
1829.0,-2.001760989625795e+23,-1.6008718863439055e+23,-1.0754980819643617e+23,-5.2411064085775385e+22,-1.5865534899579735e+22
1830.0,-1.9680617725054533e+23,-1.5458450478342275e+23,-1.031052094118381e+23,-4.7769917242290735e+22,-9.386875729226904e+21
1831.0,-1.9110042735061483e+23,-1.5017113328539874e+23,-9.86008842927955e+22,-4.3053497022706075e+22,-4.84141496739593e+21
1832.0,-2.477276193133617e+23,-2.019833945619077e+23,-1.4549525507560136e+23,-8.74046386645609e+22,-4.921287214900908e+22
1833.0,-2.842960418185048e+23,-2.345277217995733e+23,-1.739063678776881e+23,-1.1341443766690673e+23,-7.4112563824286054e+22
1834.0,-2.897304034217453e+23,-2.398070498353126e+23,-1.786159022342053e+23,-1.1588138994953441e+23,-7.720856121072877e+22
1835.0,-2.8531963445177514e+23,-2.3863989790713654e+23,-1.7583194948087503e+23,-1.1340701145837225e+23,-7.284833662024492e+22
1836.0,-3.0026887444322043e+23,-2.4962126128298547e+23,-1.8712779361567782e+23,-1.2242139806042789e+23,-8.085443669314416e+22
1837.0,-3.0660171081499924e+23,-2.5441002010232262e+23,-1.894716581646242e+23,-1.2492010994680656e+23,-8.384844984303606e+22
1838.0,-3.026238835796379e+23,-2.5033169979277267e+23,-1.861353882856828e+23,-1.2144828318628996e+23,-7.964257620557682e+22
1839.0,-2.9679871802327843e+23,-2.451955020738485e+23,-1.7907098420497104e+23,-1.1467723292132247e+23,-7.22561980252115e+22
1840.0,-2.887155883278584e+23,-2.3811619395918304e+23,-1.73213516952939e+23,-1.0778672714941179e+23,-6.676757387350526e+22
1841.0,-2.826224998111708e+23,-2.3241845586757472e+23,-1.676724366630244e+23,-1.0388683235976185e+23,-6.025140345094364e+22
1842.0,-2.772377210385786e+23,-2.2780445977111883e+23,-1.6228712509657507e+23,-9.749112579858798e+22,-5.424945049993195e+22
1843.0,-2.7135887723688645e+23,-2.2392587966025228e+23,-1.5842591048686824e+23,-9.345970635704397e+22,-5.046795092969916e+22
1844.0,-2.6767446610244317e+23,-2.188001065934988e+23,-1.548318554382745e+23,-8.935473702138918e+22,-4.7777166696950775e+22
1845.0,-2.7060839229753537e+23,-2.1955773861310837e+23,-1.5538151740971868e+23,-9.009152107884277e+22,-4.56778114910287e+22
1846.0,-2.6849973860899728e+23,-2.1903587970114296e+23,-1.5438879978923538e+23,-8.771908895330942e+22,-4.431000256985736e+22
1847.0,-2.658328689184469e+23,-2.1569166986116104e+23,-1.5088462020797292e+23,-8.53061965820648e+22,-4.096044843110503e+22
1848.0,-2.632167675238188e+23,-2.1385023602634697e+23,-1.472129311939848e+23,-8.15035129856272e+22,-3.828802209770909e+22
1849.0,-2.6015585162015113e+23,-2.1012179836192766e+23,-1.4291812731052203e+23,-7.780906760279787e+22,-3.278428461040328e+22
1850.0,-2.5714403543275084e+23,-2.0781333839719888e+23,-1.3980974601482818e+23,-7.503202105354167e+22,-2.827151877330911e+22
1851.0,-2.5490870965700183e+23,-2.0272842160934944e+23,-1.351445630189271e+23,-7.166726386843419e+22,-2.4471788605286193e+22
1852.0,-2.4940382886541457e+23,-1.9847607658130905e+23,-1.318574839613255e+23,-6.740329605481845e+22,-1.9709045760881307e+22
1853.0,-2.4396823257268285e+23,-1.946967209563941e+23,-1.2774718904656232e+23,-6.475157572295037e+22,-1.3214793428120298e+22
1854.0,-2.4195831131963596e+23,-1.9276571917481796e+23,-1.2353022546953317e+23,-6.077615219112629e+22,-7.961574334609283e+21
1855.0,-2.3896803844164987e+23,-1.9069500562759402e+23,-1.1995232776865824e+23,-5.7700464552260814e+22,-5.964495276687331e+21
1856.0,-2.4474561779836176e+23,-1.948583569379744e+23,-1.2336750023787373e+23,-5.946682711274428e+22,-1.0291113548406267e+22
1857.0,-2.4581354979548503e+23,-1.950916613366615e+23,-1.2349313053268986e+23,-5.788311802928523e+22,-8.300820820786688e+21
1858.0,-2.424259113382255e+23,-1.935369100779866e+23,-1.215495563933561e+23,-5.5207058439729645e+22,-6.770658007825985e+21
1859.0,-2.3967565769555228e+23,-1.9103152846788582e+23,-1.1835196522308743e+23,-5.198853266331211e+22,-4.209104208805095e+21
1860.0,-2.3769165233570873e+23,-1.8648337122292428e+23,-1.1508306718055572e+23,-4.724460006321789e+22,-2.0459683391793686e+21
1861.0,-2.3378472252844875e+23,-1.8287218860302857e+23,-1.1105931248996236e+23,-4.409965639637819e+22,3.1499271661452714e+21
1862.0,-2.3441333080879834e+23,-1.8030006819221478e+23,-1.0903524342236825e+23,-4.366164153200146e+22,5.436707698909604e+21
1863.0,-2.347216655123521e+23,-1.7892932575067708e+23,-1.0721906880496329e+23,-4.167341682423937e+22,7.355939384649537e+21
1864.0,-2.451344506082388e+23,-1.8948069028128736e+23,-1.1663409432896035e+23,-5.01336033727708e+22,-9.146768573487953e+20
1865.0,-2.508540657263986e+23,-1.9371894509134996e+23,-1.2076671405382772e+23,-5.213004794321102e+22,-6.218146560662485e+21
1866.0,-2.518462242899109e+23,-1.9160335759439705e+23,-1.1840619534302898e+23,-5.031034732995555e+22,-3.6095754353781627e+21
1867.0,-2.461507111608055e+23,-1.8950421221700833e+23,-1.1522979154508085e+23,-4.838024625185319e+22,2.1482393331382265e+20
1868.0,-2.4317155617707344e+23,-1.851459371598002e+23,-1.1105911519016324e+23,-4.413345382232521e+22,4.02152499329454e+21
1869.0,-2.402581819233045e+23,-1.823029048451087e+23,-1.0784123055905385e+23,-3.956410989205907e+22,8.374273115239678e+21
1870.0,-2.378065739445871e+23,-1.7643366959539285e+23,-1.0296152349451967e+23,-3.553397927397543e+22,1.3275399884408797e+22
1871.0,-2.3488871157325787e+23,-1.720300106849452e+23,-9.929854248384967e+22,-3.2301266886476597e+22,1.8137950563017398e+22
1872.0,-2.291702572897916e+23,-1.6929862352404975e+23,-9.467241256417198e+22,-2.8467720648209186e+22,2.2537679921943604e+22
1873.0,-2.272803298150533e+23,-1.651317284226845e+23,-9.050022973711542e+22,-2.426042737630372e+22,2.702883229669466e+22
1874.0,-2.2856799128649178e+23,-1.6426014522581092e+23,-8.889653612631533e+22,-2.194593712316257e+22,2.922780799241455e+22
1875.0,-2.2624162583762316e+23,-1.6265320983015008e+23,-8.578560208359735e+22,-1.73778952800111e+22,3.257442873654007e+22
1876.0,-2.2372465335220026e+23,-1.5880105865065695e+23,-8.222319610503646e+22,-1.4750812707466026e+22,3.844982349769571e+22
1877.0,-2.2103257405668857e+23,-1.5626459748466633e+23,-7.967905092982436e+22,-1.1432706153898513e+22,4.117316840173137e+22
1878.0,-2.1968448813199407e+23,-1.5396612936632617e+23,-7.76303442227667e+22,-8.411995205859513e+21,4.283628566707227e+22
1879.0,-2.17117877924333e+23,-1.5125904468194104e+23,-7.450043786098328e+22,-5.187723470399888e+21,4.472809548068276e+22
1880.0,-2.1556011657296147e+23,-1.4942711209524292e+23,-7.1543485651539575e+22,-1.2042326198345322e+21,5.072511365695042e+22
1881.0,-2.1379100677738368e+23,-1.470862340148486e+23,-7.099173259614801e+22,-3.9356944981431904e+20,5.4791203348403836e+22
1882.0,-2.126594504665963e+23,-1.4393796400520725e+23,-6.7482727283796325e+22,2.7086004217481454e+21,5.76650014507518e+22
1883.0,-2.0927149546017177e+23,-1.4163293065584984e+23,-6.422889771637183e+22,5.90269546297384e+21,6.29213446677778e+22
1884.0,-2.1377903356139494e+23,-1.4491383461924108e+23,-6.892881340902586e+22,6.48489760932035e+20,5.894716073395873e+22
1885.0,-2.4251859425392068e+23,-1.73479352365773e+23,-9.441993689100727e+22,-2.3331538119021017e+22,3.36599407911608e+22
1886.0,-2.527512489896815e+23,-1.815898203267591e+23,-1.0198620767146967e+23,-2.966224838773273e+22,2.5355811160582953e+22
1887.0,-2.533914563420478e+23,-1.8206391411557425e+23,-1.0244566482556768e+23,-2.8264286088191065e+22,2.7285516594881524e+22
1888.0,-2.5412919831439483e+23,-1.8066596147812706e+23,-1.0013202314139603e+23,-2.642521243628879e+22,2.976253534046808e+22
1889.0,-2.529033508017284e+23,-1.7576684188561674e+23,-9.6929882233036e+22,-2.306518688285874e+22,3.46045755829087e+22
1890.0,-2.483712200629001e+23,-1.722331453818383e+23,-9.337697695456798e+22,-1.7951969220615171e+22,3.8793148972671424e+22
1891.0,-2.4514174341587257e+23,-1.7206053672134273e+23,-9.18739730731827e+22,-1.4762577351208524e+22,4.027193889383046e+22
1892.0,-2.4821210810844404e+23,-1.7444839858222502e+23,-9.2156567308828e+22,-1.2787694781544295e+22,4.01713161382518e+22
1893.0,-2.443306264053373e+23,-1.7252041746448816e+23,-9.14413248208494e+22,-1.1730772363895007e+22,4.1124602609786935e+22
1894.0,-2.4190892452776683e+23,-1.6749937520745395e+23,-8.744411951586181e+22,-6.062431251226846e+21,4.352820068012974e+22
1895.0,-2.3898768399986092e+23,-1.624725770583831e+23,-8.39089041911101e+22,-1.6478947120142116e+20,5.168585682530177e+22
1896.0,-2.3512620764248012e+23,-1.5793093646993483e+23,-7.937483955363808e+22,3.939625017998841e+21,5.774509006926014e+22
1897.0,-2.3124560427537523e+23,-1.5507602957940798e+23,-7.56061477655137e+22,7.980347798845677e+21,6.335295389104794e+22
1898.0,-2.2773007154047573e+23,-1.5391375183955934e+23,-7.228915808871279e+22,1.2188198976456862e+22,6.688668492827017e+22
1899.0,-2.252117002611491e+23,-1.520719625316687e+23,-6.932071174377299e+22,1.5288150993961008e+22,7.036118586863372e+22
1900.0,-2.217514985347915e+23,-1.5073481477684666e+23,-6.53569028728515e+22,1.7589253206926284e+22,7.231976325774937e+22
1901.0,-2.1864253224909056e+23,-1.4799620498502602e+23,-6.233314586546773e+22,2.076581370410125e+22,7.518004054694895e+22
1902.0,-2.182346484860413e+23,-1.4638780829957405e+23,-5.969938241079316e+22,2.465758383653725e+22,7.929611582078692e+22
1903.0,-2.1925909721625086e+23,-1.4632317092593413e+23,-6.1085014450044085e+22,2.638440490260564e+22,8.057159411153304e+22
1904.0,-2.3099682036730318e+23,-1.5616533967984917e+23,-7.242386936948543e+22,1.611880614052523e+22,7.262648026614606e+22
1905.0,-2.3293909665427443e+23,-1.602118304167227e+23,-7.348922724694147e+22,1.449910588965543e+22,6.976634595428779e+22
1906.0,-2.32851956025916e+23,-1.5847034547329322e+23,-7.114089342859503e+22,1.7922393874229115e+22,7.46533851857904e+22
1907.0,-2.27954862556619e+23,-1.5547604632636862e+23,-6.682665600185272e+22,2.282992476891555e+22,7.978456144857636e+22
1908.0,-2.3002080191625593e+23,-1.5461447686273422e+23,-6.550928302815634e+22,2.5182184498616626e+22,8.07268542937587e+22
1909.0,-2.2640200876209235e+23,-1.5204580357534103e+23,-6.195904055234928e+22,2.8074978050111825e+22,8.508054885605927e+22
1910.0,-2.2354831608425386e+23,-1.4987164334044107e+23,-5.824085972647979e+22,3.1181017444533175e+22,9.037225613048755e+22
1911.0,-2.2261153012499198e+23,-1.4524078494933086e+23,-5.41565132680217e+22,3.4421130225837282e+22,9.361044996688254e+22
1912.0,-2.1889734084657722e+23,-1.4317998950960909e+23,-5.119990605999022e+22,3.8823068444202245e+22,9.712288105719602e+22
1913.0,-2.2415760038845356e+23,-1.4975587266243986e+23,-5.577733313095958e+22,3.4005612581861944e+22,9.337424951647137e+22
1914.0,-2.27311252227714e+23,-1.5400617768617582e+23,-5.837328716593079e+22,3.0028743317085498e+22,9.05056133432822e+22
1915.0,-2.2590453371922943e+23,-1.5433642435461665e+23,-5.700027783817831e+22,3.2844836121756435e+22,9.35372752338242e+22
1916.0,-2.2382374547720134e+23,-1.5071792824110426e+23,-5.258777103520191e+22,3.863581468482566e+22,1.0005693979701357e+23
1917.0,-2.222588619048974e+23,-1.4482203634698054e+23,-4.60568550379583e+22,4.402781858315781e+22,1.0506448336284786e+23
1918.0,-2.1953021520591186e+23,-1.4027322992777733e+23,-4.146493875430568e+22,4.906240728765168e+22,1.0864277736449321e+23
1919.0,-2.1631987035491682e+23,-1.3671096720495324e+23,-3.6397998823647134e+22,5.434956846786184e+22,1.1423160980224498e+23
1920.0,-2.121809198703177e+23,-1.3267067419145302e+23,-3.2434598518249243e+22,5.92572466598683e+22,1.1738165416200551e+23
1921.0,-2.0873951414604835e+23,-1.2870283585488565e+23,-2.8970109650425285e+22,6.372774359891322e+22,1.2323915012003268e+23
1922.0,-2.038908203608298e+23,-1.2478941475720019e+23,-2.4548146035305277e+22,6.851799655813012e+22,1.2919905074184064e+23
1923.0,-2.0119544784157765e+23,-1.2282666810559077e+23,-2.251101460034363e+22,7.066298683164497e+22,1.328551658897205e+23
1924.0,-2.0219301171796873e+23,-1.2242513804291063e+23,-2.0341781287497384e+22,7.2767181380833686e+22,1.3832292664786233e+23
1925.0,-2.0138499997840677e+23,-1.1840157590438309e+23,-1.7715557282641982e+22,7.772557852050535e+22,1.4236702723402862e+23
1926.0,-1.960160250647528e+23,-1.1599001649254698e+23,-1.330238081857892e+22,8.318520762033354e+22,1.4401973255448045e+23
1927.0,-1.9222481452095976e+23,-1.1152343504189987e+23,-9.432710758196016e+21,8.834387526111672e+22,1.4934916038519836e+23
1928.0,-1.8693897563551268e+23,-1.0728490023988381e+23,-4.834260734187303e+21,9.402761444545686e+22,1.5506224721819728e+23
1929.0,-1.848475370928936e+23,-1.0388101776918316e+23,-6.778566264293669e+20,9.889454837164658e+22,1.6077999994162716e+23
1930.0,-1.8469983123783886e+23,-1.0399305184087543e+23,-3.506739747371414e+20,1.007877292544731e+23,1.617358816776805e+23
1931.0,-1.8341554192528368e+23,-9.913308430465941e+22,4.864185146235742e+21,1.0546954054004626e+23,1.65592135859321e+23
1932.0,-1.770486398207163e+23,-9.421324541486166e+22,8.91193038251058e+21,1.1214390690986511e+23,1.7207784523472785e+23
1933.0,-1.7692056617294883e+23,-9.288481446098755e+22,1.015531876401264e+22,1.1465666317506371e+23,1.7533605150771717e+23
1934.0,-1.735307063315114e+23,-8.752000095179119e+22,1.4234041634180624e+22,1.1823579369100534e+23,1.787256456508832e+23
1935.0,-1.7018456874957456e+23,-8.428256529405749e+22,1.8656773328210544e+22,1.232657855892579e+23,1.845401233774458e+23
1936.0,-1.6880545606861556e+23,-8.184983536510122e+22,2.3181405924409395e+22,1.2776218341202776e+23,1.883497009594544e+23
1937.0,-1.644303989560845e+23,-7.682758462072642e+22,2.7942531305383343e+22,1.322831575428473e+23,1.9459560202041117e+23
1938.0,-1.5894092951458197e+23,-7.282884844715342e+22,3.3291666835588187e+22,1.3664641578658012e+23,1.9980444892027832e+23
1939.0,-1.5494490017004643e+23,-6.92467031624391e+22,3.901884760578186e+22,1.4095534975235608e+23,2.0725688225427137e+23
1940.0,-1.5063765864471634e+23,-6.555057953377671e+22,4.270195780222432e+22,1.4538320695118846e+23,2.1338304176546596e+23
1941.0,-1.4924921887735924e+23,-6.224364995127803e+22,4.7290942659312535e+22,1.4928846871325162e+23,2.1741626775064584e+23
1942.0,-1.4667171874668008e+23,-5.856187740936338e+22,5.172577390458366e+22,1.5606279272382148e+23,2.191522130464185e+23
1943.0,-1.4547579078027312e+23,-5.6203217364017595e+22,5.506332366332178e+22,1.6102228334450525e+23,2.2327198141242563e+23
1944.0,-1.4300623585069934e+23,-5.3468532350000376e+22,5.93428158119022e+22,1.6545912444392353e+23,2.272666663218207e+23
1945.0,-1.4290402426121239e+23,-5.061197170425305e+22,6.244101353696172e+22,1.7093075337987292e+23,2.3230976256631084e+23
1946.0,-1.382147169296758e+23,-4.568729043636286e+22,6.7375025760675815e+22,1.7788649688970054e+23,2.378334803840436e+23
1947.0,-1.3428424229949885e+23,-3.975449452671216e+22,7.320857286002186e+22,1.8181084041507905e+23,2.4383838227631036e+23
1948.0,-1.2935969096224894e+23,-3.4272656236547553e+22,7.859945159589852e+22,1.8865515921447034e+23,2.501104177675413e+23
1949.0,-1.2482740577002835e+23,-2.915137642780965e+22,8.315935476387204e+22,1.940352441810097e+23,2.575556442102796e+23
1950.0,-1.1892994108583507e+23,-2.4584227833638558e+22,8.91761427614449e+22,2.0082443013825432e+23,2.6434223394819373e+23
1951.0,-1.1552504640602427e+23,-2.0466309176061113e+22,9.311828658855148e+22,2.0600465505652056e+23,2.7218725680982372e+23
1952.0,-1.113552366810554e+23,-1.8054823013500513e+22,9.78470705672747e+22,2.105208255424107e+23,2.7890922178284132e+23
1953.0,-1.0808375102665401e+23,-1.2990949087113055e+22,1.0227491847399196e+23,2.1282459132790833e+23,2.8262050343003906e+23
1954.0,-1.0355650343290993e+23,-7.837732860482457e+21,1.0571180493495295e+23,2.1657978791683656e+23,2.8316441901133405e+23
1955.0,-1.0092605661285355e+23,-3.159810126985239e+21,1.1012058474025024e+23,2.217501518775087e+23,2.8789851309700382e+23
1956.0,-9.657929001891257e+22,7.657722652537527e+20,1.1352131544043317e+23,2.2676723646997175e+23,2.9671076188402456e+23
1957.0,-9.426904835084445e+22,6.034660184891052e+21,1.1874833170125381e+23,2.322026667936865e+23,3.0173827235514512e+23
1958.0,-9.01621106997662e+22,9.849683760606737e+21,1.244542650323039e+23,2.3864620383546086e+23,3.087147657192882e+23
1959.0,-8.567118500183325e+22,1.408985347646609e+22,1.2987306581483776e+23,2.4324434290450967e+23,3.146088852467512e+23
1960.0,-8.137895300310368e+22,1.9189638379038474e+22,1.3457178691708965e+23,2.4934752644987806e+23,3.208573180287984e+23
1961.0,-7.3294581855684145e+22,2.578754032054906e+22,1.3964931299374842e+23,2.5606521098167324e+23,3.2802344485350135e+23
1962.0,-6.902611107849205e+22,3.0142840836261736e+22,1.4386805493076095e+23,2.6140431275512627e+23,3.343559949937732e+23
1963.0,-6.6917188113774745e+22,3.137957173000506e+22,1.4427123239459967e+23,2.6380879708621758e+23,3.362404105297615e+23
1964.0,-7.922048702905353e+22,1.9315694455258102e+22,1.3339930163181168e+23,2.5395596359100265e+23,3.264298110374578e+23
1965.0,-8.843343969775823e+22,1.2622507305495939e+22,1.276433670116191e+23,2.487349974114574e+23,3.217054100657916e+23
1966.0,-9.254606713121251e+22,1.1737727180897866e+22,1.2630580029215664e+23,2.4845155216329603e+23,3.2347582181245126e+23
1967.0,-8.699767291913352e+22,1.7926211432816614e+22,1.3068594439350058e+23,2.5494208648090824e+23,3.3177612500719855e+23
1968.0,-8.305032753997183e+22,2.114212719854435e+22,1.3310571230880046e+23,2.5617066399963856e+23,3.367098105306156e+23
1969.0,-8.089644641922438e+22,2.434698716916096e+22,1.3685665125372121e+23,2.6358381609758733e+23,3.409522615350809e+23
1970.0,-7.580117062215134e+22,2.804288189064247e+22,1.4269087895804596e+23,2.686623910223526e+23,3.4744829076469264e+23
1971.0,-7.1885554045925034e+22,3.1432206034523604e+22,1.4693333127117438e+23,2.738695503706735e+23,3.517246576203696e+23
1972.0,-6.847885858194755e+22,3.203027435153415e+22,1.499161949716274e+23,2.7617517395334527e+23,3.556250427362879e+23
1973.0,-6.7609164686363734e+22,3.3789421767826596e+22,1.5467619881014304e+23,2.7972915071887222e+23,3.62325884897534e+23
1974.0,-6.382162971164689e+22,3.953693269435192e+22,1.616307896552805e+23,2.854269907770586e+23,3.697909838580959e+23
1975.0,-6.034642626216253e+22,4.437593808407401e+22,1.6654907019761632e+23,2.8830082601779563e+23,3.7484396362419614e+23
1976.0,-5.8926834361687725e+22,4.758805104930568e+22,1.6796321432171614e+23,2.9087152987704587e+23,3.774436704023218e+23
1977.0,-5.366979022914684e+22,5.158619628452793e+22,1.738818588172707e+23,2.9769039058516286e+23,3.8379523764915624e+23
1978.0,-4.738536419862137e+22,5.648363345954297e+22,1.7968678841782152e+23,3.058135305666986e+23,3.915155770520414e+23
1979.0,-3.868511811080764e+22,6.566366883245971e+22,1.8770867082516353e+23,3.143285518327762e+23,3.987703891613183e+23
1980.0,-3.154262007454278e+22,7.2256182126516975e+22,1.9764155889730794e+23,3.235165886708609e+23,4.0932894007079035e+23
1981.0,-2.324790168133447e+22,7.91367197221368e+22,2.0381534689502937e+23,3.307835943571248e+23,4.220305992097909e+23
1982.0,-1.6805469207042028e+22,8.657652084666659e+22,2.1059814655003562e+23,3.391026697057597e+23,4.304913795934525e+23
1983.0,-1.1265151013408228e+22,8.733642254344414e+22,2.1388301598575652e+23,3.4203467758160766e+23,4.3521724565338795e+23
1984.0,-1.9334075797683195e+22,8.309976322084975e+22,2.1117590240068732e+23,3.405248230386636e+23,4.3099861440600835e+23
1985.0,-2.0003332978801285e+22,8.713284626775984e+22,2.153041454684031e+23,3.456984847936975e+23,4.349603281402873e+23
1986.0,-1.288361652474144e+22,9.31836651818056e+22,2.2410580560666372e+23,3.5400204692829404e+23,4.459925148538734e+23
1987.0,-6.967630519637102e+21,9.897173966332061e+22,2.3103723082032607e+23,3.623613601932195e+23,4.547174663809178e+23
1988.0,8.454997505807292e+20,1.0611565720994997e+23,2.4012925058892043e+23,3.7192735530141624e+23,4.647389024039364e+23
1989.0,1.1251552213247547e+22,1.1626923959364191e+23,2.502824548429405e+23,3.824084241307122e+23,4.739673552397448e+23
1990.0,2.5173814356902393e+22,1.2791311085114259e+23,2.6081917487281224e+23,3.95035974051247e+23,4.8632526871107047e+23
1991.0,3.5103564738864525e+22,1.3691654726368578e+23,2.7090096601466803e+23,4.076366219760689e+23,4.978919275824808e+23
1992.0,2.9734071612394005e+22,1.3552026381950601e+23,2.725601704251335e+23,4.084772892475556e+23,5.0054414015543404e+23
1993.0,1.484516823578742e+22,1.1772988756960263e+23,2.551957669258711e+23,3.930400075628417e+23,4.829818485345173e+23
1994.0,1.5561318382651373e+22,1.1895577423082206e+23,2.5698438660537716e+23,3.9408470424752734e+23,4.8530421769207e+23
1995.0,2.3545740372044348e+22,1.2901084427481538e+23,2.6593053472047897e+23,4.047669414720876e+23,4.922438041755014e+23
1996.0,3.527678153536598e+22,1.4067355212875593e+23,2.796309409111893e+23,4.183380481605201e+23,5.058240830692809e+23
1997.0,4.899829066771039e+22,1.5299642754179386e+23,2.9319355522936887e+23,4.3105430466767035e+23,5.183234605838818e+23
1998.0,5.77739380365771e+22,1.6038954410075254e+23,3.059817728363726e+23,4.432773225393286e+23,5.3343463819346436e+23
1999.0,6.627894481918297e+22,1.7123411905813264e+23,3.174099394234623e+23,4.5634801362463476e+23,5.4587534755990525e+23
2000.0,8.088615459379705e+22,1.8541826211983355e+23,3.308255977861267e+23,4.722482606406362e+23,5.648066415573219e+23
2001.0,9.756282951893761e+22,2.0274881194567068e+23,3.464899372335278e+23,4.862616182685208e+23,5.8557873319347996e+23
2002.0,1.1251976123544389e+23,2.171957874459012e+23,3.637251264182543e+23,5.0024351829580866e+23,6.0170031655884973e+23
2003.0,1.2498267327250732e+23,2.300132167014782e+23,3.78378709387479e+23,5.141084847492813e+23,6.163397765919291e+23
2004.0,1.364088882761142e+23,2.41381114847463e+23,3.89452896693446e+23,5.273210687816508e+23,6.312133298288318e+23
2005.0,1.4750761082097696e+23,2.5339096585142927e+23,4.014551464602769e+23,5.4021074207892055e+23,6.491344058364285e+23
2006.0,1.5832910616738963e+23,2.6508596214244588e+23,4.131098272776603e+23,5.533725422274783e+23,6.62465190452717e+23
2007.0,1.6911922961631055e+23,2.7513733244339887e+23,4.263310126311758e+23,5.659769441758205e+23,6.747570837499505e+23
2008.0,1.8040352583420348e+23,2.8756125710365577e+23,4.390815368885793e+23,5.799507046498462e+23,6.90298876592307e+23
2009.0,1.9112816608241683e+23,2.9855483154044206e+23,4.509704844805093e+23,5.9492135234551725e+23,7.061220927396806e+23
2010.0,2.031974783201565e+23,3.1246387787162595e+23,4.643308709749711e+23,6.086991811074105e+23,7.197483208284962e+23
2011.0,2.1679855817266303e+23,3.248913103067738e+23,4.785322147889747e+23,6.21783335742376e+23,7.334162559992041e+23
2012.0,2.3095783839119716e+23,3.3823979307354815e+23,4.912581595022614e+23,6.367048188378725e+23,7.486315354109613e+23
2013.0,2.4504937313775795e+23,3.5257231209391655e+23,5.0506509659340905e+23,6.525732002447016e+23,7.634807799886673e+23
2014.0,2.6135829621775282e+23,3.6760267323359317e+23,5.2225524964960186e+23,6.69284359543421e+23,7.747986818632253e+23
2015.0,2.7722065772498547e+23,3.829234021171273e+23,5.386608902433159e+23,6.863677832809655e+23,7.911467769060033e+23
2016.0,2.8904421060106278e+23,3.975421657649069e+23,5.548199453456427e+23,7.001412929911657e+23,8.090578632856819e+23
2017.0,3.053851831225732e+23,4.1312497855970754e+23,5.695266501653306e+23,7.175035249683024e+23,8.27996388914795e+23
2018.0,3.1879370386976865e+23,4.281866049039551e+23,5.8626681384705415e+23,7.349344845192046e+23,8.48572433156415e+23
2019.0,3.322807097065555e+23,4.414717882177408e+23,6.027712937815852e+23,7.519686216451147e+23,8.671013780290643e+23
2020.0,3.405877509246897e+23,4.534533456453052e+23,6.154986176375834e+23,7.693107581584869e+23,8.797335740725439e+23
2021.0,3.561226201531203e+23,4.6980791243957006e+23,6.310442486476371e+23,7.87091608125002e+23,8.946618298695717e+23
2022.0,3.692730908539757e+23,4.829124484804454e+23,6.47958760646118e+23,8.040828495136751e+23,9.15442050156276e+23
2023.0,3.913486649427688e+23,4.9787956319377065e+23,6.649489606530604e+23,8.238181744818164e+23,9.387581795692522e+23
2024.0,4.072718847975252e+23,5.147605009584642e+23,6.841725218170945e+23,8.417332042937444e+23,9.634860934800885e+23
2025.0,4.211155753454989e+23,5.296625636650908e+23,7.022184899364346e+23,8.596081058586911e+23,9.832181392405208e+23
2026.0,4.388918748875646e+23,5.4477385236292726e+23,7.20246022830244e+23,8.775364415452723e+23,9.987525051654115e+23
2027.0,4.542417261232809e+23,5.6210786073540375e+23,7.358298235769246e+23,8.943424369020067e+23,1.0143507742099075e+24
2028.0,4.700591783962932e+23,5.7706262647775535e+23,7.513095301047759e+23,9.134258368447495e+23,1.0319260582192504e+24
2029.0,4.8556494842784356e+23,5.920732626002629e+23,7.688082505716189e+23,9.317358661741499e+23,1.0544763368291762e+24
2030.0,5.0563609694280376e+23,6.09879112207699e+23,7.844757726568039e+23,9.502376423311106e+23,1.073328093014121e+24
2031.0,5.176858611874311e+23,6.290564621713283e+23,8.008240320699424e+23,9.697006941793233e+23,1.0912447555845222e+24
2032.0,5.284991819438775e+23,6.422280078657432e+23,8.185102337055286e+23,9.888529985415228e+23,1.1095213421345562e+24
2033.0,5.415252339221943e+23,6.61288521963878e+23,8.351832747574595e+23,1.0104124923652229e+24,1.1290670389715485e+24
2034.0,5.582239939241079e+23,6.75673207622242e+23,8.552058497838789e+23,1.0297071010020725e+24,1.150040956866992e+24
2035.0,5.738036384834236e+23,6.940653275494764e+23,8.752144163531215e+23,1.0513102874946751e+24,1.1700420511997142e+24
2036.0,5.890601173621776e+23,7.113753487297222e+23,8.941558522391522e+23,1.070534449501623e+24,1.1906590665911835e+24
2037.0,6.027836861926359e+23,7.310459466053127e+23,9.135579480978488e+23,1.0933244829914972e+24,1.2133161314466348e+24
2038.0,6.140473689758607e+23,7.473980647605956e+23,9.337122232807521e+23,1.1131508555430122e+24,1.2336297945669447e+24
2039.0,6.274333452837565e+23,7.632689442316326e+23,9.513461844320954e+23,1.1333764868800571e+24,1.256388891693588e+24
2040.0,6.428082516056295e+23,7.812029204170144e+23,9.723394855985597e+23,1.153769436199359e+24,1.278696897599538e+24
2041.0,6.57106956728445e+23,7.968022142048948e+23,9.894653593821696e+23,1.1735615838726471e+24,1.3016503740990865e+24
2042.0,6.760964184697602e+23,8.130299447674016e+23,1.0079902562793873e+24,1.1912610369266384e+24,1.323284360883821e+24
2043.0,6.920062452841096e+23,8.310099540079492e+23,1.0257787834662979e+24,1.210442353903999e+24,1.344352198745404e+24
2044.0,7.058634962848946e+23,8.478989743606634e+23,1.0444647785283275e+24,1.2302210613117978e+24,1.367777464207809e+24
2045.0,7.215701523327755e+23,8.644952858221839e+23,1.0642117774610858e+24,1.2538433641007043e+24,1.3906106782460802e+24
2046.0,7.372491047373445e+23,8.825939073416454e+23,1.0831529778856642e+24,1.2768753432292525e+24,1.4116525494283844e+24
2047.0,7.55135056786462e+23,8.972369065830025e+23,1.1066851824880504e+24,1.2985510979565064e+24,1.4321276389527896e+24
2048.0,7.706870525101523e+23,9.178740162958792e+23,1.1301312955285786e+24,1.321373206543237e+24,1.4575809850017495e+24
2049.0,7.882525074867339e+23,9.380267265378299e+23,1.151888113591727e+24,1.344971115450251e+24,1.4824041350832033e+24
2050.0,8.05883568360595e+23,9.552941906139543e+23,1.174700259794576e+24,1.3726332633022605e+24,1.5063033888667656e+24
2051.0,8.243796856041271e+23,9.733793685032796e+23,1.1935506376716253e+24,1.3974782126663894e+24,1.5307593225606014e+24
2052.0,8.419812653534573e+23,9.907913458105581e+23,1.2130057531140594e+24,1.420535652460504e+24,1.5582673899689112e+24
2053.0,8.604987227249039e+23,1.007742464597889e+24,1.2318922165107783e+24,1.4446525088103023e+24,1.5854016254289616e+24
2054.0,8.757717881956363e+23,1.0271103109772658e+24,1.2517680768795844e+24,1.467043175237685e+24,1.608597356747225e+24
2055.0,8.933747438000023e+23,1.0458841055537691e+24,1.2705950979155663e+24,1.488414579692889e+24,1.6303546346166017e+24
2056.0,9.083353696149545e+23,1.0617236220240402e+24,1.291356286279475e+24,1.515824295319267e+24,1.6568877945759872e+24
2057.0,9.249429069781098e+23,1.0844402945399785e+24,1.3133190011212773e+24,1.5424835663691668e+24,1.6837995954649667e+24
2058.0,9.47161253542069e+23,1.1045455513178527e+24,1.3367736041997013e+24,1.5668161429650607e+24,1.7130519358905957e+24
2059.0,9.692474236244963e+23,1.1250183395094465e+24,1.3566694107331402e+24,1.593319468955254e+24,1.7405307835992065e+24
2060.0,9.831276165583314e+23,1.1456530887948645e+24,1.3768743058731015e+24,1.619592223493386e+24,1.7721330399138784e+24
2061.0,1.0000955361723807e+24,1.1661164240742622e+24,1.3991827016019917e+24,1.643068513523875e+24,1.7990243241026352e+24
2062.0,1.0153147033625139e+24,1.1832817934943712e+24,1.4212953997577675e+24,1.6666573158045525e+24,1.8257377233347572e+24
2063.0,1.0283837040629907e+24,1.2011133206318851e+24,1.4444421951245416e+24,1.6929850429799419e+24,1.852413464637514e+24
2064.0,1.0479595375897924e+24,1.2213203757169444e+24,1.464856374816067e+24,1.7171062229957926e+24,1.8771305678015171e+24
2065.0,1.0682873184200739e+24,1.2392506460736743e+24,1.489145948847943e+24,1.7430951774302062e+24,1.9039356937761064e+24
2066.0,1.0796104418260679e+24,1.2578109267581475e+24,1.51427350817145e+24,1.7707821548758762e+24,1.932222265693718e+24
2067.0,1.0912356543459596e+24,1.278659002203325e+24,1.535443110996605e+24,1.7998924995330529e+24,1.9606301661121958e+24
2068.0,1.1053289737112383e+24,1.3012448099355976e+24,1.559418834689463e+24,1.8302633746061117e+24,1.9886670589819974e+24
2069.0,1.1234145623936441e+24,1.3245913292501055e+24,1.5801213578340414e+24,1.8596913286483542e+24,2.022264358972073e+24
2070.0,1.1425748667144321e+24,1.3428375356571724e+24,1.6056655899447666e+24,1.8891272307703013e+24,2.0537199697397456e+24
2071.0,1.1635422910134934e+24,1.366335855184791e+24,1.631061292760048e+24,1.9187545586043695e+24,2.0813820413566708e+24
2072.0,1.1764572478264757e+24,1.3865251720790422e+24,1.6552693844439266e+24,1.9462045005095312e+24,2.1091817275937244e+24
2073.0,1.1985399678118269e+24,1.4058670798141818e+24,1.6785037502803046e+24,1.972268967282628e+24,2.1445391558147427e+24
2074.0,1.2139776721689982e+24,1.4270726013490002e+24,1.7010701431134156e+24,1.9980649150072931e+24,2.1739855523223505e+24
2075.0,1.2284841508561857e+24,1.446612405103e+24,1.7223624334724433e+24,2.0271280942845147e+24,2.2041186123739494e+24
2076.0,1.2417347789381423e+24,1.4662402991838954e+24,1.7438887125794419e+24,2.054272110163944e+24,2.2343479412402717e+24
2077.0,1.2564993411080935e+24,1.4856004168068424e+24,1.7698197891504184e+24,2.0826201725195714e+24,2.2654355508895628e+24
2078.0,1.2744265055098752e+24,1.5039937051589908e+24,1.793887820944265e+24,2.1102268563363825e+24,2.2973598991631173e+24
2079.0,1.2909450853053727e+24,1.5238764753315166e+24,1.8191608749373419e+24,2.1371171916938704e+24,2.3273021490987053e+24
2080.0,1.310612712440923e+24,1.5450050567968323e+24,1.8429787746780133e+24,2.1668059824823998e+24,2.361482514320034e+24
2081.0,1.32788882368785e+24,1.564714694390996e+24,1.8663360368859144e+24,2.1988802800761218e+24,2.3960430689813994e+24
2082.0,1.3445870624007132e+24,1.5889633011280437e+24,1.8879437820002725e+24,2.223689615822258e+24,2.431504702850858e+24
2083.0,1.366717449426098e+24,1.6116406408831934e+24,1.910878910135675e+24,2.252731677934015e+24,2.465128309308358e+24
2084.0,1.3830036159833722e+24,1.6301111050329135e+24,1.9348304393273787e+24,2.2833569468947374e+24,2.499936138779787e+24
2085.0,1.403215354675141e+24,1.6500570329483344e+24,1.957522897141402e+24,2.3150239490395314e+24,2.533901953986269e+24
2086.0,1.4243132411927e+24,1.666095506519294e+24,1.9828429501835057e+24,2.3446986010454216e+24,2.565877246412494e+24
2087.0,1.4396821088735524e+24,1.6834052768055577e+24,2.0090653030992122e+24,2.3706946619046715e+24,2.598960619315245e+24
2088.0,1.4521369961774666e+24,1.7046396130120577e+24,2.0315525254614751e+24,2.397595264875132e+24,2.632315776994954e+24
2089.0,1.46508333580775e+24,1.7223703266125777e+24,2.0518708674029317e+24,2.4255007808649937e+24,2.663983130246147e+24
2090.0,1.4838384172589607e+24,1.7437368062653448e+24,2.0749440491514093e+24,2.454523060191135e+24,2.6943265922602273e+24
2091.0,1.504577639948325e+24,1.7608689687124058e+24,2.0980847989589186e+24,2.4847849970869553e+24,2.72898704506191e+24
2092.0,1.526533087179447e+24,1.7829875981590133e+24,2.1245201839229602e+24,2.5124046752889444e+24,2.760666433996223e+24
2093.0,1.542765603380893e+24,1.8037053957333387e+24,2.1493879334495656e+24,2.5406431691787514e+24,2.7979041536505085e+24
2094.0,1.563762322282775e+24,1.8218224746979908e+24,2.1749360862108488e+24,2.5684075252246644e+24,2.8321723769579725e+24
2095.0,1.5792881970654273e+24,1.842650795927225e+24,2.199838889058828e+24,2.5983624454204325e+24,2.8655511337542655e+24
2096.0,1.5862834228174881e+24,1.8617470731202712e+24,2.2203925373756098e+24,2.625681714224358e+24,2.899016851012366e+24
2097.0,1.6020734179093145e+24,1.8791928475043016e+24,2.2434469692558006e+24,2.6550889364343436e+24,2.931248787601566e+24
2098.0,1.616312884902223e+24,1.8986319385641082e+24,2.2647291146224556e+24,2.6847652612842386e+24,2.9671654460234306e+24
2099.0,1.6295317341489625e+24,1.9147504885374176e+24,2.287250822793419e+24,2.7131195644159804e+24,3.000856134650618e+24
2100.0,1.6449090399965518e+24,1.9352599536324437e+24,2.3103296753346878e+24,2.740813807631416e+24,3.0325033027927254e+24
2101.0,1.6603211000566636e+24,1.954026428057455e+24,2.3355645153946883e+24,2.7683534580212794e+24,3.0674537650086554e+24
2102.0,1.677578406807017e+24,1.9705235643579733e+24,2.35803522379366e+24,2.7974953868676603e+24,3.1088200881535306e+24
2103.0,1.6936421547230185e+24,1.9886944940809064e+24,2.3788514109494452e+24,2.825844468861048e+24,3.1444145031013416e+24
2104.0,1.711762125979428e+24,2.006935841199529e+24,2.406006284709749e+24,2.858144766026967e+24,3.177682949244084e+24
2105.0,1.7308175712124744e+24,2.023937889101079e+24,2.4292232768268106e+24,2.886987969873637e+24,3.210362195590999e+24
2106.0,1.742389754241439e+24,2.0405204936844964e+24,2.4534006206424646e+24,2.9166853772280605e+24,3.244709979023921e+24
2107.0,1.7528650773239605e+24,2.0561336866349018e+24,2.477942816234682e+24,2.944429867892445e+24,3.27706908482517e+24
2108.0,1.7661762966412835e+24,2.0721116383090085e+24,2.5000766121447976e+24,2.972153453869575e+24,3.309494898837735e+24
2109.0,1.7761079397092886e+24,2.0863860847545076e+24,2.519407078736908e+24,3.0001256602743805e+24,3.343165994111412e+24
2110.0,1.7928806294732696e+24,2.1018150134949137e+24,2.539838688058117e+24,3.0301538331799014e+24,3.3757850061379457e+24
2111.0,1.8076551780885095e+24,2.1195682500258635e+24,2.560687032755192e+24,3.059907425123884e+24,3.410451331254635e+24
2112.0,1.8222472347631029e+24,2.1356974127372823e+24,2.581410866577047e+24,3.0904726881082724e+24,3.4450468902528955e+24
2113.0,1.8335154114161788e+24,2.1527359072282624e+24,2.6050685274362015e+24,3.1187458428249554e+24,3.478820779310576e+24
2114.0,1.8488468163882426e+24,2.1687457287332024e+24,2.6290700181946823e+24,3.1457825765350104e+24,3.514545262216197e+24
2115.0,1.8638433505085564e+24,2.1860658275970195e+24,2.65032320520116e+24,3.172185906560563e+24,3.551590574982761e+24
2116.0,1.8790856071280848e+24,2.2042073181137938e+24,2.6713347233598005e+24,3.198528266648985e+24,3.588987351024878e+24
2117.0,1.887469084218768e+24,2.22357820866116e+24,2.694221286894844e+24,3.2257914734574034e+24,3.6252330693486196e+24
2118.0,1.900610199669769e+24,2.2391774738039885e+24,2.7159861218934514e+24,3.2522917311497996e+24,3.6524204894442676e+24
2119.0,1.9111625820633633e+24,2.253592006888646e+24,2.7368744511139215e+24,3.278149179199486e+24,3.683720398186753e+24
2120.0,1.9262793197535038e+24,2.2723601080689054e+24,2.7611647687866486e+24,3.3036161025295053e+24,3.7169806690821184e+24
2121.0,1.9337417733775966e+24,2.2906044275868784e+24,2.7858476789604926e+24,3.332215914436966e+24,3.752036094508123e+24
2122.0,1.9446506801173573e+24,2.3069095641699097e+24,2.806601987079564e+24,3.3644049280006946e+24,3.7855389061439475e+24
2123.0,1.956376914826673e+24,2.3256106173878293e+24,2.8331911704866065e+24,3.392166608418119e+24,3.8177916415170817e+24
2124.0,1.9676041939214647e+24,2.3418160776624953e+24,2.855980035677003e+24,3.4201436013882995e+24,3.852094541332598e+24
2125.0,1.9821759688399943e+24,2.3540776187001812e+24,2.877543466300259e+24,3.4493853375496044e+24,3.883845718787139e+24
2126.0,1.9966693017178022e+24,2.369002610471802e+24,2.898103408699813e+24,3.477767671489005e+24,3.9172885329957696e+24
2127.0,2.0112854167417524e+24,2.3843960566594214e+24,2.918785939565269e+24,3.504238728942354e+24,3.950797914423731e+24
2128.0,2.022866307414017e+24,2.400351270295788e+24,2.9392045571784124e+24,3.5314517712212496e+24,3.982748471858208e+24
2129.0,2.0325299154361615e+24,2.415884585002147e+24,2.960834845744839e+24,3.5516033101556244e+24,4.014802180244963e+24
2130.0,2.0430226866526806e+24,2.429717618881306e+24,2.986757146571323e+24,3.5810536993742996e+24,4.0428748355344036e+24
2131.0,2.0562144274510715e+24,2.442503607122635e+24,3.0044100798587355e+24,3.609493935210317e+24,4.0717770904970416e+24
2132.0,2.0673500149031655e+24,2.4641535613648536e+24,3.028311756633483e+24,3.6359226360291254e+24,4.100895396129193e+24
2133.0,2.074213200292695e+24,2.47829258020524e+24,3.0515012265387777e+24,3.663400398852029e+24,4.129695931971686e+24
2134.0,2.082459935331132e+24,2.494078141640507e+24,3.0734647819362816e+24,3.689540268417575e+24,4.157423435727131e+24
2135.0,2.0954784199009325e+24,2.5099330930989767e+24,3.092721859586233e+24,3.7179007372610357e+24,4.1866531235455375e+24
2136.0,2.1088589588141067e+24,2.523693205473553e+24,3.112506269942956e+24,3.745849827794246e+24,4.215674400459574e+24
2137.0,2.121091022276941e+24,2.536024986555858e+24,3.1320068253477716e+24,3.7717196457392303e+24,4.2438711239116845e+24
2138.0,2.1314519605477566e+24,2.553245061838307e+24,3.153061612725914e+24,3.7993761832650935e+24,4.2758418059811253e+24
2139.0,2.1384075129596704e+24,2.566321006211995e+24,3.1731514712789566e+24,3.82131552136686e+24,4.3078029388559295e+24
2140.0,2.142705618237031e+24,2.5792169874375754e+24,3.1913295024470504e+24,3.844460314760882e+24,4.33525610440869e+24
2141.0,2.1535381807983852e+24,2.592489829912375e+24,3.206898660367059e+24,3.8708168641236864e+24,4.365765944188097e+24
2142.0,2.1637270777697513e+24,2.603772139543799e+24,3.2267841744306255e+24,3.895576192703867e+24,4.403874208999821e+24
2143.0,2.1765561429054725e+24,2.6150527663537663e+24,3.2441289629836545e+24,3.9226234674335635e+24,4.435580804377369e+24
2144.0,2.1826332032011697e+24,2.626666244494133e+24,3.264037472025409e+24,3.9477614974101896e+24,4.4607787760236573e+24
2145.0,2.192838568338317e+24,2.639898943174987e+24,3.284106794742488e+24,3.973908392026822e+24,4.486227018522457e+24
2146.0,2.2037721332329738e+24,2.657179584897572e+24,3.306828377122596e+24,4.0022823917570843e+24,4.5116047424385814e+24
2147.0,2.2145559049734428e+24,2.675959797906331e+24,3.3254724550830727e+24,4.02844915680046e+24,4.5367827050631935e+24
2148.0,2.222512623902877e+24,2.693850800037366e+24,3.3414705453523976e+24,4.055708862972219e+24,4.5618540205524653e+24
2149.0,2.2336823790934442e+24,2.7053664530292713e+24,3.3585460390248e+24,4.078835464236451e+24,4.591686573129097e+24
2150.0,2.2423393693742425e+24,2.723042687339075e+24,3.3786788026926316e+24,4.1046571232206917e+24,4.6214990814416656e+24
2151.0,2.2514246687825216e+24,2.740147723512236e+24,3.398402601025869e+24,4.1263127875168546e+24,4.6503475720681833e+24
2152.0,2.262878730878574e+24,2.7543485015599704e+24,3.417567746066141e+24,4.147104329123102e+24,4.675853075487099e+24
2153.0,2.2730146076201e+24,2.765836214916535e+24,3.439065902934292e+24,4.1699766452456756e+24,4.704682320737217e+24
2154.0,2.2848308800709127e+24,2.7778874304012027e+24,3.4563428433244073e+24,4.196941351988865e+24,4.733059182377481e+24
2155.0,2.2973713512360002e+24,2.7881837357996117e+24,3.477138253397531e+24,4.2220434338518825e+24,4.7616484719244496e+24
2156.0,2.3108742560741218e+24,2.7995638465274665e+24,3.497434216031019e+24,4.2471182634927106e+24,4.7907895703995283e+24
2157.0,2.324201439588062e+24,2.8105361473875736e+24,3.5162535097249017e+24,4.2716933827029887e+24,4.820110122599916e+24
2158.0,2.3348406510837573e+24,2.825035467322854e+24,3.5332895980182095e+24,4.2915756935463543e+24,4.849157607500101e+24
2159.0,2.3475684721152706e+24,2.8395266837587224e+24,3.548425989620835e+24,4.316220042867389e+24,4.876839114350271e+24
2160.0,2.3597477587901246e+24,2.8551252610260967e+24,3.570599089506957e+24,4.338034068326295e+24,4.905043007287117e+24
2161.0,2.3719436415710449e+24,2.866277759728231e+24,3.591714285636278e+24,4.360397377655636e+24,4.932610998531619e+24
2162.0,2.3793345431322933e+24,2.8790451222511096e+24,3.610831122029552e+24,4.3817724828631284e+24,4.961225082160881e+24
2163.0,2.3880781874592086e+24,2.8916394758221844e+24,3.6280524437547475e+24,4.40026508713487e+24,4.988152928059961e+24
2164.0,2.396708773870397e+24,2.905139647576695e+24,3.648099549024047e+24,4.41793041284372e+24,5.015079549477417e+24
2165.0,2.403085264997983e+24,2.9193922065311206e+24,3.668434924195233e+24,4.437625107531701e+24,5.043195224112057e+24
2166.0,2.408863476993433e+24,2.933808254763777e+24,3.684351121744211e+24,4.4604215402099545e+24,5.071606872695607e+24
2167.0,2.419307769753459e+24,2.9483399380502175e+24,3.702928837944833e+24,4.4885542596076226e+24,5.101886000803195e+24
2168.0,2.4325302523688504e+24,2.961917695521717e+24,3.7192836384644203e+24,4.5127860021852033e+24,5.128900265139782e+24
2169.0,2.443668415241384e+24,2.975118998346546e+24,3.73565155957323e+24,4.5350891032480494e+24,5.157236213221548e+24
2170.0,2.4590966142964676e+24,2.9909497327407294e+24,3.755682091605058e+24,4.560311696113835e+24,5.184034027821165e+24
2171.0,2.46552710404135e+24,3.0024407538372314e+24,3.7739189403676384e+24,4.585874440413484e+24,5.211409721341648e+24
2172.0,2.4730036614869934e+24,3.009433651471355e+24,3.790848892135034e+24,4.611941515044626e+24,5.239280126000577e+24
2173.0,2.482303122757182e+24,3.018838520616032e+24,3.809429683023585e+24,4.6390042382762506e+24,5.266508823397927e+24
2174.0,2.4920846694303803e+24,3.0314380324983554e+24,3.828460781104297e+24,4.6646979410941183e+24,5.293564633521521e+24
2175.0,2.503216176873373e+24,3.049562986579261e+24,3.8445744814095057e+24,4.6881208556320206e+24,5.321925811594503e+24
2176.0,2.507026734725765e+24,3.060391241909808e+24,3.860980712283088e+24,4.708426720961276e+24,5.355204986104323e+24
2177.0,2.508092837872787e+24,3.073124709982934e+24,3.881679747537343e+24,4.7299783690190596e+24,5.389833563798144e+24
2178.0,2.508894505144301e+24,3.0856706133149464e+24,3.899611599065356e+24,4.7546777613321123e+24,5.425100161492e+24
2179.0,2.520123638896355e+24,3.1005487355430524e+24,3.915140117987718e+24,4.7784223144020465e+24,5.457358620770009e+24
2180.0,2.5297345944368527e+24,3.114009769094139e+24,3.9267853749181784e+24,4.8026227151090395e+24,5.489192837431492e+24
2181.0,2.5392262053251464e+24,3.121907566454517e+24,3.942711758000796e+24,4.8250948498202705e+24,5.519611828793098e+24
2182.0,2.54837190159287e+24,3.131601442319673e+24,3.9603705689129135e+24,4.845772969563354e+24,5.547895684062582e+24
2183.0,2.55734839824094e+24,3.1446258154304814e+24,3.973759404997722e+24,4.866440475641389e+24,5.57163705845692e+24
2184.0,2.5664479264075853e+24,3.1570876087615314e+24,3.9903908922982824e+24,4.888670869214317e+24,5.590880235203772e+24
2185.0,2.575401486942431e+24,3.166861278924493e+24,4.0059458425938604e+24,4.916543749025282e+24,5.613151199937746e+24
2186.0,2.5900366459389763e+24,3.1775200380430897e+24,4.021939077118684e+24,4.940932556639414e+24,5.634254036530856e+24
2187.0,2.600068914071175e+24,3.189932110346365e+24,4.04048974633586e+24,4.964012634741746e+24,5.659638109986312e+24
2188.0,2.6097493183709663e+24,3.19996975769253e+24,4.05722974062449e+24,4.98423698922252e+24,5.683089583519486e+24
2189.0,2.6159520784855213e+24,3.2117853562483933e+24,4.073022925584866e+24,5.003956034035175e+24,5.708722514931579e+24
2190.0,2.6202270359499845e+24,3.223045586884602e+24,4.090425149284871e+24,5.023626201354461e+24,5.734067789801451e+24
2191.0,2.628870516176829e+24,3.2336097663208775e+24,4.1045829219053665e+24,5.0463104221003e+24,5.759670177435967e+24
2192.0,2.637509661338071e+24,3.2416822112267776e+24,4.1202368079505713e+24,5.067202559968627e+24,5.78523938765029e+24
2193.0,2.6442998514720827e+24,3.2529880240146877e+24,4.135698724870578e+24,5.088931774972434e+24,5.812899497277028e+24
2194.0,2.6479322823465767e+24,3.264233112923494e+24,4.1469265799557703e+24,5.111553017249018e+24,5.838221473864386e+24
2195.0,2.653886083648959e+24,3.272919849916231e+24,4.1604875140390824e+24,5.134242667885908e+24,5.864129154941826e+24
2196.0,2.6618030576222073e+24,3.280702467337569e+24,4.178334971893211e+24,5.155225892273157e+24,5.891010045454832e+24
2197.0,2.6720112638924464e+24,3.290705521476913e+24,4.19590309927244e+24,5.17585932233405e+24,5.918340330112226e+24
2198.0,2.6813938624222295e+24,3.3009464696261e+24,4.216865037311212e+24,5.1944997404883e+24,5.947366894577899e+24
2199.0,2.6914811284965006e+24,3.311697207019079e+24,4.233736541006256e+24,5.213789990013559e+24,5.973961788851056e+24
2200.0,2.6998373535927957e+24,3.3237986856894417e+24,4.245119498057945e+24,5.233180331134337e+24,6.000797295188313e+24
2201.0,2.7087322623006505e+24,3.333094273832047e+24,4.254791562886761e+24,5.252258838391268e+24,6.027094301554013e+24
2202.0,2.7138966347747407e+24,3.3448796915156836e+24,4.272029378867214e+24,5.271846216725949e+24,6.052488497122752e+24
2203.0,2.722878062821413e+24,3.355951862168328e+24,4.285223610382732e+24,5.292420380659842e+24,6.0758190486731e+24
2204.0,2.731725958157279e+24,3.366609511040777e+24,4.3011364324501625e+24,5.311876998634667e+24,6.099135381100217e+24
2205.0,2.741764083415517e+24,3.371837221253766e+24,4.318863955070465e+24,5.332470042900148e+24,6.119568414182188e+24
2206.0,2.7466547470026293e+24,3.376813295982089e+24,4.3366361195881097e+24,5.352965633758514e+24,6.143454367649972e+24
2207.0,2.752523119933074e+24,3.3823007954455843e+24,4.3525526530029544e+24,5.37184621331354e+24,6.166853074074135e+24
2208.0,2.7589416381285113e+24,3.391163036706324e+24,4.3701939081560666e+24,5.394254145603653e+24,6.189821466299229e+24
2209.0,2.7649087297206173e+24,3.405518130432739e+24,4.3837961084893897e+24,5.416613834172318e+24,6.210871013795135e+24
2210.0,2.77191247642812e+24,3.415375805301774e+24,4.3977821484757375e+24,5.437887484123747e+24,6.234014280677644e+24
2211.0,2.779608954307195e+24,3.4261443367971743e+24,4.4132403300489057e+24,5.45391454838321e+24,6.263060362224961e+24
2212.0,2.7983143310619374e+24,3.4380539889453637e+24,4.42831142328879e+24,5.476166237002483e+24,6.287197061984948e+24
2213.0,2.806385734417522e+24,3.448901988437088e+24,4.4436585547511717e+24,5.497374483188628e+24,6.308536973365563e+24
2214.0,2.805252887902344e+24,3.458453880556995e+24,4.458465782561962e+24,5.517767007941298e+24,6.331121533463799e+24
2215.0,2.80732031067043e+24,3.4668143351053383e+24,4.474771185751975e+24,5.53650239160124e+24,6.353628631979193e+24
2216.0,2.812978801780666e+24,3.476598658265492e+24,4.487388886529236e+24,5.555820490585553e+24,6.374453015836227e+24
2217.0,2.81928535565617e+24,3.4879085976588947e+24,4.4967610132867017e+24,5.573073397082569e+24,6.397739116397287e+24
2218.0,2.8280569821880514e+24,3.499948063832224e+24,4.511281737199287e+24,5.590897408487582e+24,6.420269390181247e+24
2219.0,2.833727240069326e+24,3.506986075227106e+24,4.526867417151379e+24,5.607039775485285e+24,6.441917116788876e+24
2220.0,2.8386829993179486e+24,3.512132079985273e+24,4.545275209401214e+24,5.625833138633166e+24,6.463737559752396e+24
2221.0,2.843046179170446e+24,3.519188757381859e+24,4.563198532657562e+24,5.64570240817655e+24,6.489139225484018e+24
2222.0,2.8503823250697904e+24,3.527748482988351e+24,4.577834144559945e+24,5.667193581946678e+24,6.513294735385089e+24
2223.0,2.859363097644123e+24,3.537063131485116e+24,4.590452121014239e+24,5.686381719311392e+24,6.539028310375744e+24
2224.0,2.867728820323216e+24,3.549093076666205e+24,4.6110552287519475e+24,5.707240915662528e+24,6.566478526544258e+24
2225.0,2.8716856991592015e+24,3.5583545045656053e+24,4.623084008985632e+24,5.725183805089425e+24,6.592007082250748e+24
2226.0,2.8722854407578926e+24,3.571559825338431e+24,4.635978271131323e+24,5.742093073691751e+24,6.61930536967585e+24
2227.0,2.877591496392449e+24,3.583131092673694e+24,4.651217534910713e+24,5.760778690359771e+24,6.643198420929486e+24
2228.0,2.8795618650123207e+24,3.5938596445633735e+24,4.664141728135709e+24,5.780994266762031e+24,6.664774057581977e+24
2229.0,2.8847923969780397e+24,3.598770745613289e+24,4.678357571533916e+24,5.801190952226367e+24,6.688581525259435e+24
2230.0,2.889758393295002e+24,3.601233678557984e+24,4.691353409567897e+24,5.820846375321357e+24,6.713738629703822e+24
2231.0,2.894482723905599e+24,3.603062464852261e+24,4.703626720366751e+24,5.838082757939349e+24,6.741658862864372e+24
2232.0,2.899045907141565e+24,3.6103609966199776e+24,4.715095025990258e+24,5.853926259264125e+24,6.762736760417597e+24
2233.0,2.908646802815372e+24,3.616934412375699e+24,4.727515398294324e+24,5.871066011647365e+24,6.783451816116135e+24
2234.0,2.9161602813486335e+24,3.6259123245794554e+24,4.741248772115446e+24,5.885881037018505e+24,6.804120728289169e+24
2235.0,2.9199454914352777e+24,3.630855328809309e+24,4.7555499016543254e+24,5.899530014863795e+24,6.827876669097011e+24
2236.0,2.9215610124481783e+24,3.640275764721605e+24,4.7676060013911404e+24,5.914954823652219e+24,6.856764704296772e+24
2237.0,2.918019478588128e+24,3.6499251451821375e+24,4.7815023578550256e+24,5.931604223077925e+24,6.877049145328341e+24
2238.0,2.9241180794146424e+24,3.655678240903766e+24,4.7940545001459644e+24,5.949403465844802e+24,6.892561163353022e+24
2239.0,2.9337372792624666e+24,3.665035068652987e+24,4.807244250359755e+24,5.967310167914461e+24,6.915909480735974e+24
2240.0,2.937198407740537e+24,3.6754733317998406e+24,4.818703966726987e+24,5.984584446081048e+24,6.938663177315815e+24
2241.0,2.936641613881058e+24,3.6848754817852716e+24,4.829800806567596e+24,6.003186917108873e+24,6.961625438621165e+24
2242.0,2.937099647423813e+24,3.689880153529635e+24,4.841639008367768e+24,6.020351786544763e+24,6.986063568474611e+24
2243.0,2.937340727689123e+24,3.6952371745829404e+24,4.854102989576633e+24,6.03442373529934e+24,7.006470251886827e+24
2244.0,2.93682805633155e+24,3.70317585157887e+24,4.866922666508868e+24,6.050111260383982e+24,7.025873892075318e+24
2245.0,2.9469924756300076e+24,3.71254247154134e+24,4.877862516456605e+24,6.06695396668209e+24,7.047198177005302e+24
2246.0,2.95091783406895e+24,3.7195985720687717e+24,4.8846845480547e+24,6.081720540482852e+24,7.074118908985662e+24
2247.0,2.9539307455511865e+24,3.727887677310609e+24,4.897422761642937e+24,6.094586739125965e+24,7.100738062823103e+24
2248.0,2.9553557622021986e+24,3.7396662538405783e+24,4.912476575797649e+24,6.116105809353835e+24,7.124738848420815e+24
2249.0,2.956761812873812e+24,3.7468061064091235e+24,4.927838172499756e+24,6.135142941967583e+24,7.143658701099801e+24
2250.0,2.96103657111393e+24,3.7532191837983514e+24,4.943763354013225e+24,6.151645240485757e+24,7.162850125752567e+24
2251.0,2.9660392866464574e+24,3.7550463936542197e+24,4.952215503955174e+24,6.168034694156609e+24,7.180891866607876e+24
2252.0,2.97522116662726e+24,3.7565706953942957e+24,4.964156134799892e+24,6.184052161501534e+24,7.206469212266467e+24
2253.0,2.985521873388908e+24,3.7567438097219905e+24,4.970773907803177e+24,6.200698963654573e+24,7.236557565957188e+24
2254.0,2.9922199329725287e+24,3.7584408688038956e+24,4.979952429110337e+24,6.216055848050196e+24,7.260676364616207e+24
2255.0,2.995768361775405e+24,3.7627920332608043e+24,4.992290529569748e+24,6.229843780779916e+24,7.283716685700531e+24
2256.0,3.001858840502412e+24,3.768615802195854e+24,5.006165345243268e+24,6.244964995145489e+24,7.307155875485502e+24
2257.0,3.005804204435318e+24,3.7758439349223395e+24,5.020816658811704e+24,6.255629816305847e+24,7.327974555918731e+24
2258.0,3.007327835441817e+24,3.7891979968192675e+24,5.033665358554815e+24,6.270923790908062e+24,7.349895929411436e+24
2259.0,3.008633549677082e+24,3.801570193558584e+24,5.044855575785459e+24,6.286815191926165e+24,7.37171333250826e+24
2260.0,3.0080797988466824e+24,3.809284425329292e+24,5.056885656070514e+24,6.30502495549022e+24,7.391172773520646e+24
2261.0,3.007213308722979e+24,3.8178852367326873e+24,5.066639917085561e+24,6.326940315935689e+24,7.408646291928351e+24
2262.0,3.004991444987716e+24,3.828215377186685e+24,5.077525233566644e+24,6.346682028134631e+24,7.426302689265728e+24
2263.0,3.003229506927632e+24,3.832578647507242e+24,5.086925008447015e+24,6.367941055662234e+24,7.447376698492254e+24
2264.0,3.004555945593697e+24,3.83590449407582e+24,5.097068318138056e+24,6.38593876790021e+24,7.467370035451933e+24
2265.0,3.0094956172737885e+24,3.839589781695417e+24,5.111236218751627e+24,6.400979732280178e+24,7.485802305685441e+24
2266.0,3.0129798957497766e+24,3.8458620277816487e+24,5.12226244841656e+24,6.416409878993432e+24,7.507058422049157e+24
2267.0,3.0131102342369577e+24,3.852141048145241e+24,5.133511558008655e+24,6.429806694029732e+24,7.52888872975868e+24
2268.0,3.0137824807059483e+24,3.8553959940903506e+24,5.142510995070107e+24,6.445890178292835e+24,7.552188499798822e+24
2269.0,3.015044692639265e+24,3.8610845343193667e+24,5.14848107793647e+24,6.463656071622786e+24,7.572877931236265e+24
2270.0,3.0160123198007044e+24,3.871247039625309e+24,5.161019488352193e+24,6.481689484923764e+24,7.593397656551924e+24
2271.0,3.015409145290836e+24,3.876595817431002e+24,5.169319424906325e+24,6.497550302382945e+24,7.610353752163565e+24
2272.0,3.015145265098212e+24,3.880594722410475e+24,5.177480482941072e+24,6.515949586197458e+24,7.627166914926965e+24
2273.0,3.0145265854259726e+24,3.888580021887537e+24,5.183551411547424e+24,6.532014997117139e+24,7.645394141442261e+24
2274.0,3.0156914019545694e+24,3.9002620052535777e+24,5.191418367225764e+24,6.547524591525816e+24,7.666924037499352e+24
2275.0,3.016300009412324e+24,3.9064114766596296e+24,5.200529607654689e+24,6.562375516712965e+24,7.689422098091422e+24
2276.0,3.015909131000248e+24,3.9102979181565185e+24,5.20867870357454e+24,6.574903152187631e+24,7.709750489272691e+24
2277.0,3.016106109626687e+24,3.915125762252173e+24,5.21574251465411e+24,6.587408371151671e+24,7.728729320003863e+24
2278.0,3.0164156854370545e+24,3.9200575423714075e+24,5.223330671923706e+24,6.600094797658933e+24,7.745429670103087e+24
2279.0,3.017442123410041e+24,3.928264186760344e+24,5.230160186838773e+24,6.615264824814366e+24,7.763219124804919e+24
2280.0,3.016775772053697e+24,3.9329579838017127e+24,5.24112493766246e+24,6.630021512084351e+24,7.781459953018145e+24
2281.0,3.016289632540414e+24,3.939667262390302e+24,5.253354965146924e+24,6.644118898156031e+24,7.797886607385334e+24
2282.0,3.0163409191688056e+24,3.945353149998297e+24,5.264304432514884e+24,6.660731234856462e+24,7.81630667860456e+24
2283.0,3.018173004637741e+24,3.949551276213451e+24,5.275469292799007e+24,6.676580000686888e+24,7.835072713560016e+24
2284.0,3.0192589535166405e+24,3.9546457855915323e+24,5.286062024915214e+24,6.689551139955218e+24,7.85583913108758e+24
2285.0,3.019149860074258e+24,3.956027691349286e+24,5.295577958722497e+24,6.7006602917886e+24,7.873035690195426e+24
2286.0,3.017407887720991e+24,3.9563272634550127e+24,5.308218622556917e+24,6.715499184289443e+24,7.888422734734434e+24
2287.0,3.0180658251161346e+24,3.9604312819776106e+24,5.31934631831266e+24,6.730022751273977e+24,7.903174710995427e+24
2288.0,3.02306797568616e+24,3.9645034797031423e+24,5.33041360692337e+24,6.739717947091377e+24,7.922041978811958e+24
2289.0,3.0240323174332066e+24,3.967697585815954e+24,5.338673760796835e+24,6.75026582159416e+24,7.939270897616913e+24
2290.0,3.026064162818506e+24,3.972717809467019e+24,5.352227616419164e+24,6.767509485108715e+24,7.954083290098691e+24
2291.0,3.026648035606227e+24,3.9792071393999143e+24,5.36190606085446e+24,6.78024013323148e+24,7.971615275233209e+24
2292.0,3.0328820041721895e+24,3.9850153178912414e+24,5.371047948230285e+24,6.791763212581381e+24,7.994633757112673e+24
2293.0,3.0336321563873164e+24,3.9881092582758285e+24,5.380357865361144e+24,6.802290551398037e+24,8.012460694796694e+24
2294.0,3.0365246002911944e+24,3.994802831015557e+24,5.389387653291634e+24,6.813912457568523e+24,8.029644015588677e+24
2295.0,3.039100947205673e+24,4.0004707587184016e+24,5.398718885130125e+24,6.82505037083209e+24,8.044611545591107e+24
2296.0,3.0422185204101145e+24,4.0031103379981e+24,5.409521638759107e+24,6.835139057858187e+24,8.059269184482156e+24
2297.0,3.046517673526085e+24,4.0005792765660466e+24,5.41880338477127e+24,6.846046523763944e+24,8.072856575327293e+24
2298.0,3.052729416760099e+24,4.005122455246361e+24,5.426313699623084e+24,6.858675965092793e+24,8.086430413178943e+24
2299.0,3.0547515709021953e+24,4.008475244892817e+24,5.430793468047052e+24,6.87060424443366e+24,8.099170593610586e+24
2300.0,3.05589459290863e+24,4.015567257089726e+24,5.437958699207374e+24,6.881272909606306e+24,8.112351629635385e+24
2301.0,3.0564875662487604e+24,4.021262092803823e+24,5.442273908877687e+24,6.894076839708624e+24,8.126151901156511e+24
2302.0,3.058153774098612e+24,4.0252905449704145e+24,5.448809933654307e+24,6.907515332092068e+24,8.140205437229304e+24
2303.0,3.063459940311793e+24,4.0289680068316526e+24,5.455750604481709e+24,6.919571351276285e+24,8.155233205999866e+24
2304.0,3.0685476398598697e+24,4.030972605740672e+24,5.464482702187925e+24,6.931593365065016e+24,8.180541247460435e+24
2305.0,3.076007017651597e+24,4.032695215362463e+24,5.475027842568276e+24,6.944426897123093e+24,8.196336011946478e+24
2306.0,3.0775316094814104e+24,4.0326543943037113e+24,5.485878876897067e+24,6.957011719079422e+24,8.21342774142491e+24
2307.0,3.074839488326574e+24,4.0338260391349284e+24,5.493268032398979e+24,6.968886463763817e+24,8.236667013155074e+24
2308.0,3.07327981914172e+24,4.0377711258429656e+24,5.499243912489213e+24,6.980113911086209e+24,8.259815244535835e+24
2309.0,3.076357797975072e+24,4.0407490640302704e+24,5.504624478942983e+24,6.991858754198339e+24,8.279766869832098e+24
2310.0,3.083524962001115e+24,4.045763029054517e+24,5.512965457193617e+24,7.003102018935049e+24,8.296250554623661e+24
2311.0,3.0869851321935454e+24,4.0518096669847693e+24,5.522087278959139e+24,7.013037185305406e+24,8.305931345180238e+24
2312.0,3.085485334020646e+24,4.0545784076001486e+24,5.530601737280957e+24,7.021982008648168e+24,8.316716838961231e+24
2313.0,3.0917966975893914e+24,4.0591420640355355e+24,5.541500038614295e+24,7.032006267121651e+24,8.327071605885786e+24
2314.0,3.096276750374025e+24,4.063639889198165e+24,5.550610560846916e+24,7.042886692627418e+24,8.336523862735136e+24
2315.0,3.1033072437560985e+24,4.0682111414989904e+24,5.560959950443815e+24,7.054473185043349e+24,8.347395607560289e+24
2316.0,3.111128549144422e+24,4.072420960849369e+24,5.571100256041038e+24,7.068475619081859e+24,8.359051753337189e+24
2317.0,3.120749702602429e+24,4.078368027212894e+24,5.575209507546094e+24,7.084198633205962e+24,8.370301848942746e+24
2318.0,3.1288395939768093e+24,4.0817638746651593e+24,5.583388043364721e+24,7.094634844863227e+24,8.380740506772353e+24
2319.0,3.140992519148799e+24,4.0868317290950916e+24,5.591919980167874e+24,7.106307994125763e+24,8.39324644655492e+24
2320.0,3.1378459656920817e+24,4.0931448496504314e+24,5.600533972784559e+24,7.118039212027525e+24,8.407134718675998e+24
2321.0,3.137973268319131e+24,4.095476879159895e+24,5.609863789546513e+24,7.128683673784358e+24,8.421385340748996e+24
2322.0,3.1351397454547546e+24,4.0984514767215147e+24,5.61781265022747e+24,7.138874374298688e+24,8.436371481274954e+24
2323.0,3.1357241318954695e+24,4.1029517205984093e+24,5.622188007841095e+24,7.151416641066605e+24,8.448783268257403e+24
2324.0,3.1340351836977047e+24,4.1099323573572414e+24,5.630485161934044e+24,7.163159059396953e+24,8.462273429321059e+24
2325.0,3.133441482452883e+24,4.1120023139270953e+24,5.638546486588381e+24,7.173756770549665e+24,8.475682152425953e+24
2326.0,3.1332751937306965e+24,4.115708392911253e+24,5.645183429608055e+24,7.186132663464148e+24,8.485258386462853e+24
2327.0,3.1357304578955157e+24,4.118579497042751e+24,5.655078145989549e+24,7.199048169717467e+24,8.496558808101084e+24
2328.0,3.1398217340889025e+24,4.121023027742768e+24,5.659020158336046e+24,7.211334323263455e+24,8.509233760514771e+24
2329.0,3.142407394142911e+24,4.1244256201571907e+24,5.664072829943223e+24,7.215811014556408e+24,8.522959550005581e+24
2330.0,3.1438478050858034e+24,4.1289799395554177e+24,5.665867308252554e+24,7.23010384540471e+24,8.537263275478838e+24
2331.0,3.1440733580800554e+24,4.133373002541906e+24,5.670373859765602e+24,7.241576484373322e+24,8.549549556435744e+24
2332.0,3.1456183768978137e+24,4.1394474551808394e+24,5.6738441821731e+24,7.255784124232901e+24,8.562476934185939e+24
2333.0,3.145356612729863e+24,4.1397037875635056e+24,5.679509527616668e+24,7.263534232203196e+24,8.575228466347227e+24
2334.0,3.14780276358557e+24,4.1390188424784717e+24,5.687106799547493e+24,7.2736691597645e+24,8.592085773233743e+24
2335.0,3.1508133946280417e+24,4.1394959342388497e+24,5.695249135935824e+24,7.284644944676157e+24,8.608662112989519e+24
2336.0,3.152743857089861e+24,4.1402042680424433e+24,5.698440843545971e+24,7.296284915622897e+24,8.62543715242588e+24
2337.0,3.1507078233854455e+24,4.142046767509301e+24,5.702541560974905e+24,7.306348881948717e+24,8.640656820344684e+24
2338.0,3.14913407340086e+24,4.144631064524248e+24,5.706254433402693e+24,7.316473080950327e+24,8.659477665559703e+24
2339.0,3.149405827589713e+24,4.1434090699849913e+24,5.711306825559107e+24,7.324981586469049e+24,8.675480178053738e+24
2340.0,3.1473919389842266e+24,4.1470364117416687e+24,5.714914240188853e+24,7.338845144844642e+24,8.69120451175432e+24
2341.0,3.147152738318397e+24,4.1499930059299024e+24,5.716723886964699e+24,7.350994208428533e+24,8.707951210799222e+24
2342.0,3.146147757763269e+24,4.1521372100002735e+24,5.717496948405501e+24,7.364912633248988e+24,8.725900893835762e+24
2343.0,3.1474984459063e+24,4.156030810029344e+24,5.722324904617506e+24,7.37736764497599e+24,8.743924953813817e+24
2344.0,3.146310985577041e+24,4.1593153608880034e+24,5.730953556924108e+24,7.390986147725891e+24,8.760868051329513e+24
2345.0,3.142903718075314e+24,4.1634193833977e+24,5.740370217384191e+24,7.403252920998879e+24,8.778314094376431e+24
2346.0,3.141036938893677e+24,4.168065315387893e+24,5.748689770063618e+24,7.414411914464147e+24,8.785728769697297e+24
2347.0,3.142375529209876e+24,4.171148530528692e+24,5.756968825170412e+24,7.421482651593488e+24,8.79486918001189e+24
2348.0,3.1385838520597505e+24,4.175010457468799e+24,5.761998891797135e+24,7.432736539984908e+24,8.803990158821866e+24
2349.0,3.1382262821611867e+24,4.177846956435204e+24,5.764461044025772e+24,7.44512582124711e+24,8.81398558378153e+24
2350.0,3.13941698976159e+24,4.181240378322733e+24,5.769204807095034e+24,7.456433712723893e+24,8.826140946846398e+24
2351.0,3.139966003723469e+24,4.1847048057585267e+24,5.772015068775149e+24,7.46792564192079e+24,8.844096531595928e+24
2352.0,3.139461534590708e+24,4.1884070713199516e+24,5.77582372285672e+24,7.480851389007086e+24,8.858592025056798e+24
2353.0,3.1376288084542267e+24,4.194048818635681e+24,5.776645093048156e+24,7.493319281348388e+24,8.875209895162991e+24
2354.0,3.138363712462576e+24,4.1971209440828777e+24,5.781295609030064e+24,7.499375920649327e+24,8.891802090056973e+24
2355.0,3.136872764231942e+24,4.200487928186049e+24,5.790669280094098e+24,7.505396899030126e+24,8.908421423284914e+24
2356.0,3.1368118270818884e+24,4.205593106603454e+24,5.79756936335916e+24,7.508655550502045e+24,8.921782622362381e+24
2357.0,3.132056822420156e+24,4.2117883597229184e+24,5.805966500166077e+24,7.514160367574953e+24,8.935392851430585e+24
2358.0,3.1296096684012074e+24,4.2158245868217504e+24,5.807503410884868e+24,7.522003215361364e+24,8.952885948796927e+24
2359.0,3.129514271697835e+24,4.2159084395098324e+24,5.816454975489595e+24,7.529678888303962e+24,8.963026488331588e+24
2360.0,3.128235138624416e+24,4.217323362061179e+24,5.82001774960103e+24,7.538162090857549e+24,8.980489937090567e+24
2361.0,3.1286696839035924e+24,4.2193355203364743e+24,5.825174482468851e+24,7.547528155661771e+24,8.997248288618274e+24
2362.0,3.1301172257967497e+24,4.221288089390337e+24,5.828267591654925e+24,7.557879995647986e+24,9.013118558651682e+24
2363.0,3.1289025386174546e+24,4.22262506782504e+24,5.833591046047905e+24,7.567696338378118e+24,9.032730696955727e+24
2364.0,3.1294816383867077e+24,4.223051239177555e+24,5.840206350846967e+24,7.577571338372045e+24,9.04969431943427e+24
2365.0,3.129454317229445e+24,4.2233239180036963e+24,5.849123064375347e+24,7.585875762227268e+24,9.063322828774131e+24
2366.0,3.1280448437313263e+24,4.2233749076930997e+24,5.856359718090924e+24,7.596102462047244e+24,9.080076087810163e+24
2367.0,3.1276606018872137e+24,4.224202374058596e+24,5.862887527633283e+24,7.606569450363419e+24,9.095623944971427e+24
2368.0,3.129442831596669e+24,4.2249257622579596e+24,5.867515981302177e+24,7.614502043885547e+24,9.111929561425631e+24
2369.0,3.1306836440856125e+24,4.2316864222559867e+24,5.869752894670335e+24,7.622741548080613e+24,9.126851441963288e+24
2370.0,3.1323063991774473e+24,4.237571148204218e+24,5.875136468751656e+24,7.630640015088029e+24,9.141650672402971e+24
2371.0,3.1371360235716574e+24,4.2429005883658027e+24,5.8834599116669e+24,7.640075095481028e+24,9.154492110709798e+24
2372.0,3.14222490900201e+24,4.24446707129886e+24,5.89276205691316e+24,7.650541316674564e+24,9.169050062690898e+24
2373.0,3.1486159041736044e+24,4.246176304147022e+24,5.899685586230802e+24,7.659648207879446e+24,9.181858951305096e+24
2374.0,3.157234056369309e+24,4.247058589309019e+24,5.904342782867854e+24,7.668434516139625e+24,9.194790227689579e+24
2375.0,3.16241237404687e+24,4.247071034416946e+24,5.907642659546922e+24,7.677123372568747e+24,9.204256947353991e+24
2376.0,3.1675387377655923e+24,4.2477462965177744e+24,5.908508309075085e+24,7.685564568275518e+24,9.216794209630841e+24
2377.0,3.175598099976355e+24,4.247984069924457e+24,5.910545810575836e+24,7.692040498037032e+24,9.230299973756442e+24
2378.0,3.18091022873997e+24,4.2487810409819746e+24,5.91861234939566e+24,7.699565823696338e+24,9.243061256919445e+24
2379.0,3.1832135683419786e+24,4.25016527747173e+24,5.921508467750861e+24,7.706288244837106e+24,9.25597945527345e+24
2380.0,3.182338815278039e+24,4.250701378654329e+24,5.925544600957842e+24,7.713999752762346e+24,9.267922237561116e+24
2381.0,3.182299108304489e+24,4.255472651117355e+24,5.929200052791976e+24,7.724283478899811e+24,9.280169515434705e+24
2382.0,3.182778498048978e+24,4.2573329971894164e+24,5.934842328423342e+24,7.732356870831481e+24,9.296486509123943e+24
2383.0,3.181993437159867e+24,4.2612719248288335e+24,5.939528458528736e+24,7.737265467237627e+24,9.312383841554935e+24
2384.0,3.1826327471791534e+24,4.265429617757884e+24,5.94523572360855e+24,7.742406430306954e+24,9.327271267094297e+24
2385.0,3.1875065834747255e+24,4.265507236904969e+24,5.947772207383295e+24,7.747728828450061e+24,9.339817617340044e+24
2386.0,3.1887725191451824e+24,4.267343748978888e+24,5.954359436140754e+24,7.756744713812532e+24,9.349718010016616e+24
2387.0,3.193950017314448e+24,4.2717040740425926e+24,5.963273006229396e+24,7.762760197743922e+24,9.360886775272436e+24
2388.0,3.2026704072700247e+24,4.273165270103776e+24,5.969103418596354e+24,7.766252741637717e+24,9.3741851276938e+24
2389.0,3.201657566742661e+24,4.278239843819856e+24,5.973148650818214e+24,7.771378708041628e+24,9.385231323434416e+24
2390.0,3.1987658395794445e+24,4.2814786217405194e+24,5.978435238745436e+24,7.778866897625372e+24,9.395635383005718e+24
2391.0,3.193039636892359e+24,4.2847783110000365e+24,5.982373964876386e+24,7.788205419836896e+24,9.406872226812251e+24
2392.0,3.190472306390665e+24,4.29076099703583e+24,5.988206061558355e+24,7.800230408181111e+24,9.418108381129298e+24
2393.0,3.189468510535293e+24,4.292958933696644e+24,5.995035203703762e+24,7.8121445973866e+24,9.4270550261876e+24
2394.0,3.189193839653999e+24,4.2972377195008783e+24,5.999471666209207e+24,7.823661104330077e+24,9.438371884825127e+24
2395.0,3.187135393619207e+24,4.3013554102176773e+24,6.003188252570964e+24,7.834695953152651e+24,9.447311944599665e+24
2396.0,3.183845797415453e+24,4.3024844234269444e+24,6.004762018442552e+24,7.846112875746877e+24,9.458521028444749e+24
2397.0,3.188878866986619e+24,4.302565762691275e+24,6.008061838332557e+24,7.855599147998357e+24,9.470401702770318e+24
2398.0,3.1938896130725293e+24,4.304656618491699e+24,6.010405154597867e+24,7.8647731160633e+24,9.484415982442187e+24
2399.0,3.19894466806209e+24,4.3084534061375785e+24,6.01355966497986e+24,7.875797591036894e+24,9.496524762675233e+24
2400.0,3.206352924844129e+24,4.311136206125075e+24,6.019749741575199e+24,7.886201727487464e+24,9.507281719563017e+24
2401.0,3.2118073516869925e+24,4.3108262176088986e+24,6.023124478884015e+24,7.894749816477535e+24,9.518507632301453e+24
2402.0,3.208407551685818e+24,4.312047268297484e+24,6.028395336469208e+24,7.904965897372037e+24,9.528450540077788e+24
2403.0,3.2057083606116015e+24,4.3120648373616215e+24,6.032413931627292e+24,7.919265720835334e+24,9.540297797531261e+24
2404.0,3.202787526374949e+24,4.312545416517577e+24,6.039394629283984e+24,7.923344387987931e+24,9.550557446733567e+24
2405.0,3.199761903704457e+24,4.3104972611450853e+24,6.042331472497504e+24,7.930670207918953e+24,9.561242263819091e+24
2406.0,3.196783858970461e+24,4.309289915186199e+24,6.045375891139668e+24,7.937088563320426e+24,9.57233192808501e+24
2407.0,3.196157510206155e+24,4.310207498921673e+24,6.050163052743351e+24,7.940490822494939e+24,9.584869288055343e+24
2408.0,3.193375510920514e+24,4.3144707790963053e+24,6.055866059864603e+24,7.948224754542204e+24,9.597406483322263e+24
2409.0,3.1916992533835813e+24,4.318522638955304e+24,6.058255889263869e+24,7.964779074602428e+24,9.60935314561881e+24
2410.0,3.188448831561594e+24,4.31877500383266e+24,6.061534484937821e+24,7.976147347996495e+24,9.6215449200534e+24
2411.0,3.187716070078886e+24,4.3176013977886303e+24,6.066269228960834e+24,7.988001679549997e+24,9.634081539986733e+24
2412.0,3.1840275884060815e+24,4.3182962872835153e+24,6.071794309718551e+24,7.997752281835315e+24,9.648396193068294e+24
2413.0,3.1822808926736914e+24,4.3228197720281167e+24,6.073667764516405e+24,8.00862840556264e+24,9.662128967281416e+24
2414.0,3.1799801234521897e+24,4.330588890582118e+24,6.080769251403071e+24,8.015791765719246e+24,9.673732961670523e+24
2415.0,3.1777475842721333e+24,4.334627440631021e+24,6.088250879728041e+24,8.024412794906113e+24,9.684671352142839e+24
2416.0,3.176880994197889e+24,4.338842111356339e+24,6.088748404131628e+24,8.033523949860939e+24,9.696443710451235e+24
2417.0,3.174539643024919e+24,4.338816270645705e+24,6.095693639821178e+24,8.042208163184077e+24,9.708582891462697e+24
2418.0,3.173393899478272e+24,4.339598064080766e+24,6.098418445280933e+24,8.051667138699539e+24,9.720783751348321e+24
2419.0,3.172542680847721e+24,4.342115691148134e+24,6.100544430628707e+24,8.058097315337198e+24,9.73345410697023e+24
2420.0,3.173761029026451e+24,4.343517621349076e+24,6.107904687289861e+24,8.062607234337035e+24,9.747289564689126e+24
2421.0,3.173024332538863e+24,4.3437700022077473e+24,6.111705116593936e+24,8.073849668679387e+24,9.759530823859625e+24
2422.0,3.1733924240967407e+24,4.3448825297661116e+24,6.115139384092953e+24,8.08451581919454e+24,9.77042635717184e+24
2423.0,3.1745632479551677e+24,4.3423861751583454e+24,6.122885174756496e+24,8.092651347497681e+24,9.779201821720352e+24
2424.0,3.1708183012910664e+24,4.34372850416336e+24,6.131552636143617e+24,8.097245892669438e+24,9.790678370709283e+24
2425.0,3.165985384617309e+24,4.346657696145107e+24,6.135838152267008e+24,8.10376550882479e+24,9.799391983162217e+24
2426.0,3.162709394515365e+24,4.347172169056034e+24,6.14216933364934e+24,8.112824889449597e+24,9.8087623039295e+24
2427.0,3.159676467287166e+24,4.349408771531855e+24,6.144980698085885e+24,8.121300247511914e+24,9.82073814489329e+24
2428.0,3.164473135989219e+24,4.351893165839909e+24,6.147180640294076e+24,8.129885595978326e+24,9.833771088240665e+24
2429.0,3.16732022463152e+24,4.354574831786644e+24,6.147126769997162e+24,8.138477653450262e+24,9.844915204964496e+24
2430.0,3.167707793277375e+24,4.359326470320069e+24,6.148777651753567e+24,8.145126742708426e+24,9.852026980704813e+24
2431.0,3.170102390670148e+24,4.362405718891888e+24,6.150376540468345e+24,8.148808232399534e+24,9.859121085149839e+24
2432.0,3.1681628961875886e+24,4.364519962880651e+24,6.150813867282655e+24,8.15177163372375e+24,9.86750669175532e+24
2433.0,3.1702296919118286e+24,4.3666360707452865e+24,6.153880269545555e+24,8.159026188481325e+24,9.878755320161932e+24
2434.0,3.1705652706887917e+24,4.3694529795989473e+24,6.160818431175801e+24,8.166807527244134e+24,9.889543093334642e+24
2435.0,3.167685132997402e+24,4.3709829191276356e+24,6.167051522120309e+24,8.175740650086485e+24,9.900629367441575e+24
2436.0,3.1675347324631867e+24,4.370524447777615e+24,6.171239276742801e+24,8.182299943043746e+24,9.913614086783475e+24
2437.0,3.168671710070824e+24,4.3705485794543323e+24,6.177332185119039e+24,8.183904692928471e+24,9.923988245438016e+24
2438.0,3.1686958727712524e+24,4.372464963445082e+24,6.182377142394931e+24,8.189392662647862e+24,9.937422845629415e+24
2439.0,3.1682681459710355e+24,4.376045612140422e+24,6.182033639503352e+24,8.196789036083594e+24,9.94863930736995e+24
2440.0,3.1665907086247e+24,4.374640582302242e+24,6.185450692621682e+24,8.207234390291402e+24,9.96108219083782e+24
2441.0,3.1652095939530695e+24,4.374992695047378e+24,6.186933883947711e+24,8.215475856862919e+24,9.972950293298113e+24
2442.0,3.167001137747867e+24,4.377364255020746e+24,6.189038637105822e+24,8.224813628413132e+24,9.985979804103376e+24
2443.0,3.1642713131946144e+24,4.3790235030042283e+24,6.195823273930716e+24,8.233228814590479e+24,1.0002795357864147e+25
2444.0,3.165090832111094e+24,4.380105301235692e+24,6.19962492067826e+24,8.242852304173596e+24,1.0017006712302062e+25
2445.0,3.1627856919567294e+24,4.3792515509932225e+24,6.19983049785598e+24,8.253361625337052e+24,1.003082173072133e+25
2446.0,3.1614834301423143e+24,4.3807556463095987e+24,6.202171686032187e+24,8.260282768427046e+24,1.0041672976563364e+25
2447.0,3.161183816263966e+24,4.3823195305554995e+24,6.202743434238459e+24,8.268569364639721e+24,1.0053254251384713e+25
2448.0,3.1606818191649387e+24,4.3850208755964025e+24,6.204887998323836e+24,8.276049215958595e+24,1.0064751362350508e+25
2449.0,3.159654307530905e+24,4.3881931854798393e+24,6.208523646626222e+24,8.2789596751155e+24,1.0075402358702831e+25
2450.0,3.159829770061624e+24,4.3900427818916875e+24,6.214430737928859e+24,8.281719484780773e+24,1.0086225219931898e+25
2451.0,3.161490475371009e+24,4.390872668007445e+24,6.221543151661486e+24,8.286031604279703e+24,1.0095496385687613e+25
2452.0,3.160018746179041e+24,4.39244670371708e+24,6.227865876730377e+24,8.290777051739027e+24,1.0105652304835214e+25
2453.0,3.1596115708757076e+24,4.396677501174891e+24,6.231652764912726e+24,8.297274484391757e+24,1.0115252299298051e+25
2454.0,3.1596383400989424e+24,4.395061023068593e+24,6.237745211253362e+24,8.303081614208128e+24,1.0121982531723861e+25
2455.0,3.1598304102525467e+24,4.3918922841950094e+24,6.238224563895899e+24,8.30738000283495e+24,1.0129013175616252e+25
2456.0,3.164819257549889e+24,4.3925942118128806e+24,6.239082483678239e+24,8.312158508598137e+24,1.0138586069949588e+25
2457.0,3.1682445508211584e+24,4.391379922408548e+24,6.244243945332532e+24,8.316487941615809e+24,1.014776899211834e+25
2458.0,3.1686921882699206e+24,4.38971032561461e+24,6.246376819730283e+24,8.321125484563998e+24,1.0155648478186833e+25
2459.0,3.170747664289875e+24,4.388765166561987e+24,6.248530144046459e+24,8.326221128270156e+24,1.0162033351232518e+25
2460.0,3.171008520605578e+24,4.3888855628925663e+24,6.250845449101703e+24,8.33372513396013e+24,1.0170016973931935e+25
2461.0,3.1708606224664865e+24,4.39009598334152e+24,6.253924985496279e+24,8.338438015674463e+24,1.017871816339796e+25
2462.0,3.170785662287634e+24,4.392276407685296e+24,6.257719511674278e+24,8.342536146588591e+24,1.0189570024606287e+25
2463.0,3.167114821144732e+24,4.3928651977428954e+24,6.261407716051761e+24,8.352686118856656e+24,1.0198463963163896e+25
2464.0,3.168921460485736e+24,4.3909222025807615e+24,6.263000436056416e+24,8.361217569036082e+24,1.0206227772273474e+25
2465.0,3.165425917351004e+24,4.390219744673336e+24,6.267831555853866e+24,8.369247153635627e+24,1.0212815781602364e+25
2466.0,3.168711477541708e+24,4.390221605135042e+24,6.269948506346396e+24,8.377504150897285e+24,1.0220380211729198e+25
2467.0,3.167367204280108e+24,4.3937964408499334e+24,6.269434855355128e+24,8.385622214527393e+24,1.0228501111608611e+25
2468.0,3.1739130607633013e+24,4.3952066237191275e+24,6.272290482105562e+24,8.392357863084743e+24,1.0236432620134662e+25
2469.0,3.175587016305677e+24,4.397712690587955e+24,6.274790041980905e+24,8.398086671653156e+24,1.02438469349663e+25
2470.0,3.176473645849466e+24,4.399860331742698e+24,6.275734725125851e+24,8.402914987582755e+24,1.025067049193718e+25
2471.0,3.175037377847404e+24,4.404175980987587e+24,6.277003106942197e+24,8.408429931161833e+24,1.0257395438615778e+25
2472.0,3.176084557223371e+24,4.407659750037795e+24,6.277808132847996e+24,8.411579133100488e+24,1.0263850932647418e+25
2473.0,3.1762384059927087e+24,4.4088828491894156e+24,6.278658501492754e+24,8.415551446508596e+24,1.0269879486215267e+25
2474.0,3.174318793138722e+24,4.4103433794975675e+24,6.284766761770228e+24,8.425904186087783e+24,1.0273060584322918e+25
2475.0,3.1747976253783136e+24,4.4123491422626903e+24,6.293961563615823e+24,8.437131473264401e+24,1.0275681157075096e+25
2476.0,3.1719648238089403e+24,4.414298965300259e+24,6.299755999761197e+24,8.442547210901714e+24,1.0277843345151711e+25
2477.0,3.167756546236183e+24,4.4162176346585017e+24,6.308361650318267e+24,8.446930429864233e+24,1.0280800662618888e+25
2478.0,3.17015448477842e+24,4.417773279445193e+24,6.30966801184596e+24,8.450053675834105e+24,1.0282103874684186e+25
2479.0,3.16997377988107e+24,4.417319362066016e+24,6.310272365535536e+24,8.451731609035865e+24,1.0285105598257936e+25
2480.0,3.170499890161877e+24,4.4202741706444777e+24,6.309647280237114e+24,8.455306993717737e+24,1.0288675672959242e+25
2481.0,3.169449781605117e+24,4.420396340775122e+24,6.308294112118123e+24,8.459344679255365e+24,1.0291030418873523e+25
2482.0,3.168945418230108e+24,4.4204143726584785e+24,6.313320990162779e+24,8.462473758613821e+24,1.0294876210154881e+25
2483.0,3.168017005000106e+24,4.421022318546532e+24,6.323577402602322e+24,8.464290786777588e+24,1.029893657981998e+25
2484.0,3.1707334151034496e+24,4.4222663554452397e+24,6.327457024976884e+24,8.46921994760691e+24,1.0303660993271996e+25
2485.0,3.1709922879869965e+24,4.4240426316888587e+24,6.328163060595882e+24,8.478268848343856e+24,1.030951085269278e+25
2486.0,3.1701839328961116e+24,4.423953418606565e+24,6.33177962692468e+24,8.482546286452133e+24,1.0317572668809849e+25
2487.0,3.1694805867990845e+24,4.4236286093379023e+24,6.335416743284993e+24,8.480467373039361e+24,1.0324828984172218e+25
2488.0,3.168286683113763e+24,4.42308310909204e+24,6.334254300092884e+24,8.486655241107816e+24,1.0335704115214377e+25
2489.0,3.168371299856699e+24,4.422464831527664e+24,6.334580645658712e+24,8.492333087890245e+24,1.034412786951804e+25
2490.0,3.1670974716333366e+24,4.420175677977739e+24,6.33547527851182e+24,8.498135709002882e+24,1.0353254225721977e+25
2491.0,3.1665774210746154e+24,4.417839217403857e+24,6.336839045279108e+24,8.502996452269135e+24,1.0360707154794211e+25
2492.0,3.166786531289006e+24,4.4163541555575473e+24,6.339239719471936e+24,8.509121078043643e+24,1.036978118540178e+25
2493.0,3.1648189142345555e+24,4.414662227327902e+24,6.343543722581293e+24,8.514183399938361e+24,1.0381890056618803e+25
2494.0,3.167616045918743e+24,4.413852636189068e+24,6.346901771269553e+24,8.523124594348121e+24,1.039382119679644e+25
2495.0,3.1676652406429006e+24,4.413170799349768e+24,6.349841324475414e+24,8.534319977187113e+24,1.0404340359696096e+25
2496.0,3.168441072625842e+24,4.412519091673719e+24,6.355286424336703e+24,8.544380346143321e+24,1.041410501167599e+25
2497.0,3.167901040697431e+24,4.4119801398898026e+24,6.358221287255359e+24,8.549274515861371e+24,1.0423921558832474e+25
2498.0,3.165174962045512e+24,4.4110712273181257e+24,6.35849195099326e+24,8.550952173167226e+24,1.043320605675303e+25
2499.0,3.1628632998930063e+24,4.410466919320183e+24,6.357066351525635e+24,8.554477489719574e+24,1.0441944437428484e+25
2500.0,3.1605846307254725e+24,4.4093337259841715e+24,6.357001872855415e+24,8.559645130793638e+24,1.044813515115829e+25
