Year,="Run 1: Aerosol Forcing.Effective Radiative Forcing from Aerosol Cloud Interactions[1]",="Run 2: Aerosol Forcing.Effective Radiative Forcing from Aerosol Cloud Interactions[1]",="Run 3: Aerosol Forcing.Effective Radiative Forcing from Aerosol Cloud Interactions[1]",="Run 4: Aerosol Forcing.Effective Radiative Forcing from Aerosol Cloud Interactions[1]",="Run 5: Aerosol Forcing.Effective Radiative Forcing from Aerosol Cloud Interactions[1]",="Run 6: Aerosol Forcing.Effective Radiative Forcing from Aerosol Cloud Interactions[1]",="Run 7: Aerosol Forcing.Effective Radiative Forcing from Aerosol Cloud Interactions[1]",="Run 8: Aerosol Forcing.Effective Radiative Forcing from Aerosol Cloud Interactions[1]",="Run 9: Aerosol Forcing.Effective Radiative Forcing from Aerosol Cloud Interactions[1]",="Run 10: Aerosol Forcing.Effective Radiative Forcing from Aerosol Cloud Interactions[1]",="Run 11: Aerosol Forcing.Effective Radiative Forcing from Aerosol Cloud Interactions[1]",="Run 12: Aerosol Forcing.Effective Radiative Forcing from Aerosol Cloud Interactions[1]",="Run 13: Aerosol Forcing.Effective Radiative Forcing from Aerosol Cloud Interactions[1]",="Run 14: Aerosol Forcing.Effective Radiative Forcing from Aerosol Cloud Interactions[1]",="Run 15: Aerosol Forcing.Effective Radiative Forcing from Aerosol Cloud Interactions[1]",="Run 16: Aerosol Forcing.Effective Radiative Forcing from Aerosol Cloud Interactions[1]",="Run 17: Aerosol Forcing.Effective Radiative Forcing from Aerosol Cloud Interactions[1]",="Run 18: Aerosol Forcing.Effective Radiative Forcing from Aerosol Cloud Interactions[1]",="Run 19: Aerosol Forcing.Effective Radiative Forcing from Aerosol Cloud Interactions[1]",="Run 20: Aerosol Forcing.Effective Radiative Forcing from Aerosol Cloud Interactions[1]",="Run 21: Aerosol Forcing.Effective Radiative Forcing from Aerosol Cloud Interactions[1]",="Run 22: Aerosol Forcing.Effective Radiative Forcing from Aerosol Cloud Interactions[1]",="Run 23: Aerosol Forcing.Effective Radiative Forcing from Aerosol Cloud Interactions[1]",="Run 24: Aerosol Forcing.Effective Radiative Forcing from Aerosol Cloud Interactions[1]",="Run 25: Aerosol Forcing.Effective Radiative Forcing from Aerosol Cloud Interactions[1]",="Run 26: Aerosol Forcing.Effective Radiative Forcing from Aerosol Cloud Interactions[1]",="Run 27: Aerosol Forcing.Effective Radiative Forcing from Aerosol Cloud Interactions[1]",="Run 28: Aerosol Forcing.Effective Radiative Forcing from Aerosol Cloud Interactions[1]",="Run 29: Aerosol Forcing.Effective Radiative Forcing from Aerosol Cloud Interactions[1]",="Run 30: Aerosol Forcing.Effective Radiative Forcing from Aerosol Cloud Interactions[1]",="Run 31: Aerosol Forcing.Effective Radiative Forcing from Aerosol Cloud Interactions[1]",="Run 32: Aerosol Forcing.Effective Radiative Forcing from Aerosol Cloud Interactions[1]",="Run 33: Aerosol Forcing.Effective Radiative Forcing from Aerosol Cloud Interactions[1]",="Run 34: Aerosol Forcing.Effective Radiative Forcing from Aerosol Cloud Interactions[1]",="Run 35: Aerosol Forcing.Effective Radiative Forcing from Aerosol Cloud Interactions[1]",="Run 36: Aerosol Forcing.Effective Radiative Forcing from Aerosol Cloud Interactions[1]",="Run 37: Aerosol Forcing.Effective Radiative Forcing from Aerosol Cloud Interactions[1]",="Run 38: Aerosol Forcing.Effective Radiative Forcing from Aerosol Cloud Interactions[1]",="Run 39: Aerosol Forcing.Effective Radiative Forcing from Aerosol Cloud Interactions[1]",="Run 40: Aerosol Forcing.Effective Radiative Forcing from Aerosol Cloud Interactions[1]",="Run 41: Aerosol Forcing.Effective Radiative Forcing from Aerosol Cloud Interactions[1]",="Run 42: Aerosol Forcing.Effective Radiative Forcing from Aerosol Cloud Interactions[1]",="Run 43: Aerosol Forcing.Effective Radiative Forcing from Aerosol Cloud Interactions[1]",="Run 44: Aerosol Forcing.Effective Radiative Forcing from Aerosol Cloud Interactions[1]",="Run 45: Aerosol Forcing.Effective Radiative Forcing from Aerosol Cloud Interactions[1]",="Run 46: Aerosol Forcing.Effective Radiative Forcing from Aerosol Cloud Interactions[1]",="Run 47: Aerosol Forcing.Effective Radiative Forcing from Aerosol Cloud Interactions[1]",="Run 48: Aerosol Forcing.Effective Radiative Forcing from Aerosol Cloud Interactions[1]",="Run 49: Aerosol Forcing.Effective Radiative Forcing from Aerosol Cloud Interactions[1]",="Run 50: Aerosol Forcing.Effective Radiative Forcing from Aerosol Cloud Interactions[1]",="Run 51: Aerosol Forcing.Effective Radiative Forcing from Aerosol Cloud Interactions[1]",="Run 52: Aerosol Forcing.Effective Radiative Forcing from Aerosol Cloud Interactions[1]",="Run 53: Aerosol Forcing.Effective Radiative Forcing from Aerosol Cloud Interactions[1]",="Run 54: Aerosol Forcing.Effective Radiative Forcing from Aerosol Cloud Interactions[1]",="Run 55: Aerosol Forcing.Effective Radiative Forcing from Aerosol Cloud Interactions[1]",="Run 56: Aerosol Forcing.Effective Radiative Forcing from Aerosol Cloud Interactions[1]",="Run 57: Aerosol Forcing.Effective Radiative Forcing from Aerosol Cloud Interactions[1]",="Run 58: Aerosol Forcing.Effective Radiative Forcing from Aerosol Cloud Interactions[1]",="Run 59: Aerosol Forcing.Effective Radiative Forcing from Aerosol Cloud Interactions[1]",="Run 60: Aerosol Forcing.Effective Radiative Forcing from Aerosol Cloud Interactions[1]",="Run 61: Aerosol Forcing.Effective Radiative Forcing from Aerosol Cloud Interactions[1]",="Run 62: Aerosol Forcing.Effective Radiative Forcing from Aerosol Cloud Interactions[1]",="Run 63: Aerosol Forcing.Effective Radiative Forcing from Aerosol Cloud Interactions[1]",="Run 64: Aerosol Forcing.Effective Radiative Forcing from Aerosol Cloud Interactions[1]",="Run 65: Aerosol Forcing.Effective Radiative Forcing from Aerosol Cloud Interactions[1]",="Run 66: Aerosol Forcing.Effective Radiative Forcing from Aerosol Cloud Interactions[1]",="Run 67: Aerosol Forcing.Effective Radiative Forcing from Aerosol Cloud Interactions[1]",="Run 68: Aerosol Forcing.Effective Radiative Forcing from Aerosol Cloud Interactions[1]",="Run 69: Aerosol Forcing.Effective Radiative Forcing from Aerosol Cloud Interactions[1]",="Run 70: Aerosol Forcing.Effective Radiative Forcing from Aerosol Cloud Interactions[1]",="Run 71: Aerosol Forcing.Effective Radiative Forcing from Aerosol Cloud Interactions[1]",="Run 72: Aerosol Forcing.Effective Radiative Forcing from Aerosol Cloud Interactions[1]",="Run 73: Aerosol Forcing.Effective Radiative Forcing from Aerosol Cloud Interactions[1]",="Run 74: Aerosol Forcing.Effective Radiative Forcing from Aerosol Cloud Interactions[1]",="Run 75: Aerosol Forcing.Effective Radiative Forcing from Aerosol Cloud Interactions[1]",="Run 76: Aerosol Forcing.Effective Radiative Forcing from Aerosol Cloud Interactions[1]",="Run 77: Aerosol Forcing.Effective Radiative Forcing from Aerosol Cloud Interactions[1]",="Run 78: Aerosol Forcing.Effective Radiative Forcing from Aerosol Cloud Interactions[1]",="Run 79: Aerosol Forcing.Effective Radiative Forcing from Aerosol Cloud Interactions[1]",="Run 80: Aerosol Forcing.Effective Radiative Forcing from Aerosol Cloud Interactions[1]",="Run 81: Aerosol Forcing.Effective Radiative Forcing from Aerosol Cloud Interactions[1]",="Run 82: Aerosol Forcing.Effective Radiative Forcing from Aerosol Cloud Interactions[1]",="Run 83: Aerosol Forcing.Effective Radiative Forcing from Aerosol Cloud Interactions[1]",="Run 84: Aerosol Forcing.Effective Radiative Forcing from Aerosol Cloud Interactions[1]",="Run 85: Aerosol Forcing.Effective Radiative Forcing from Aerosol Cloud Interactions[1]",="Run 86: Aerosol Forcing.Effective Radiative Forcing from Aerosol Cloud Interactions[1]",="Run 87: Aerosol Forcing.Effective Radiative Forcing from Aerosol Cloud Interactions[1]",="Run 88: Aerosol Forcing.Effective Radiative Forcing from Aerosol Cloud Interactions[1]",="Run 89: Aerosol Forcing.Effective Radiative Forcing from Aerosol Cloud Interactions[1]",="Run 90: Aerosol Forcing.Effective Radiative Forcing from Aerosol Cloud Interactions[1]",="Run 91: Aerosol Forcing.Effective Radiative Forcing from Aerosol Cloud Interactions[1]",="Run 92: Aerosol Forcing.Effective Radiative Forcing from Aerosol Cloud Interactions[1]",="Run 93: Aerosol Forcing.Effective Radiative Forcing from Aerosol Cloud Interactions[1]",="Run 94: Aerosol Forcing.Effective Radiative Forcing from Aerosol Cloud Interactions[1]",="Run 95: Aerosol Forcing.Effective Radiative Forcing from Aerosol Cloud Interactions[1]",="Run 96: Aerosol Forcing.Effective Radiative Forcing from Aerosol Cloud Interactions[1]",="Run 97: Aerosol Forcing.Effective Radiative Forcing from Aerosol Cloud Interactions[1]",="Run 98: Aerosol Forcing.Effective Radiative Forcing from Aerosol Cloud Interactions[1]",="Run 99: Aerosol Forcing.Effective Radiative Forcing from Aerosol Cloud Interactions[1]",="Run 100: Aerosol Forcing.Effective Radiative Forcing from Aerosol Cloud Interactions[1]",="Run 1: Aerosol Forcing.Effective Radiative Forcing from Aerosol Radiation Interactions[1]",="Run 2: Aerosol Forcing.Effective Radiative Forcing from Aerosol Radiation Interactions[1]",="Run 3: Aerosol Forcing.Effective Radiative Forcing from Aerosol Radiation Interactions[1]",="Run 4: Aerosol Forcing.Effective Radiative Forcing from Aerosol Radiation Interactions[1]",="Run 5: Aerosol Forcing.Effective Radiative Forcing from Aerosol Radiation Interactions[1]",="Run 6: Aerosol Forcing.Effective Radiative Forcing from Aerosol Radiation Interactions[1]",="Run 7: Aerosol Forcing.Effective Radiative Forcing from Aerosol Radiation Interactions[1]",="Run 8: Aerosol Forcing.Effective Radiative Forcing from Aerosol Radiation Interactions[1]",="Run 9: Aerosol Forcing.Effective Radiative Forcing from Aerosol Radiation Interactions[1]",="Run 10: Aerosol Forcing.Effective Radiative Forcing from Aerosol Radiation Interactions[1]",="Run 11: Aerosol Forcing.Effective Radiative Forcing from Aerosol Radiation Interactions[1]",="Run 12: Aerosol Forcing.Effective Radiative Forcing from Aerosol Radiation Interactions[1]",="Run 13: Aerosol Forcing.Effective Radiative Forcing from Aerosol Radiation Interactions[1]",="Run 14: Aerosol Forcing.Effective Radiative Forcing from Aerosol Radiation Interactions[1]",="Run 15: Aerosol Forcing.Effective Radiative Forcing from Aerosol Radiation Interactions[1]",="Run 16: Aerosol Forcing.Effective Radiative Forcing from Aerosol Radiation Interactions[1]",="Run 17: Aerosol Forcing.Effective Radiative Forcing from Aerosol Radiation Interactions[1]",="Run 18: Aerosol Forcing.Effective Radiative Forcing from Aerosol Radiation Interactions[1]",="Run 19: Aerosol Forcing.Effective Radiative Forcing from Aerosol Radiation Interactions[1]",="Run 20: Aerosol Forcing.Effective Radiative Forcing from Aerosol Radiation Interactions[1]",="Run 21: Aerosol Forcing.Effective Radiative Forcing from Aerosol Radiation Interactions[1]",="Run 22: Aerosol Forcing.Effective Radiative Forcing from Aerosol Radiation Interactions[1]",="Run 23: Aerosol Forcing.Effective Radiative Forcing from Aerosol Radiation Interactions[1]",="Run 24: Aerosol Forcing.Effective Radiative Forcing from Aerosol Radiation Interactions[1]",="Run 25: Aerosol Forcing.Effective Radiative Forcing from Aerosol Radiation Interactions[1]",="Run 26: Aerosol Forcing.Effective Radiative Forcing from Aerosol Radiation Interactions[1]",="Run 27: Aerosol Forcing.Effective Radiative Forcing from Aerosol Radiation Interactions[1]",="Run 28: Aerosol Forcing.Effective Radiative Forcing from Aerosol Radiation Interactions[1]",="Run 29: Aerosol Forcing.Effective Radiative Forcing from Aerosol Radiation Interactions[1]",="Run 30: Aerosol Forcing.Effective Radiative Forcing from Aerosol Radiation Interactions[1]",="Run 31: Aerosol Forcing.Effective Radiative Forcing from Aerosol Radiation Interactions[1]",="Run 32: Aerosol Forcing.Effective Radiative Forcing from Aerosol Radiation Interactions[1]",="Run 33: Aerosol Forcing.Effective Radiative Forcing from Aerosol Radiation Interactions[1]",="Run 34: Aerosol Forcing.Effective Radiative Forcing from Aerosol Radiation Interactions[1]",="Run 35: Aerosol Forcing.Effective Radiative Forcing from Aerosol Radiation Interactions[1]",="Run 36: Aerosol Forcing.Effective Radiative Forcing from Aerosol Radiation Interactions[1]",="Run 37: Aerosol Forcing.Effective Radiative Forcing from Aerosol Radiation Interactions[1]",="Run 38: Aerosol Forcing.Effective Radiative Forcing from Aerosol Radiation Interactions[1]",="Run 39: Aerosol Forcing.Effective Radiative Forcing from Aerosol Radiation Interactions[1]",="Run 40: Aerosol Forcing.Effective Radiative Forcing from Aerosol Radiation Interactions[1]",="Run 41: Aerosol Forcing.Effective Radiative Forcing from Aerosol Radiation Interactions[1]",="Run 42: Aerosol Forcing.Effective Radiative Forcing from Aerosol Radiation Interactions[1]",="Run 43: Aerosol Forcing.Effective Radiative Forcing from Aerosol Radiation Interactions[1]",="Run 44: Aerosol Forcing.Effective Radiative Forcing from Aerosol Radiation Interactions[1]",="Run 45: Aerosol Forcing.Effective Radiative Forcing from Aerosol Radiation Interactions[1]",="Run 46: Aerosol Forcing.Effective Radiative Forcing from Aerosol Radiation Interactions[1]",="Run 47: Aerosol Forcing.Effective Radiative Forcing from Aerosol Radiation Interactions[1]",="Run 48: Aerosol Forcing.Effective Radiative Forcing from Aerosol Radiation Interactions[1]",="Run 49: Aerosol Forcing.Effective Radiative Forcing from Aerosol Radiation Interactions[1]",="Run 50: Aerosol Forcing.Effective Radiative Forcing from Aerosol Radiation Interactions[1]",="Run 51: Aerosol Forcing.Effective Radiative Forcing from Aerosol Radiation Interactions[1]",="Run 52: Aerosol Forcing.Effective Radiative Forcing from Aerosol Radiation Interactions[1]",="Run 53: Aerosol Forcing.Effective Radiative Forcing from Aerosol Radiation Interactions[1]",="Run 54: Aerosol Forcing.Effective Radiative Forcing from Aerosol Radiation Interactions[1]",="Run 55: Aerosol Forcing.Effective Radiative Forcing from Aerosol Radiation Interactions[1]",="Run 56: Aerosol Forcing.Effective Radiative Forcing from Aerosol Radiation Interactions[1]",="Run 57: Aerosol Forcing.Effective Radiative Forcing from Aerosol Radiation Interactions[1]",="Run 58: Aerosol Forcing.Effective Radiative Forcing from Aerosol Radiation Interactions[1]",="Run 59: Aerosol Forcing.Effective Radiative Forcing from Aerosol Radiation Interactions[1]",="Run 60: Aerosol Forcing.Effective Radiative Forcing from Aerosol Radiation Interactions[1]",="Run 61: Aerosol Forcing.Effective Radiative Forcing from Aerosol Radiation Interactions[1]",="Run 62: Aerosol Forcing.Effective Radiative Forcing from Aerosol Radiation Interactions[1]",="Run 63: Aerosol Forcing.Effective Radiative Forcing from Aerosol Radiation Interactions[1]",="Run 64: Aerosol Forcing.Effective Radiative Forcing from Aerosol Radiation Interactions[1]",="Run 65: Aerosol Forcing.Effective Radiative Forcing from Aerosol Radiation Interactions[1]",="Run 66: Aerosol Forcing.Effective Radiative Forcing from Aerosol Radiation Interactions[1]",="Run 67: Aerosol Forcing.Effective Radiative Forcing from Aerosol Radiation Interactions[1]",="Run 68: Aerosol Forcing.Effective Radiative Forcing from Aerosol Radiation Interactions[1]",="Run 69: Aerosol Forcing.Effective Radiative Forcing from Aerosol Radiation Interactions[1]",="Run 70: Aerosol Forcing.Effective Radiative Forcing from Aerosol Radiation Interactions[1]",="Run 71: Aerosol Forcing.Effective Radiative Forcing from Aerosol Radiation Interactions[1]",="Run 72: Aerosol Forcing.Effective Radiative Forcing from Aerosol Radiation Interactions[1]",="Run 73: Aerosol Forcing.Effective Radiative Forcing from Aerosol Radiation Interactions[1]",="Run 74: Aerosol Forcing.Effective Radiative Forcing from Aerosol Radiation Interactions[1]",="Run 75: Aerosol Forcing.Effective Radiative Forcing from Aerosol Radiation Interactions[1]",="Run 76: Aerosol Forcing.Effective Radiative Forcing from Aerosol Radiation Interactions[1]",="Run 77: Aerosol Forcing.Effective Radiative Forcing from Aerosol Radiation Interactions[1]",="Run 78: Aerosol Forcing.Effective Radiative Forcing from Aerosol Radiation Interactions[1]",="Run 79: Aerosol Forcing.Effective Radiative Forcing from Aerosol Radiation Interactions[1]",="Run 80: Aerosol Forcing.Effective Radiative Forcing from Aerosol Radiation Interactions[1]",="Run 81: Aerosol Forcing.Effective Radiative Forcing from Aerosol Radiation Interactions[1]",="Run 82: Aerosol Forcing.Effective Radiative Forcing from Aerosol Radiation Interactions[1]",="Run 83: Aerosol Forcing.Effective Radiative Forcing from Aerosol Radiation Interactions[1]",="Run 84: Aerosol Forcing.Effective Radiative Forcing from Aerosol Radiation Interactions[1]",="Run 85: Aerosol Forcing.Effective Radiative Forcing from Aerosol Radiation Interactions[1]",="Run 86: Aerosol Forcing.Effective Radiative Forcing from Aerosol Radiation Interactions[1]",="Run 87: Aerosol Forcing.Effective Radiative Forcing from Aerosol Radiation Interactions[1]",="Run 88: Aerosol Forcing.Effective Radiative Forcing from Aerosol Radiation Interactions[1]",="Run 89: Aerosol Forcing.Effective Radiative Forcing from Aerosol Radiation Interactions[1]",="Run 90: Aerosol Forcing.Effective Radiative Forcing from Aerosol Radiation Interactions[1]",="Run 91: Aerosol Forcing.Effective Radiative Forcing from Aerosol Radiation Interactions[1]",="Run 92: Aerosol Forcing.Effective Radiative Forcing from Aerosol Radiation Interactions[1]",="Run 93: Aerosol Forcing.Effective Radiative Forcing from Aerosol Radiation Interactions[1]",="Run 94: Aerosol Forcing.Effective Radiative Forcing from Aerosol Radiation Interactions[1]",="Run 95: Aerosol Forcing.Effective Radiative Forcing from Aerosol Radiation Interactions[1]",="Run 96: Aerosol Forcing.Effective Radiative Forcing from Aerosol Radiation Interactions[1]",="Run 97: Aerosol Forcing.Effective Radiative Forcing from Aerosol Radiation Interactions[1]",="Run 98: Aerosol Forcing.Effective Radiative Forcing from Aerosol Radiation Interactions[1]",="Run 99: Aerosol Forcing.Effective Radiative Forcing from Aerosol Radiation Interactions[1]",="Run 100: Aerosol Forcing.Effective Radiative Forcing from Aerosol Radiation Interactions[1]"
2005,,,,,,,,,,,,,,,,,,,,,,,,,,,,,,,,,,,,,,,,,,,,,,,,,,,,,,,,,,,,,,,,,,,,,,,,,,,,,,,,,,,,,,,,,,,,,,,,,,,,,,,,,,,,,,,,,,,,,,,,,,,,,,,,,,,,,,,,,,,,,,,,,,,,,,,,,,,,,,,,,,,,,,,,,,,,,,,,,,,,,,,,,,,,,,,,,,,,,,,,
2006,,,,,,,,,,,,,,,,,,,,,,,,,,,,,,,,,,,,,,,,,,,,,,,,,,,,,,,,,,,,,,,,,,,,,,,,,,,,,,,,,,,,,,,,,,,,,,,,,,,,,,,,,,,,,,,,,,,,,,,,,,,,,,,,,,,,,,,,,,,,,,,,,,,,,,,,,,,,,,,,,,,,,,,,,,,,,,,,,,,,,,,,,,,,,,,,,,,,,,,,
2007,,,,,,,,,,,,,,,,,,,,,,,,,,,,,,,,,,,,,,,,,,,,,,,,,,,,,,,,,,,,,,,,,,,,,,,,,,,,,,,,,,,,,,,,,,,,,,,,,,,,,,,,,,,,,,,,,,,,,,,,,,,,,,,,,,,,,,,,,,,,,,,,,,,,,,,,,,,,,,,,,,,,,,,,,,,,,,,,,,,,,,,,,,,,,,,,,,,,,,,,
2008,,,,,,,,,,,,,,,,,,,,,,,,,,,,,,,,,,,,,,,,,,,,,,,,,,,,,,,,,,,,,,,,,,,,,,,,,,,,,,,,,,,,,,,,,,,,,,,,,,,,,,,,,,,,,,,,,,,,,,,,,,,,,,,,,,,,,,,,,,,,,,,,,,,,,,,,,,,,,,,,,,,,,,,,,,,,,,,,,,,,,,,,,,,,,,,,,,,,,,,,
2009,,,,,,,,,,,,,,,,,,,,,,,,,,,,,,,,,,,,,,,,,,,,,,,,,,,,,,,,,,,,,,,,,,,,,,,,,,,,,,,,,,,,,,,,,,,,,,,,,,,,,,,,,,,,,,,,,,,,,,,,,,,,,,,,,,,,,,,,,,,,,,,,,,,,,,,,,,,,,,,,,,,,,,,,,,,,,,,,,,,,,,,,,,,,,,,,,,,,,,,,
2010,,,,,,,,,,,,,,,,,,,,,,,,,,,,,,,,,,,,,,,,,,,,,,,,,,,,,,,,,,,,,,,,,,,,,,,,,,,,,,,,,,,,,,,,,,,,,,,,,,,,,,,,,,,,,,,,,,,,,,,,,,,,,,,,,,,,,,,,,,,,,,,,,,,,,,,,,,,,,,,,,,,,,,,,,,,,,,,,,,,,,,,,,,,,,,,,,,,,,,,,
2011,,,,,,,,,,,,,,,,,,,,,,,,,,,,,,,,,,,,,,,,,,,,,,,,,,,,,,,,,,,,,,,,,,,,,,,,,,,,,,,,,,,,,,,,,,,,,,,,,,,,,,,,,,,,,,,,,,,,,,,,,,,,,,,,,,,,,,,,,,,,,,,,,,,,,,,,,,,,,,,,,,,,,,,,,,,,,,,,,,,,,,,,,,,,,,,,,,,,,,,,
2012,,,,,,,,,,,,,,,,,,,,,,,,,,,,,,,,,,,,,,,,,,,,,,,,,,,,,,,,,,,,,,,,,,,,,,,,,,,,,,,,,,,,,,,,,,,,,,,,,,,,,,,,,,,,,,,,,,,,,,,,,,,,,,,,,,,,,,,,,,,,,,,,,,,,,,,,,,,,,,,,,,,,,,,,,,,,,,,,,,,,,,,,,,,,,,,,,,,,,,,,
2013,,,,,,,,,,,,,,,,,,,,,,,,,,,,,,,,,,,,,,,,,,,,,,,,,,,,,,,,,,,,,,,,,,,,,,,,,,,,,,,,,,,,,,,,,,,,,,,,,,,,,,,,,,,,,,,,,,,,,,,,,,,,,,,,,,,,,,,,,,,,,,,,,,,,,,,,,,,,,,,,,,,,,,,,,,,,,,,,,,,,,,,,,,,,,,,,,,,,,,,,
2014,,,,,,,,,,,,,,,,,,,,,,,,,,,,,,,,,,,,,,,,,,,,,,,,,,,,,,,,,,,,,,,,,,,,,,,,,,,,,,,,,,,,,,,,,,,,,,,,,,,,,,,,,,,,,,,,,,,,,,,,,,,,,,,,,,,,,,,,,,,,,,,,,,,,,,,,,,,,,,,,,,,,,,,,,,,,,,,,,,,,,,,,,,,,,,,,,,,,,,,,
