idx,Category,Variable,Unit,Definition,Tier,Report when,Report for,,Note,,
1,Atmospheric Concentrations,Atmospheric Concentrations|CH4,ppb,atmospheric concentrations of CH4,1,Non-idealised and if emissions-driven,Each ensemble member,,,,
2,Atmospheric Concentrations,Atmospheric Concentrations|CO2,ppm,atmospheric concentrations of CO2,1,If emissions-driven,Each ensemble member,,,Tier,Number of variables
3,Atmospheric Concentrations,Atmospheric Concentrations|F-Gases|HFC|HFC125,ppt,atmospheric concentrations of HFC125,3,Non-idealised and if emissions-driven,Each ensemble member,,,1,30
4,Atmospheric Concentrations,Atmospheric Concentrations|F-Gases|HFC|HFC134a,ppt,atmospheric concentrations of HFC134a,3,Non-idealised and if emissions-driven,Each ensemble member,,,2,45
5,Atmospheric Concentrations,Atmospheric Concentrations|F-Gases|HFC|HFC143a,ppt,atmospheric concentrations of HFC143a,3,Non-idealised and if emissions-driven,Each ensemble member,,,3,122
6,Atmospheric Concentrations,Atmospheric Concentrations|F-Gases|HFC|HFC152a,ppt,atmospheric concentrations of HFC152a,3,Non-idealised and if emissions-driven,Each ensemble member,,,,
7,Atmospheric Concentrations,Atmospheric Concentrations|F-Gases|HFC|HFC227ea,ppt,atmospheric concentrations of HFC227ea,3,Non-idealised and if emissions-driven,Each ensemble member,,,,
8,Atmospheric Concentrations,Atmospheric Concentrations|F-Gases|HFC|HFC23,ppt,atmospheric concentrations of HFC23,3,Non-idealised and if emissions-driven,Each ensemble member,,,,
9,Atmospheric Concentrations,Atmospheric Concentrations|F-Gases|HFC|HFC236fa,ppt,atmospheric concentrations of HFC236fa,3,Non-idealised and if emissions-driven,Each ensemble member,,,,
10,Atmospheric Concentrations,Atmospheric Concentrations|F-Gases|HFC|HFC245fa,ppt,atmospheric concentrations of HFC245fa,3,Non-idealised and if emissions-driven,Each ensemble member,,,,
11,Atmospheric Concentrations,Atmospheric Concentrations|F-Gases|HFC|HFC32,ppt,atmospheric concentrations of HFC32,3,Non-idealised and if emissions-driven,Each ensemble member,,,,
12,Atmospheric Concentrations,Atmospheric Concentrations|F-Gases|HFC|HFC365mfc,ppt,atmospheric concentrations of HFC365mfc,3,Non-idealised and if emissions-driven,Each ensemble member,,,,
13,Atmospheric Concentrations,Atmospheric Concentrations|F-Gases|HFC|HFC4310mee,ppt,atmospheric concentrations of HFC43-10mee,3,Non-idealised and if emissions-driven,Each ensemble member,,,,
14,Atmospheric Concentrations,Atmospheric Concentrations|F-Gases|NF3,ppt,atmospheric concentrations of nitrogen trifluoride (NF3),3,Non-idealised and if emissions-driven,Each ensemble member,,,,
15,Atmospheric Concentrations,Atmospheric Concentrations|F-Gases|PFC|C2F6,ppt,atmospheric concentrations of C2F6,3,Non-idealised and if emissions-driven,Each ensemble member,,,,
16,Atmospheric Concentrations,Atmospheric Concentrations|F-Gases|PFC|C3F8,ppt,atmospheric concentrations of C3F8,3,Non-idealised and if emissions-driven,Each ensemble member,,,,
17,Atmospheric Concentrations,Atmospheric Concentrations|F-Gases|PFC|C4F10,ppt,atmospheric concentrations of C4F10,3,Non-idealised and if emissions-driven,Each ensemble member,,,,
18,Atmospheric Concentrations,Atmospheric Concentrations|F-Gases|PFC|C5F12,ppt,atmospheric concentrations of C5F12,3,Non-idealised and if emissions-driven,Each ensemble member,,,,
19,Atmospheric Concentrations,Atmospheric Concentrations|F-Gases|PFC|C6F14,ppt,atmospheric concentrations of C6F14,3,Non-idealised and if emissions-driven,Each ensemble member,,,,
20,Atmospheric Concentrations,Atmospheric Concentrations|F-Gases|PFC|C7F16,ppt,atmospheric concentrations of C7F16,3,Non-idealised and if emissions-driven,Each ensemble member,,,,
21,Atmospheric Concentrations,Atmospheric Concentrations|F-Gases|PFC|C8F18,ppt,atmospheric concentrations of C8F18,3,Non-idealised and if emissions-driven,Each ensemble member,,,,
22,Atmospheric Concentrations,Atmospheric Concentrations|F-Gases|PFC|cC4F8,ppt,atmospheric concentrations of c-C4F8,3,Non-idealised and if emissions-driven,Each ensemble member,,,,
23,Atmospheric Concentrations,Atmospheric Concentrations|F-Gases|PFC|CF4,ppt,atmospheric concentrations of CF4,3,Non-idealised and if emissions-driven,Each ensemble member,,,,
24,Atmospheric Concentrations,Atmospheric Concentrations|F-Gases|SF6,ppt,atmospheric concentrations of sulfur hexafluoride (SF6),3,Non-idealised and if emissions-driven,Each ensemble member,,,,
25,Atmospheric Concentrations,Atmospheric Concentrations|F-Gases|SO2F2,ppt,atmospheric concentrations of sulfuryl fluoride (SO2F2),3,Non-idealised and if emissions-driven,Each ensemble member,,,,
26,Atmospheric Concentrations,Atmospheric Concentrations|Montreal Gases|CCl4,ppt,atmospheric concentrations of CCl4,3,Non-idealised and if emissions-driven,Each ensemble member,,,,
27,Atmospheric Concentrations,Atmospheric Concentrations|Montreal Gases|CFC|CFC11,ppt,atmospheric concentrations of CFC11,3,Non-idealised and if emissions-driven,Each ensemble member,,,,
28,Atmospheric Concentrations,Atmospheric Concentrations|Montreal Gases|CFC|CFC113,ppt,atmospheric concentrations of CFC113,3,Non-idealised and if emissions-driven,Each ensemble member,,,,
29,Atmospheric Concentrations,Atmospheric Concentrations|Montreal Gases|CFC|CFC114,ppt,atmospheric concentrations of CFC114,3,Non-idealised and if emissions-driven,Each ensemble member,,,,
30,Atmospheric Concentrations,Atmospheric Concentrations|Montreal Gases|CFC|CFC115,ppt,atmospheric concentrations of CFC115,3,Non-idealised and if emissions-driven,Each ensemble member,,,,
31,Atmospheric Concentrations,Atmospheric Concentrations|Montreal Gases|CFC|CFC12,ppt,atmospheric concentrations of CFC12,3,Non-idealised and if emissions-driven,Each ensemble member,,,,
32,Atmospheric Concentrations,Atmospheric Concentrations|Montreal Gases|CH2Cl2,ppt,atmospheric concentrations of CH2Cl2,3,Non-idealised and if emissions-driven,Each ensemble member,,,,
33,Atmospheric Concentrations,Atmospheric Concentrations|Montreal Gases|CH3Br,ppt,atmospheric concentrations of CH3Br,3,Non-idealised and if emissions-driven,Each ensemble member,,,,
34,Atmospheric Concentrations,Atmospheric Concentrations|Montreal Gases|CH3CCl3,ppt,atmospheric concentrations of CH3CCl3,3,Non-idealised and if emissions-driven,Each ensemble member,,,,
35,Atmospheric Concentrations,Atmospheric Concentrations|Montreal Gases|CH3Cl,ppt,atmospheric concentrations of CH3Cl,3,Non-idealised and if emissions-driven,Each ensemble member,,,,
36,Atmospheric Concentrations,Atmospheric Concentrations|Montreal Gases|CHCl3,ppt,atmospheric concentrations of CHCl3,3,Non-idealised and if emissions-driven,Each ensemble member,,,,
37,Atmospheric Concentrations,Atmospheric Concentrations|Montreal Gases|Halon1202,ppt,atmospheric concentrations of Halon-1202,3,Non-idealised and if emissions-driven,Each ensemble member,,,,
38,Atmospheric Concentrations,Atmospheric Concentrations|Montreal Gases|Halon1211,ppt,atmospheric concentrations of Halon-1211,3,Non-idealised and if emissions-driven,Each ensemble member,,,,
39,Atmospheric Concentrations,Atmospheric Concentrations|Montreal Gases|Halon1301,ppt,atmospheric concentrations of Halon-1301,3,Non-idealised and if emissions-driven,Each ensemble member,,,,
40,Atmospheric Concentrations,Atmospheric Concentrations|Montreal Gases|Halon2402,ppt,atmospheric concentrations of Halon-2402,3,Non-idealised and if emissions-driven,Each ensemble member,,,,
41,Atmospheric Concentrations,Atmospheric Concentrations|Montreal Gases|HCFC141b,ppt,atmospheric concentrations of HCFC141b,3,Non-idealised and if emissions-driven,Each ensemble member,,,,
42,Atmospheric Concentrations,Atmospheric Concentrations|Montreal Gases|HCFC142b,ppt,atmospheric concentrations of HCFC22,3,Non-idealised and if emissions-driven,Each ensemble member,,,,
43,Atmospheric Concentrations,Atmospheric Concentrations|Montreal Gases|HCFC22,ppt,atmospheric concentrations of HCFC22,3,Non-idealised and if emissions-driven,Each ensemble member,,,,
44,Atmospheric Concentrations,Atmospheric Concentrations|N2O,ppb,atmospheric concentrations of N2O,1,Non-idealised and if emissions-driven,Each ensemble member,,,,
45,Methane Cycle,Atmospheric Lifetime|CH4,yr,total atmospheric lifetime of methane,2,Non-idealised,Each ensemble member,,,,
46,Nitrogen Cycle,Atmospheric Lifetime|N2O,yr,total atmospheric lifetime of nitrogen,2,Non-idealised,Each ensemble member,,,,
47,Carbon Cycle,Carbon Flux|Land|Autotrophic Respiration,Mt CO2/yr,"CO2 flux associated to vegetation respiration, transporting carbon from the vegetation carbon pool to the atmosphere pool. A positive value indicates a loss of vegetation carbon from this flux.",2,Always,Each ensemble member,,,,
48,Carbon Cycle,Carbon Flux|Land|Decomposition,Mt CO2/yr,"CO2 flux associated to litter decomposition, transporting carbon from the litter carbon pool to the soil pool. A positive value indicates a loss of the litter carbon pool from this flux.",2,Always,Each ensemble member,,,,
49,Carbon Cycle,Carbon Flux|Land|Gross Primary Production,Mt CO2/yr,"CO2 flux associated with Gross Primary Production, transporting carbon mainly from the atmosphere to the vegetation carbon pool. A positive value indicates a gain of vegetation carbon from this flux.",2,Always,Each ensemble member,,,,
50,Carbon Cycle,Carbon Flux|Land|Gross Primary Production|Litter,Mt CO2/yr,"CO2 flux associated with Gross Primary Production, transporting carbon exclusively from the atmosphere to the litter carbon pool. A positive value indicates a gain of litter carbon from this flux.",3,Always,Each ensemble member,,Only report if GPP transports carbon to a different pool than vegetation,,
51,Carbon Cycle,Carbon Flux|Land|Gross Primary Production|Soil,Mt CO2/yr,"CO2 Primary Production carbon flux, transporting carbon exclusively from the atmosphere to the soil carbon pool. A positive value indicates a gain of soil carbon from this flux.",3,Always,Each ensemble member,,Only report if GPP transports carbon to a different pool than vegetation,,
52,Carbon Cycle,Carbon Flux|Land|Gross Primary Production|Vegetation,Mt CO2/yr,"CO2 flux associated with Gross Primary Production, transporting carbon exclusively from the atmosphere to the vegetation carbon pool. A positive value indicates a gain of vegetation carbon from this flux.",3,Always,Each ensemble member,,Only report if GPP transports carbon to a different pool than vegetation,,
53,Carbon Cycle,Carbon Flux|Land|Heterotrophic Respiration|Litter,Mt CO2/yr,"CO2 flux associated to the respiration of the litter carbon pool, transporting carbon from the litter carbon pool to the atmosphere pool. A positive value indicates a loss of the litter carbon pool from this flux.",2,Always,Each ensemble member,,,,
54,Carbon Cycle,Carbon Flux|Land|Heterotrophic Respiration|Soil,Mt CO2/yr,"CO2 flux associated to the respiration of the soil carbon pool, transporting carbon from the soil carbon pool to the atmosphere pool. A positive value indicates a loss of the soil carbon pool from this flux.",2,Always,Each ensemble member,,,,
55,Carbon Cycle,Carbon Flux|Land|Litterfall,Mt CO2/yr,"CO2 flux associated to litterfall, transporting carbon from the vegetation carbon pool to the litter and soil pools. A positive value indicates a loss of the vegetation carbon pool from this flux.",2,Always,Each ensemble member,,,,
56,Carbon Cycle,Carbon Flux|Land|Litterfall|Litter,Mt CO2/yr,"CO2 flux associated to litterfall, transporting carbon from the vegetation carbon pool to the litter pool. A positive value indicates a loss of the vegetation carbon pool from this flux.",3,Always,Each ensemble member,,Only report if litterfall transports carbon to a different pool than litter,,
57,Carbon Cycle,Carbon Flux|Land|Litterfall|Soil,Mt CO2/yr,"CO2 flux associated to litterfall, transporting carbon from the vegetation carbon pool to the soil pool. A positive value indicates a loss of the vegetation carbon pool from this flux.",3,Always,Each ensemble member,,Only report if litterfall transports carbon to a different pool than litter,,
58,Carbon Cycle,Carbon Flux|Land|Loss to Ocean,Mt CO2/yr,CO2 flux associated to riverine export to the ocean or any other processes transporting carbon from the land to the ocean carbon pools. A positive value indicates a loss of the land carbon pool from this flux.,2,Always,Each ensemble member,,,,
59,Carbon Cycle,Carbon Flux|Land|Net Primary Production,Mt CO2/yr,"CO2 flux associated with Net Primary Production, transporting carbon mainly from the atmosphere to the vegetation carbon pool. A positive value indicates a gain of vegetation carbon from this flux.",2,Always,Each ensemble member,,,,
60,Carbon Cycle,Carbon Flux|Land|Net Primary Production|Litter,Mt CO2/yr,"CO2 flux associated with Net Primary Production, transporting carbon exclusively from the atmosphere to the litter carbon pool. A positive value indicates a gain of litter carbon from this flux.",3,Always,Each ensemble member,,Only report if NPP transports carbon to a different pool than vegetation,,
61,Carbon Cycle,Carbon Flux|Land|Net Primary Production|Vegetation,Mt CO2/yr,"CO2 flux associated with Net Primary Production, transporting carbon exclusively from the atmosphere to the vegetation carbon pool. A positive value indicates a gain of vegetation carbon from this flux.",3,Always,Each ensemble member,,Only report if NPP transports carbon to a different pool than vegetation,,
62,Carbon Cycle,Carbon Flux|Land|Net Primary Production|Soil,Mt CO2/yr,"CO2 flux associated with Net Primary Production, transporting carbon exclusively from the atmosphere to the soil carbon pool. A positive value indicates a gain of soil carbon from this flux.",3,Always,Each ensemble member,,Only report if NPP transports carbon to a different pool than vegetation,,
63,Carbon Cycle,Carbon Flux|Land|Other,Mt CO2/yr,"Net contribution from any remaining CO2 fluxes between the vegetation and atmosphere carbon pools (e.g., fire, harvesting, grazing, etc...) A positive value indicates a loss of the vegetation carbon pool from this flux. Please provide a definition of other sources in this category in the 'comments' tab.",2,Always,Each ensemble member,,,,
64,Carbon Cycle,Carbon Flux|Land|Product Decomposition,Mt CO2/yr,"CO2 flux associated to decomposition of the product pool, transporting carbon from the product carbon pool to the atmosphere pool. A positive value indicates a loss of the product carbon pool from this flux.",2,Always,Each ensemble member,,,,
65,Carbon Cycle,Carbon Flux|Land|Product Production,Mt CO2/yr,"CO2 flux associated to the transport of carbon to the product pool (e.g. harvesting), transporting carbon from the vegetation carbon pool to the product pool. A positive value indicates a loss of the vegetation carbon pool from this flux.",2,Always,Each ensemble member,,,,
66,Carbon Cycle,Carbon Flux|Ocean|Net surface to deep,Mt CO2/yr,Net transport of CO2 from the ocean mixed layer towards deeper ocean carbon pools,2,Always,Each ensemble member,,,,
67,Carbon Cycle,Carbon Flux|Ocean|Net surface to deep|Inorganic,Mt CO2/yr,Net transport of inorganic (DIC + PIC) CO2 from the ocean mixed layer towards deeper ocean carbon pools,3,Always,Each ensemble member,,,,
68,Carbon Cycle,Carbon Flux|Ocean|Net surface to deep|Organic,Mt CO2/yr,Net transport of organic (DIC + PIC) CO2 from the ocean mixed layer towards deeper ocean carbon pools,3,Always,Each ensemble member,,,,
69,Carbon Cycle ,Carbon Pool|Atmosphere,Mt CO2,Total amount of CO2 in the atmospheric carbon pool,1,Always,Each ensemble member,,,,
70,Carbon Cycle,Carbon Pool|Land,Mt CO2,Total amount of CO2 in the land carbon pool,1,Always,Each ensemble member,,,,
71,Carbon Cycle,Carbon Pool|Land|Litter,Mt CO2,Total amount of CO2 in the detritus carbon pool,1,Always,Each ensemble member,,,,
72,Carbon Cycle,Carbon Pool|Land|Soil,Mt CO2,Total amount of CO2 in the soil carbon pool,1,Always,Each ensemble member,,,,
73,Carbon Cycle,Carbon Pool|Land|Vegetation,Mt CO2,Total amount of CO2 in the plant carbon pool,1,Always,Each ensemble member,,,,
74,Carbon Cycle,Carbon Pool|Land|Wood Products,Mt CO2,Total amount of CO2 in the product pool,1,Always,Each ensemble member,,,,
75,Carbon Cycle ,Carbon Pool|Ocean,Mt CO2,Total amount of CO2 in the ocean carbon pool,1,Always,Each ensemble member,,,,
76,Carbon Cycle,Carbon Pool|Ocean|Deep,Mt CO2,Total amount of CO2 in the deeper ocean carbon pool(s),2,Always,Each ensemble member,,,,
77,Carbon Cycle,Carbon Pool|Ocean|Deep|Inorganic,Mt CO2,Total amount of inorganic (DIC + PIC) CO2 in the deeper ocean carbon pool(s),3,Always,Each ensemble member,,,,
78,Carbon Cycle,Carbon Pool|Ocean|Deep|Organic,Mt CO2,Total amount of organic (DOC + POC) CO2 in the deeper ocean carbon pool(s),3,Always,Each ensemble member,,,,
79,Carbon Cycle,Carbon Pool|Ocean|Surface,Mt CO2,Total amount of CO2 in the ocean mixed layer carbon pool,2,Always,Each ensemble member,,,,
80,Carbon Cycle,Carbon Pool|Ocean|Surface|Inorganic,Mt CO2,Total amount of inorganic (DIC + PIC) CO2 in the ocean mixed layer carbon pool,3,Always,Each ensemble member,,,,
81,Carbon Cycle,Carbon Pool|Ocean|Surface|Organic,Mt CO2,Total amount of organic (DOC + POC) CO2 in the ocean mixed layer carbon pool,3,Always,Each ensemble member,,,,
82,CCS,Carbon Sequestration,Mt C/yr,Total carbon flux being captured and stored,2,Always,Each ensemble member,,,,
83,Effective Radiative Forcing,Effective Radiative Forcing,W/m^2,effective radiative forcing from all anthropogenic and natural sources (after stratospheric temperature adjustments and rapid adjustments) ,1,Always,Each ensemble member,,,,
84,Effective Radiative Forcing,Effective Radiative Forcing|Anthropogenic,W/m^2,effective radiative forcing from all anthropogenic sources (after stratospheric temperature adjustments and rapid adjustments) ,1,Always,Each ensemble member,,,,
85,Effective Radiative Forcing,Effective Radiative Forcing|Anthropogenic|Aerosol,W/m^2,effective radiative forcing from aerosols (after stratospheric temperature adjustments and rapid adjustments) ,1,Non-idealised,Each ensemble member,,,,
86,Effective Radiative Forcing,Effective Radiative Forcing|Anthropogenic|Aerosol|Aerosol-cloud Interactions,W/m^2,effective radiative forcing from indirect effects of aerosols on clouds (after stratospheric temperature adjustments and rapid adjustments) ,1,Non-idealised,Each ensemble member,,,,
87,Effective Radiative Forcing,Effective Radiative Forcing|Anthropogenic|Aerosol|Aerosol-radiation Interactions,W/m^2,"effective radiative forcing from aerosol-radiative effects (after stratospheric temperature adjustments and rapid adjustments), note that the breakdown of this variable can come in multiple different forms",1,Non-idealised,Each ensemble member,,,,
88,Effective Radiative Forcing,Effective Radiative Forcing|Anthropogenic|Aerosol|Aerosol-radiation Interactions|BC,W/m^2,effective radiative forcing from aerosol-radiative effects from black carbon emissions (after stratospheric temperature adjustments and rapid adjustments),2,Non-idealised,Each ensemble member,,,,
89,Effective Radiative Forcing,Effective Radiative Forcing|Anthropogenic|Aerosol|Aerosol-radiation Interactions|Biomass Burning,W/m^2,effective radiative forcing from aerosol-radiative effects from biomass burning emissions (after stratospheric temperature adjustments and rapid adjustments),2,Non-idealised,Each ensemble member,,,,
90,Effective Radiative Forcing,Effective Radiative Forcing|Anthropogenic|Aerosol|Aerosol-radiation Interactions|Biomass Burning|BC,W/m^2,effective radiative forcing from aerosol-radiative effects from black carbon biomass burning emissions (after stratospheric temperature adjustments and rapid adjustments),3,Non-idealised,Each ensemble member,,,,
91,Effective Radiative Forcing,Effective Radiative Forcing|Anthropogenic|Aerosol|Aerosol-radiation Interactions|Biomass Burning|NH3,W/m^2,effective radiative forcing from aerosol-radiative effects from ammonia biomass burning emissions (after stratospheric temperature adjustments and rapid adjustments),3,Non-idealised,Each ensemble member,,,,
92,Effective Radiative Forcing,Effective Radiative Forcing|Anthropogenic|Aerosol|Aerosol-radiation Interactions|Biomass Burning|Nitrate,W/m^2,effective radiative forcing from aerosol-radiative effects from nitrate precursor biomass burning emissions (after stratospheric temperature adjustments and rapid adjustments),3,Non-idealised,Each ensemble member,,,,
93,Effective Radiative Forcing,Effective Radiative Forcing|Anthropogenic|Aerosol|Aerosol-radiation Interactions|Biomass Burning|OC,W/m^2,effective radiative forcing from aerosol-radiative effects from organic carbon biomass burning emissions (after stratospheric temperature adjustments and rapid adjustments),3,Non-idealised,Each ensemble member,,,,
94,Effective Radiative Forcing,Effective Radiative Forcing|Anthropogenic|Aerosol|Aerosol-radiation Interactions|Biomass Burning|Sulfate,W/m^2,effective radiative forcing from aerosol-radiative effects from sulfate precursor biomass burning emissions (after stratospheric temperature adjustments and rapid adjustments),3,Non-idealised,Each ensemble member,,,,
95,Effective Radiative Forcing,Effective Radiative Forcing|Anthropogenic|Aerosol|Aerosol-radiation Interactions|Fossil and Industrial,W/m^2,effective radiative forcing from aerosol-radiative effects from fossil and industrial emissions (after stratospheric temperature adjustments and rapid adjustments),2,Non-idealised,Each ensemble member,,,,
96,Effective Radiative Forcing,Effective Radiative Forcing|Anthropogenic|Aerosol|Aerosol-radiation Interactions|Fossil and Industrial|BC,W/m^2,effective radiative forcing from aerosol-radiative effects from black carbon fossil and industrial emissions (after stratospheric temperature adjustments and rapid adjustments),3,Non-idealised,Each ensemble member,,,,
97,Effective Radiative Forcing,Effective Radiative Forcing|Anthropogenic|Aerosol|Aerosol-radiation Interactions|Fossil and Industrial|NH3,W/m^2,effective radiative forcing from aerosol-radiative effects from ammonia fossil and industrial emissions (after stratospheric temperature adjustments and rapid adjustments),3,Non-idealised,Each ensemble member,,,,
98,Effective Radiative Forcing,Effective Radiative Forcing|Anthropogenic|Aerosol|Aerosol-radiation Interactions|Fossil and Industrial|Nitrate,W/m^2,effective radiative forcing from aerosol-radiative effects from nitrate precursor fossil and industrial emissions (after stratospheric temperature adjustments and rapid adjustments),3,Non-idealised,Each ensemble member,,,,
99,Effective Radiative Forcing,Effective Radiative Forcing|Anthropogenic|Aerosol|Aerosol-radiation Interactions|Fossil and Industrial|OC,W/m^2,effective radiative forcing from aerosol-radiative effects from organic carbon fossil and industrial emissions (after stratospheric temperature adjustments and rapid adjustments),3,Non-idealised,Each ensemble member,,,,
100,Effective Radiative Forcing,Effective Radiative Forcing|Anthropogenic|Aerosol|Aerosol-radiation Interactions|Fossil and Industrial|Sulfate,W/m^2,effective radiative forcing from aerosol-radiative effects from sulfate precursor fossil and industrial emissions (after stratospheric temperature adjustments and rapid adjustments),3,Non-idealised,Each ensemble member,,,,
101,Effective Radiative Forcing,Effective Radiative Forcing|Anthropogenic|Aerosol|Aerosol-radiation Interactions|Mineral Dust,W/m^2,effective radiative forcing from aerosol-radiative effects from mineral dust emissions (after stratospheric temperature adjustments and rapid adjustments) ,2,Non-idealised,Each ensemble member,,,,
102,Effective Radiative Forcing,Effective Radiative Forcing|Anthropogenic|Aerosol|Aerosol-radiation Interactions|NH3,W/m^2,effective radiative forcing from aerosol-radiative effects from ammonia emissions (after stratospheric temperature adjustments and rapid adjustments),2,Non-idealised,Each ensemble member,,,,
103,Effective Radiative Forcing,Effective Radiative Forcing|Anthropogenic|Aerosol|Aerosol-radiation Interactions|NH3|Biomass Burning,W/m^2,effective radiative forcing from aerosol-radiative effects from ammonia biomass burning emissions (after stratospheric temperature adjustments and rapid adjustments),3,Non-idealised,Each ensemble member,,,,
104,Effective Radiative Forcing,Effective Radiative Forcing|Anthropogenic|Aerosol|Aerosol-radiation Interactions|NH3|Fossil and Industrial,W/m^2,effective radiative forcing from aerosol-radiative effects from ammonia fossil and industrial emissions (after stratospheric temperature adjustments and rapid adjustments),3,Non-idealised,Each ensemble member,,,,
105,Effective Radiative Forcing,Effective Radiative Forcing|Anthropogenic|Aerosol|Aerosol-radiation Interactions|Nitrate,W/m^2,effective radiative forcing from aerosol-radiative effects from nitrate precursor emissions (after stratospheric temperature adjustments and rapid adjustments),2,Non-idealised,Each ensemble member,,,,
106,Effective Radiative Forcing,Effective Radiative Forcing|Anthropogenic|Aerosol|Aerosol-radiation Interactions|Nitrate|Biomass Burning,W/m^2,effective radiative forcing from aerosol-radiative effects from nitrate precursor biomass burning emissions (after stratospheric temperature adjustments and rapid adjustments),3,Non-idealised,Each ensemble member,,,,
107,Effective Radiative Forcing,Effective Radiative Forcing|Anthropogenic|Aerosol|Aerosol-radiation Interactions|Nitrate|Fossil and Industrial,W/m^2,effective radiative forcing from aerosol-radiative effects from nitrate fossil and industrial emissions (after stratospheric temperature adjustments and rapid adjustments),3,Non-idealised,Each ensemble member,,,,
108,Effective Radiative Forcing,Effective Radiative Forcing|Anthropogenic|Aerosol|Aerosol-radiation Interactions|OC,W/m^2,effective radiative forcing from aerosol-radiative effects from organic carbon emissions (after stratospheric temperature adjustments and rapid adjustments),2,Non-idealised,Each ensemble member,,,,
109,Effective Radiative Forcing,Effective Radiative Forcing|Anthropogenic|Aerosol|Aerosol-radiation Interactions|Other,W/m^2,effective radiative forcing from aerosol-radiative effects not covered in the other categories (after stratospheric temperature adjustments and rapid adjustments) (please specify in comments),2,Non-idealised,Each ensemble member,,,,
110,Effective Radiative Forcing,Effective Radiative Forcing|Anthropogenic|Aerosol|Aerosol-radiation Interactions|Sulfate,W/m^2,effective radiative forcing from aerosol-radiative effects from sulfate precursor emissions (after stratospheric temperature adjustments and rapid adjustments),2,Non-idealised,Each ensemble member,,,,
111,Effective Radiative Forcing,Effective Radiative Forcing|Anthropogenic|Aerosol|Aerosol-radiation Interactions|Sulfate|Biomass Burning,W/m^2,effective radiative forcing from aerosol-radiative effects from sulfate precursor biomass burning emissions (after stratospheric temperature adjustments and rapid adjustments),3,Non-idealised,Each ensemble member,,,,
112,Effective Radiative Forcing,Effective Radiative Forcing|Anthropogenic|Aerosol|Aerosol-radiation Interactions|Sulfate|Fossil and Industrial,W/m^2,effective radiative forcing from aerosol-radiative effects from sulfate precursor fossil and industrial emissions (after stratospheric temperature adjustments and rapid adjustments),3,Non-idealised,Each ensemble member,,,,
113,Effective Radiative Forcing,Effective Radiative Forcing|Anthropogenic|Albedo Change,W/m^2,effective radiative forcing from albedo change (after stratospheric temperature adjustments and rapid adjustments) ,1,If different from prescribed,Each ensemble member,,,,
114,Effective Radiative Forcing,Effective Radiative Forcing|Anthropogenic|CH4,W/m^2,effective radiative forcing (after stratospheric temperature adjustments and rapid adjustments) of CH4,1,Non-idealised,Each ensemble member,,,,
115,Effective Radiative Forcing,Effective Radiative Forcing|Anthropogenic|CO2,W/m^2,effective radiative forcing (after stratospheric temperature adjustments and rapid adjustments) of CO2,1,Always,Each ensemble member,,,,
116,Effective Radiative Forcing,Effective Radiative Forcing|Anthropogenic|F-Gases,W/m^2,effective radiative forcing (after stratospheric temperature adjustments and rapid adjustments) of F-gases,1,Non-idealised,Each ensemble member,,,,
117,Effective Radiative Forcing,Effective Radiative Forcing|Anthropogenic|F-Gases|HFC,W/m^2,"effective radiative forcing (after stratospheric temperature adjustments and rapid adjustments) of hydrofluorocarbons (HFCs, as defined by Table 8.A.1 of AR5) not controlled under the Montreal protocol",2,Non-idealised,Each ensemble member,,,,
118,Effective Radiative Forcing,Effective Radiative Forcing|Anthropogenic|F-Gases|HFC|HFC125,W/m^2,effective radiative forcing (after stratospheric temperature adjustments and rapid adjustments) of HFC125,3,Non-idealised,Each ensemble member,,,,
119,Effective Radiative Forcing,Effective Radiative Forcing|Anthropogenic|F-Gases|HFC|HFC134a,W/m^2,effective radiative forcing (after stratospheric temperature adjustments and rapid adjustments) of HFC134a,3,Non-idealised,Each ensemble member,,,,
120,Effective Radiative Forcing,Effective Radiative Forcing|Anthropogenic|F-Gases|HFC|HFC143a,W/m^2,effective radiative forcing (after stratospheric temperature adjustments and rapid adjustments) of HFC143a,3,Non-idealised,Each ensemble member,,,,
121,Effective Radiative Forcing,Effective Radiative Forcing|Anthropogenic|F-Gases|HFC|HFC152a,W/m^2,effective radiative forcing (after stratospheric temperature adjustments and rapid adjustments) of HFC152a,3,Non-idealised,Each ensemble member,,,,
122,Effective Radiative Forcing,Effective Radiative Forcing|Anthropogenic|F-Gases|HFC|HFC227ea,W/m^2,effective radiative forcing (after stratospheric temperature adjustments and rapid adjustments) of HFC227ea,3,Non-idealised,Each ensemble member,,,,
123,Effective Radiative Forcing,Effective Radiative Forcing|Anthropogenic|F-Gases|HFC|HFC23,W/m^2,effective radiative forcing (after stratospheric temperature adjustments and rapid adjustments) of HFC23,3,Non-idealised,Each ensemble member,,,,
124,Effective Radiative Forcing,Effective Radiative Forcing|Anthropogenic|F-Gases|HFC|HFC236fa,W/m^2,effective radiative forcing (after stratospheric temperature adjustments and rapid adjustments) of HFC236fa,3,Non-idealised,Each ensemble member,,,,
125,Effective Radiative Forcing,Effective Radiative Forcing|Anthropogenic|F-Gases|HFC|HFC245fa,W/m^2,effective radiative forcing (after stratospheric temperature adjustments and rapid adjustments) of HFC245fa,3,Non-idealised,Each ensemble member,,,,
126,Effective Radiative Forcing,Effective Radiative Forcing|Anthropogenic|F-Gases|HFC|HFC32,W/m^2,effective radiative forcing (after stratospheric temperature adjustments and rapid adjustments) of HFC32,3,Non-idealised,Each ensemble member,,,,
127,Effective Radiative Forcing,Effective Radiative Forcing|Anthropogenic|F-Gases|HFC|HFC365mfc,W/m^2,effective radiative forcing (after stratospheric temperature adjustments and rapid adjustments) of HFC365mfc,3,Non-idealised,Each ensemble member,,,,
128,Effective Radiative Forcing,Effective Radiative Forcing|Anthropogenic|F-Gases|HFC|HFC4310mee,W/m^2,effective radiative forcing (after stratospheric temperature adjustments and rapid adjustments) of HFC43-10mee,3,Non-idealised,Each ensemble member,,,,
129,Effective Radiative Forcing,Effective Radiative Forcing|Anthropogenic|F-Gases|NF3,W/m^2,effective radiative forcing (after stratospheric temperature adjustments and rapid adjustments) of nitrogen trifluoride (NF3),2,Non-idealised,Each ensemble member,,,,
130,Effective Radiative Forcing,Effective Radiative Forcing|Anthropogenic|F-Gases|PFC,W/m^2,"effective radiative forcing (after stratospheric temperature adjustments and rapid adjustments) of perfluorocarbons (PFCs, as defined by Table 8.A.1 of AR5)",2,Non-idealised,Each ensemble member,,,,
131,Effective Radiative Forcing,Effective Radiative Forcing|Anthropogenic|F-Gases|PFC|C2F6,W/m^2,effective radiative forcing (after stratospheric temperature adjustments and rapid adjustments) of C2F6,3,Non-idealised,Each ensemble member,,,,
132,Effective Radiative Forcing,Effective Radiative Forcing|Anthropogenic|F-Gases|PFC|C3F8,W/m^2,effective radiative forcing (after stratospheric temperature adjustments and rapid adjustments) of C3F8,3,Non-idealised,Each ensemble member,,,,
133,Effective Radiative Forcing,Effective Radiative Forcing|Anthropogenic|F-Gases|PFC|C4F10,W/m^2,effective radiative forcing (after stratospheric temperature adjustments and rapid adjustments) of C4F10,3,Non-idealised,Each ensemble member,,,,
134,Effective Radiative Forcing,Effective Radiative Forcing|Anthropogenic|F-Gases|PFC|C5F12,W/m^2,effective radiative forcing (after stratospheric temperature adjustments and rapid adjustments) of C5F12,3,Non-idealised,Each ensemble member,,,,
135,Effective Radiative Forcing,Effective Radiative Forcing|Anthropogenic|F-Gases|PFC|C6F14,W/m^2,effective radiative forcing (after stratospheric temperature adjustments and rapid adjustments) of C6F14,3,Non-idealised,Each ensemble member,,,,
136,Effective Radiative Forcing,Effective Radiative Forcing|Anthropogenic|F-Gases|PFC|C7F16,W/m^2,effective radiative forcing (after stratospheric temperature adjustments and rapid adjustments) of C7F16,3,Non-idealised,Each ensemble member,,,,
137,Effective Radiative Forcing,Effective Radiative Forcing|Anthropogenic|F-Gases|PFC|C8F18,W/m^2,effective radiative forcing (after stratospheric temperature adjustments and rapid adjustments) of C8F18,3,Non-idealised,Each ensemble member,,,,
138,Effective Radiative Forcing,Effective Radiative Forcing|Anthropogenic|F-Gases|PFC|cC4F8,W/m^2,effective radiative forcing (after stratospheric temperature adjustments and rapid adjustments) of c-C4F8,3,Non-idealised,Each ensemble member,,,,
139,Effective Radiative Forcing,Effective Radiative Forcing|Anthropogenic|F-Gases|PFC|CF4,W/m^2,effective radiative forcing (after stratospheric temperature adjustments and rapid adjustments) of CF4,3,Non-idealised,Each ensemble member,,,,
140,Effective Radiative Forcing,Effective Radiative Forcing|Anthropogenic|F-Gases|SF6,W/m^2,effective radiative forcing (after stratospheric temperature adjustments and rapid adjustments) of sulfur hexafluoride (SF6),2,Non-idealised,Each ensemble member,,,,
141,Effective Radiative Forcing,Effective Radiative Forcing|Anthropogenic|F-Gases|SO2F2,W/m^2,effective radiative forcing (after stratospheric temperature adjustments and rapid adjustments) of sulfuryl fluoride (SO2F2),2,Non-idealised,Each ensemble member,,,,
142,Effective Radiative Forcing,Effective Radiative Forcing|Anthropogenic|Montreal Gases,W/m^2,effective radiative forcing (after stratospheric temperature adjustments and rapid adjustments) of Montreal gases,1,Non-idealised,Each ensemble member,,,,
143,Effective Radiative Forcing,Effective Radiative Forcing|Anthropogenic|Montreal Gases|CCl4,W/m^2,effective radiative forcing (after stratospheric temperature adjustments and rapid adjustments) of CCl4,3,Non-idealised,Each ensemble member,,,,
144,Effective Radiative Forcing,Effective Radiative Forcing|Anthropogenic|Montreal Gases|CFC,W/m^2,effective radiative forcing (after stratospheric temperature adjustments and rapid adjustments) of CFC gases (as defined by Table 8.A.1 of AR5),3,Non-idealised,Each ensemble member,,,,
145,Effective Radiative Forcing,Effective Radiative Forcing|Anthropogenic|Montreal Gases|CFC|CFC11,W/m^2,effective radiative forcing (after stratospheric temperature adjustments and rapid adjustments) of CFC11,3,Non-idealised,Each ensemble member,,,,
146,Effective Radiative Forcing,Effective Radiative Forcing|Anthropogenic|Montreal Gases|CFC|CFC113,W/m^2,effective radiative forcing (after stratospheric temperature adjustments and rapid adjustments) of CFC113,3,Non-idealised,Each ensemble member,,,,
147,Effective Radiative Forcing,Effective Radiative Forcing|Anthropogenic|Montreal Gases|CFC|CFC114,W/m^2,effective radiative forcing (after stratospheric temperature adjustments and rapid adjustments) of CFC114,3,Non-idealised,Each ensemble member,,,,
148,Effective Radiative Forcing,Effective Radiative Forcing|Anthropogenic|Montreal Gases|CFC|CFC115,W/m^2,effective radiative forcing (after stratospheric temperature adjustments and rapid adjustments) of CFC115,3,Non-idealised,Each ensemble member,,,,
149,Effective Radiative Forcing,Effective Radiative Forcing|Anthropogenic|Montreal Gases|CFC|CFC12,W/m^2,effective radiative forcing (after stratospheric temperature adjustments and rapid adjustments) of CFC12,3,Non-idealised,Each ensemble member,,,,
150,Effective Radiative Forcing,Effective Radiative Forcing|Anthropogenic|Montreal Gases|CH2Cl2,W/m^2,effective radiative forcing (after stratospheric temperature adjustments and rapid adjustments) of CH2Cl2,3,Non-idealised,Each ensemble member,,,,
151,Effective Radiative Forcing,Effective Radiative Forcing|Anthropogenic|Montreal Gases|CH3Br,W/m^2,effective radiative forcing (after stratospheric temperature adjustments and rapid adjustments) of CH3Br,3,Non-idealised,Each ensemble member,,,,
152,Effective Radiative Forcing,Effective Radiative Forcing|Anthropogenic|Montreal Gases|CH3CCl3,W/m^2,effective radiative forcing (after stratospheric temperature adjustments and rapid adjustments) of CH3CCl3,3,Non-idealised,Each ensemble member,,,,
153,Effective Radiative Forcing,Effective Radiative Forcing|Anthropogenic|Montreal Gases|CH3Cl,W/m^2,effective radiative forcing (after stratospheric temperature adjustments and rapid adjustments) of CH3Cl,3,Non-idealised,Each ensemble member,,,,
154,Effective Radiative Forcing,Effective Radiative Forcing|Anthropogenic|Montreal Gases|CHCl3,W/m^2,effective radiative forcing (after stratospheric temperature adjustments and rapid adjustments) of CHCl3,3,Non-idealised,Each ensemble member,,,,
155,Effective Radiative Forcing,Effective Radiative Forcing|Anthropogenic|Montreal Gases|Halon1202,W/m^2,effective radiative forcing (after stratospheric temperature adjustments and rapid adjustments) of Halon-1202,3,Non-idealised,Each ensemble member,,,,
156,Effective Radiative Forcing,Effective Radiative Forcing|Anthropogenic|Montreal Gases|Halon1211,W/m^2,effective radiative forcing (after stratospheric temperature adjustments and rapid adjustments) of Halon-1211,3,Non-idealised,Each ensemble member,,,,
157,Effective Radiative Forcing,Effective Radiative Forcing|Anthropogenic|Montreal Gases|Halon1301,W/m^2,effective radiative forcing (after stratospheric temperature adjustments and rapid adjustments) of Halon-1301,3,Non-idealised,Each ensemble member,,,,
158,Effective Radiative Forcing,Effective Radiative Forcing|Anthropogenic|Montreal Gases|Halon2402,W/m^2,effective radiative forcing (after stratospheric temperature adjustments and rapid adjustments) of Halon-2402,3,Non-idealised,Each ensemble member,,,,
159,Effective Radiative Forcing,Effective Radiative Forcing|Anthropogenic|Montreal Gases|HCFC141b,W/m^2,effective radiative forcing (after stratospheric temperature adjustments and rapid adjustments) of HCFC141b,3,Non-idealised,Each ensemble member,,,,
160,Effective Radiative Forcing,Effective Radiative Forcing|Anthropogenic|Montreal Gases|HCFC142b,W/m^2,effective radiative forcing (after stratospheric temperature adjustments and rapid adjustments) of HCFC22,3,Non-idealised,Each ensemble member,,,,
161,Effective Radiative Forcing,Effective Radiative Forcing|Anthropogenic|Montreal Gases|HCFC22,W/m^2,effective radiative forcing (after stratospheric temperature adjustments and rapid adjustments) of HCFC22,3,Non-idealised,Each ensemble member,,,,
162,Effective Radiative Forcing,Effective Radiative Forcing|Anthropogenic|N2O,W/m^2,effective radiative forcing (after stratospheric temperature adjustments and rapid adjustments) of N2O,1,Non-idealised,Each ensemble member,,,,
163,Effective Radiative Forcing,Effective Radiative Forcing|Anthropogenic|Other,W/m^2,effective radiative forcing from factors not covered in other categories (after stratospheric temperature adjustments and rapid adjustments) ,1,Non-idealised,Each ensemble member,,,,
164,Effective Radiative Forcing,Effective Radiative Forcing|Anthropogenic|Other|BC on Snow,W/m^2,effective radiative forcing from black carbon on snow (after stratospheric temperature adjustments and rapid adjustments) ,2,Non-idealised,Each ensemble member,,,,
165,Effective Radiative Forcing,Effective Radiative Forcing|Anthropogenic|Other|Contrails and Contrail-induced Cirrus,W/m^2,effective radiative forcing from contrails and contrail-induced cirrus (after stratospheric temperature adjustments and rapid adjustments) ,2,Non-idealised,Each ensemble member,,,,
166,Effective Radiative Forcing,Effective Radiative Forcing|Anthropogenic|Other|Other WMGHGs,W/m^2,effective radiative forcing from WMGHG not covered in other categories (after stratospheric temperature adjustments and rapid adjustments) ,2,Non-idealised,Each ensemble member,,,,
167,Effective Radiative Forcing,Effective Radiative Forcing|Anthropogenic|Other|Stratospheric H2O,W/m^2,effective radiative forcing from stratospheric H2O changes (after stratospheric temperature adjustments and rapid adjustments) ,2,Non-idealised,Each ensemble member,,,,
168,Effective Radiative Forcing,Effective Radiative Forcing|Anthropogenic|Stratospheric Ozone,W/m^2,effective radiative forcing from stratospheric ozone (after stratospheric temperature adjustments and rapid adjustments) ,1,Non-idealised,Each ensemble member,,,,
169,Effective Radiative Forcing,Effective Radiative Forcing|Anthropogenic|Tropospheric Ozone,W/m^2,effective radiative forcing from tropospheric ozone (after stratospheric temperature adjustments and rapid adjustments) ,1,Non-idealised,Each ensemble member,,,,
170,Effective Radiative Forcing,Effective Radiative Forcing|Natural,W/m^2,"effective radiative forcing from all natural drivers, i.e. solar and volcanic forcing (after stratospheric temperature adjustments and rapid adjustments) ",1,If different from prescribed,Each scenario,,,,
171,Effective Radiative Forcing,Effective Radiative Forcing|Natural|Solar,W/m^2,effective radiative forcing from variations in solar irradience (after stratospheric temperature adjustments and rapid adjustments) ,1,If different from prescribed,Each scenario,,,,
172,Effective Radiative Forcing,Effective Radiative Forcing|Natural|Volcanic,W/m^2,effective radiative forcing due to volcanic eruptions (after stratospheric temperature adjustments and rapid adjustments) ,1,If different from prescribed,Each scenario,,,,
173,Emissions,Emissions|BC,Mt BC/yr,"Total emissions of black carbon from the surface to the atmosphere due to any process as seen by the model. A positive value indicates release of to the atmosphere, and a negative value indicates a net atmosphere loss.",2,Non-idealised and if different from prescribed or different from prescribed.,Each scenario,,,,
174,Methane Cycle,Net Flux to Atmosphere|CH4,Mt CH4/yr,"Total flux of CH4 from the surface to the atmosphere due to any process. A positive value indicates release of CH4 to the atmosphere, and a negative value indicates a net atmosphere loss. This should be the sum of the ""Emissions|CH4"" and ""Natural Fluxes|CH4"" quantities.",1,Non-idealised,Each ensemble member,,,,
175,Methane Cycle,Emissions|CH4,Mt CH4/yr,"Total flux of CH4 from the surface due to any process of anthropogenic origin. A positive value indicates release of CH4 to the atmosphere, and a negative value indicates a net atmosphere loss.  This should be the sum of the ""Emissions|CH4|Biomass Burning"", ""Emissions|CH4|Fossil and Industry"", and ""Emissions|CH4|Other"" quantities.",2,Non-idealised and if concentrations-driven or different from prescribed.,Each scenario,,,,
176,Methane Cycle,Emissions|CH4|Biomass Burning,Mt CH4/yr,"Total flux of CH4 from the surface to the atmosphere due to biomass burning. A positive value indicates release of CH4 to the atmosphere, and a negative value indicates a net atmosphere loss. ",3,Non-idealised and if concentrations-driven or different from prescribed.,Each scenario,,,,
177,Methane Cycle,"Emissions|CH4|Fossil, Industry and AFOLU",Mt CH4/yr,"Total flux of CH4 from the surface to the atmosphere due to fossil fuel burning, industry, and Agriculture, Forestry and other land use (AFOLU) processes. A positive value indicates release of CH4 to the atmosphere, and a negative value indicates a net atmosphere loss. ",3,Non-idealised and if concentrations-driven or different from prescribed.,Each scenario,,,,
178,Methane Cycle,Emissions|CH4|Other,Mt CH4/yr,"Total flux of CH4 from the surface to the atmosphere due to any process of anthropogenic origin that is not included in ""Fossil, Industry and AFOLU"" and ""Biomass Burning"" categories. A positive value indicates release of CH4 to the atmosphere, and a negative value indicates a net atmosphere loss. ",3,Non-idealised and if concentrations-driven or different from prescribed.,Each scenario,,,,
179,Methane Cycle,Natural Fluxes|CH4,Mt CH4/yr,"Total flux of CH4 from the surface to the atmosphere due to any natural processes. A positive value indicates release of CH4 to the atmosphere, and a negative value indicates a net atmosphere loss.  This should be the sum of the ""Natural Fluxes|CH4|Emissions"", minus ""Natural Fluxes|CH4|Sink"" and ""Natural Fluxes|CH4|Other""quantities.",2,Non-idealised,Each ensemble member,,,,
180,Methane Cycle,Natural Fluxes|CH4|Emissions,Mt CH4/yr,"Natural emissions of CH4 due to any natural processes. A positive value indicates release of CH4 to the atmosphere, and a negative value indicates a net atmosphere loss. This should be the sum of the ""Natural Fluxes|CH4|Emissions|Other"", ""Natural Fluxes|CH4|Emissions|Permafrost"" and ""Natural Fluxes|CH4|Emissions|Wetland"" quantities.",2,Non-idealised,Each ensemble member,,,,
181,Methane Cycle,Natural Fluxes|CH4|Emissions|Other,Mt CH4/yr,"Natural emissions of CH4 due to any processes not included in ""Permafrost"" and ""Wetland"" categories. A positive value indicates release of CH4 to the atmosphere, and a negative value indicates a net atmosphere loss.",3,Non-idealised,Each ensemble member,,,,
182,Methane Cycle,Natural Fluxes|CH4|Emissions|Permafrost,Mt CH4/yr,"Natural emissions of CH4 due to permafrost thawing. A positive value indicates release of CH4 to the atmosphere, and a negative value indicates a net atmosphere loss.",3,Non-idealised,Each ensemble member,,,,
183,Methane Cycle,Natural Fluxes|CH4|Emissions|Wetland,Mt CH4/yr,"Natural emissions of CH4 associated to wetlands. A positive value indicates release of CH4 to the atmosphere, and a negative value indicates a net atmosphere loss.",3,Non-idealised,Each ensemble member,,,,
184,Methane Cycle,Natural Fluxes|CH4|Other,Mt CH4/yr,"Natural flux of CH4 not covered in any other natural category. A positive value indicates release of CH4 to the atmosphere, and a negative value indicates a net atmosphere loss.",2,Non-idealised,Each ensemble member,,,,
185,Methane Cycle,Natural Fluxes|CH4|Sink,Mt CH4/yr,"CH4 flux associated with any natural sink. A positive value indicates uptake of CH4 to the sink/CH4 atmospheric loss, and a negative value indicates a net atmosphere gain. This should be the sum of the ""Natural Fluxes|CH4|Sink|Other"", ""Natural Fluxes|CH4|Sink|Soil"", ""Natural Fluxes|CH4|Sink|Stratosphere"", and ""Natural Fluxes|CH4|Sink|Troposphere"" quantities.",2,Non-idealised,Each ensemble member,,,,
186,Methane Cycle,Natural Fluxes|CH4|Sink|Other,Mt CH4/yr,"CH4 flux associated with any processes not included in ""Troposphere"", ""Stratosphere"", and ""Soil"" categories. A positive value indicates uptake of CH4 to the sink/net atmospheric loss, and a negative value indicates a net atmosphere gain.",3,Non-idealised,Each ensemble member,,,,
187,Methane Cycle,Natural Fluxes|CH4|Sink|Soil,Mt CH4/yr,"CH4 flux associated with soil uptake. A positive value indicates uptake of CH4 to the sink, and a negative value indicates a net atmosphere gain.",3,Non-idealised,Each ensemble member,,,,
188,Methane Cycle,Natural Fluxes|CH4|Sink|Stratosphere,Mt CH4/yr,"CH4 flux associated with stratosphere oxidation. A positive value indicates CH4 atmospheric loss, and a negative value indicates a net atmosphere gain.",3,Non-idealised,Each ensemble member,,,,
189,Methane Cycle,Natural Fluxes|CH4|Sink|Troposphere,Mt CH4/yr,"CH4 flux associated with troposphere oxidation. A positive value indicates a net CH4 atmospheric loss, and a negative value indicates a net atmosphere gain.",3,Non-idealised,Each ensemble member,,,,
190,Emissions,Emissions|CO,Mt CO/yr,"Total emissions of CO from the surface to the atmosphere due to any process as seen by the model. A positive value indicates release of to the atmosphere, and a negative value indicates a net atmosphere loss.",2,Non-idealised and if concentrations-driven or different from prescribed.,Each scenario,,,,
191,Carbon Cycle,Net Flux to Atmosphere|CO2,Mt CO2/yr,"Total flux of CO2 from the surface to the atmosphere due to any process. A positive value indicates release of CO2 to the atmosphere, and a negative value indicates a net atmosphere loss. This should be the sum of the ""Emissions|CO2"" and ""Natural Fluxes|CO2"" quantities.",1,Always,Each ensemble member,,,,
192,Carbon Cycle,Emissions|CO2,Mt CO2/yr,"Total flux of CO2 from the surface to the atmosphere due to any process of anthropogenic origin. A positive value indicates release of CO2 to the atmosphere, and a negative value indicates a net atmosphere loss. This should be the sum of the ""Emissions|CO2|Fossil and Industry"",   ""Emissions|CO2|Land Use Change"", and   ""Emissions|CO2|Other"" quantities.",2,If concentrations-driven or different from prescribed.,Each scenario,,,,
193,Carbon Cycle,Emissions|CO2|Fossil and Industry,Mt CO2/yr,"Total flux of CO2 from the surface to the atmosphere due to fossil fuel and industry use. A positive value indicates release of CO2 to the atmosphere, and a negative value indicates a net atmosphere loss. ",3,If concentrations-driven or different from prescribed.,Each scenario,,,,
194,Carbon Cycle,Emissions|CO2|Land Use Change,Mt CO2/yr,"Total flux of CO2 from the surface due to changes in land use and cover. A positive value indicates release of CO2 to the atmosphere, and a negative value indicates a net atmosphere loss. ",3,If concentrations-driven or different from prescribed.,Each scenario,,,,
195,Carbon Cycle,Emissions|CO2|Other,Mt CO2/yr,"Total flux of CO2 from the surface to the atmosphere due to any process of anthropogenic origin that is not included in ""Emissions|CO2|Fossil and Industry"" and ""Emissions|CO2|Land Use Change"" categories. A positive value indicates release of CO2 to the atmosphere, and a negative value indicates a net atmosphere loss. ",2,If concentrations-driven or different from prescribed.,Each scenario,,,,
196,Carbon Cycle,Natural Fluxes|CO2,Mt CO2/yr,"Total flux of CO2 from the surface to the atmosphere due to any natural processes. A positive value indicates release of CO2 to the atmosphere, and a negative value indicates a net atmosphere loss.  This should be the sum of the ""Natural Fluxes|CO2|Land"", ""Natural Fluxes|CO2|Ocean"" and """"Natural Fluxes|CO2|Other"" quantities.",1,Always,Each ensemble member,,,,
197,Carbon Cycle,Natural Fluxes|CO2|Land,Mt CO2/yr,"Total flux of CO2 from land to the atmosphere due to any natural processes. A positive value indicates release of CO2 to the atmosphere, and a negative value indicates a net atmosphere loss. Notice that the only component of ""Natural Fluxes|CO2|Land"" requested to be independetely reported is ""Natural Fluxes|CO2|Land|Permafrost"", but we make no prescription of how other carbon cycle fluxes should be aggregated to form this quantity.",2,Always,Each ensemble member,,,,
198,Carbon Cycle,Natural Fluxes|CO2|Land|Permafrost,Mt CO2/yr,"Total flux of CO2 from land to the atmosphere due to permafrost thawing. A positive value indicates release of CO2 to the atmosphere, and a negative value indicates a net atmosphere loss. Notice that this is the only component of ""Natural Fluxes|CO2|Land"" requested to be independetely reported, but we make no prescription of how other carbon cycle fluxes should be aggregated to form that quantity. Notice as well that this is is a CO2 flux, not a carbon flux, so fluxes of carbon in other chemical configurations (methane) should not be included here.",3,Always,Each ensemble member,,,,
199,Carbon Cycle,Natural Fluxes|CO2|Ocean,Mt CO2/yr,"Total flux of CO2 from ocean to the atmosphere due to any natural processes. A positive value indicates release of CO2 to the atmosphere, and a negative value indicates a net atmosphere loss.",2,Always,Each ensemble member,,,,
200,Carbon Cycle,Natural Fluxes|CO2|Other,Mt CO2/yr,"Total flux of CO2 to the atmosphere due to any natural processes that has not been reported as part of ""Natural Fluxes|CO2|Land"" and  ""Natural Fluxes|CO2|Ocean"". A positive value indicates release of CO2 to the atmosphere, and a negative value indicates a net atmosphere loss. Please provide a definition of other sources in this category in the 'comments' tab.",2,Always,Each ensemble member,,,,
201,Emissions,Emissions|F-Gases|HFC|HFC125,kt HFC125/yr,"Total emissions of HFC125 from the surface to the atmosphere due to any process as seen by the model. A positive value indicates release of to the atmosphere, and a negative value indicates a net atmosphere loss.",2,Non-idealised and if concentrations-driven or different from prescribed.,Each scenario,,,,
202,Emissions,Emissions|F-Gases|HFC|HFC134a,kt HFC134a/yr,"Total emissions of HFC134a from the surface to the atmosphere due to any process as seen by the model. A positive value indicates release of to the atmosphere, and a negative value indicates a net atmosphere loss.",2,Non-idealised and if concentrations-driven or different from prescribed.,Each scenario,,,,
203,Emissions,Emissions|F-Gases|HFC|HFC143a,kt HFC143a/yr,"Total emissions of HFC143a from the surface to the atmosphere due to any process as seen by the model. A positive value indicates release of to the atmosphere, and a negative value indicates a net atmosphere loss.",2,Non-idealised and if concentrations-driven or different from prescribed.,Each scenario,,,,
204,Emissions,Emissions|F-Gases|HFC|HFC152a,kt HFC152a/yr,"Total emissions of HFC152a from the surface to the atmosphere due to any process as seen by the model. A positive value indicates release of to the atmosphere, and a negative value indicates a net atmosphere loss.",2,Non-idealised and if concentrations-driven or different from prescribed.,Each scenario,,,,
205,Emissions,Emissions|F-Gases|HFC|HFC227ea,kt HFC227ea/yr,"Total emissions of HFC227ea from the surface to the atmosphere due to any process as seen by the model. A positive value indicates release of to the atmosphere, and a negative value indicates a net atmosphere loss.",2,Non-idealised and if concentrations-driven or different from prescribed.,Each scenario,,,,
206,Emissions,Emissions|F-Gases|HFC|HFC23,kt HFC23/yr,"Total emissions of HFC23 from the surface to the atmosphere due to any process as seen by the model. A positive value indicates release of to the atmosphere, and a negative value indicates a net atmosphere loss.",2,Non-idealised and if concentrations-driven or different from prescribed.,Each scenario,,,,
207,Emissions,Emissions|F-Gases|HFC|HFC236fa,kt HFC236fa/yr,"Total emissions of HFC236fa from the surface to the atmosphere due to any process as seen by the model. A positive value indicates release of to the atmosphere, and a negative value indicates a net atmosphere loss.",2,Non-idealised and if concentrations-driven or different from prescribed.,Each scenario,,,,
208,Emissions,Emissions|F-Gases|HFC|HFC245fa,kt HFC245fa/yr,"Total emissions of HFC245fa from the surface to the atmosphere due to any process as seen by the model. A positive value indicates release of to the atmosphere, and a negative value indicates a net atmosphere loss.",2,Non-idealised and if concentrations-driven or different from prescribed.,Each scenario,,,,
209,Emissions,Emissions|F-Gases|HFC|HFC32,kt HFC32/yr,"Total emissions of HFC32 from the surface to the atmosphere due to any process as seen by the model. A positive value indicates release of to the atmosphere, and a negative value indicates a net atmosphere loss.",2,Non-idealised and if concentrations-driven or different from prescribed.,Each scenario,,,,
210,Emissions,Emissions|F-Gases|HFC|HFC365mfc,kt HFC365mfc/yr,"Total emissions of HFC365mfc from the surface to the atmosphere due to any process as seen by the model. A positive value indicates release of to the atmosphere, and a negative value indicates a net atmosphere loss.",2,Non-idealised and if concentrations-driven or different from prescribed.,Each scenario,,,,
211,Emissions,Emissions|F-Gases|HFC|HFC4310mee,kt HFC4310mee/yr,"Total emissions of HFC4310mee from the surface to the atmosphere due to any process as seen by the model. A positive value indicates release of to the atmosphere, and a negative value indicates a net atmosphere loss.",2,Non-idealised and if concentrations-driven or different from prescribed.,Each scenario,,,,
212,Emissions,Emissions|F-Gases|NF3,kt NF3/yr,"Total emissions of NF3 from the surface to the atmosphere due to any process as seen by the model. A positive value indicates release of to the atmosphere, and a negative value indicates a net atmosphere loss.",2,Non-idealised and if concentrations-driven or different from prescribed.,Each scenario,,,,
213,Emissions,Emissions|F-Gases|PFC|C2F6,kt C2F6/yr,"Total emissions of C2F6 from the surface to the atmosphere due to any process as seen by the model. A positive value indicates release of to the atmosphere, and a negative value indicates a net atmosphere loss.",2,Non-idealised and if concentrations-driven or different from prescribed.,Each scenario,,,,
214,Emissions,Emissions|F-Gases|PFC|C3F8,kt C3F8/yr,"Total emissions of C3F8 from the surface to the atmosphere due to any process as seen by the model. A positive value indicates release of to the atmosphere, and a negative value indicates a net atmosphere loss.",2,Non-idealised and if concentrations-driven or different from prescribed.,Each scenario,,,,
215,Emissions,Emissions|F-Gases|PFC|C4F10,kt C4F10/yr,"Total emissions of C4F10 from the surface to the atmosphere due to any process as seen by the model. A positive value indicates release of to the atmosphere, and a negative value indicates a net atmosphere loss.",2,Non-idealised and if concentrations-driven or different from prescribed.,Each scenario,,,,
216,Emissions,Emissions|F-Gases|PFC|C5F12,kt C5F12/yr,"Total emissions of C5F12 from the surface to the atmosphere due to any process as seen by the model. A positive value indicates release of to the atmosphere, and a negative value indicates a net atmosphere loss.",2,Non-idealised and if concentrations-driven or different from prescribed.,Each scenario,,,,
217,Emissions,Emissions|F-Gases|PFC|C6F14,kt C6F14/yr,"Total emissions of C6F14 from the surface to the atmosphere due to any process as seen by the model. A positive value indicates release of to the atmosphere, and a negative value indicates a net atmosphere loss.",2,Non-idealised and if concentrations-driven or different from prescribed.,Each scenario,,,,
218,Emissions,Emissions|F-Gases|PFC|C7F16,kt C7F16/yr,"Total emissions of C7F16 from the surface to the atmosphere due to any process as seen by the model. A positive value indicates release of to the atmosphere, and a negative value indicates a net atmosphere loss.",2,Non-idealised and if concentrations-driven or different from prescribed.,Each scenario,,,,
219,Emissions,Emissions|F-Gases|PFC|C8F18,kt C8F18/yr,"Total emissions of C8F18 from the surface to the atmosphere due to any process as seen by the model. A positive value indicates release of to the atmosphere, and a negative value indicates a net atmosphere loss.",2,Non-idealised and if concentrations-driven or different from prescribed.,Each scenario,,,,
220,Emissions,Emissions|F-Gases|PFC|cC4F8,kt cC4F8/yr,"Total emissions of cC4F8 from the surface to the atmosphere due to any process as seen by the model. A positive value indicates release of to the atmosphere, and a negative value indicates a net atmosphere loss.",2,Non-idealised and if concentrations-driven or different from prescribed.,Each scenario,,,,
221,Emissions,Emissions|F-Gases|PFC|CF4,kt CF4/yr,"Total emissions of CF4 from the surface to the atmosphere due to any process as seen by the model. A positive value indicates release of to the atmosphere, and a negative value indicates a net atmosphere loss.",2,Non-idealised and if concentrations-driven or different from prescribed.,Each scenario,,,,
222,Emissions,Emissions|F-Gases|SF6,kt SF6/yr,"Total emissions of SF6 from the surface to the atmosphere due to any process as seen by the model. A positive value indicates release of to the atmosphere, and a negative value indicates a net atmosphere loss.",2,Non-idealised and if concentrations-driven or different from prescribed.,Each scenario,,,,
223,Emissions,Emissions|F-Gases|SO2F2,kt SO2F2/yr,"Total emissions of SO2F2 from the surface to the atmosphere due to any process as seen by the model. A positive value indicates release of to the atmosphere, and a negative value indicates a net atmosphere loss.",2,Non-idealised and if concentrations-driven or different from prescribed.,Each scenario,,,,
224,Emissions,Emissions|Montreal Gases|CCl4,kt CCl4/yr,"Total emissions of CCl4 from the surface to the atmosphere due to any process as seen by the model. A positive value indicates release of to the atmosphere, and a negative value indicates a net atmosphere loss.",2,Non-idealised and if concentrations-driven or different from prescribed.,Each scenario,,,,
225,Emissions,Emissions|Montreal Gases|CFC|CFC11,kt CFC11/yr,"Total emissions of CFC11 from the surface to the atmosphere due to any process as seen by the model. A positive value indicates release of to the atmosphere, and a negative value indicates a net atmosphere loss.",2,Non-idealised and if concentrations-driven or different from prescribed.,Each scenario,,,,
226,Emissions,Emissions|Montreal Gases|CFC|CFC113,kt CFC113/yr,"Total emissions of CFC113 from the surface to the atmosphere due to any process as seen by the model. A positive value indicates release of to the atmosphere, and a negative value indicates a net atmosphere loss.",2,Non-idealised and if concentrations-driven or different from prescribed.,Each scenario,,,,
227,Emissions,Emissions|Montreal Gases|CFC|CFC114,kt CFC114/yr,"Total emissions of CFC114 from the surface to the atmosphere due to any process as seen by the model. A positive value indicates release of to the atmosphere, and a negative value indicates a net atmosphere loss.",2,Non-idealised and if concentrations-driven or different from prescribed.,Each scenario,,,,
228,Emissions,Emissions|Montreal Gases|CFC|CFC115,kt CFC115/yr,"Total emissions of CFC115 from the surface to the atmosphere due to any process as seen by the model. A positive value indicates release of to the atmosphere, and a negative value indicates a net atmosphere loss.",2,Non-idealised and if concentrations-driven or different from prescribed.,Each scenario,,,,
229,Emissions,Emissions|Montreal Gases|CFC|CFC12,kt CFC12/yr,"Total emissions of CFC12 from the surface to the atmosphere due to any process as seen by the model. A positive value indicates release of to the atmosphere, and a negative value indicates a net atmosphere loss.",2,Non-idealised and if concentrations-driven or different from prescribed.,Each scenario,,,,
230,Emissions,Emissions|Montreal Gases|CH2Cl2,kt CH2Cl2/yr,"Total emissions of CH2Cl2 from the surface to the atmosphere due to any process as seen by the model. A positive value indicates release of to the atmosphere, and a negative value indicates a net atmosphere loss.",2,Non-idealised and if concentrations-driven or different from prescribed.,Each scenario,,,,
231,Emissions,Emissions|Montreal Gases|CH3Br,kt CH3Br/yr,"Total emissions of CH3Br from the surface to the atmosphere due to any process as seen by the model. A positive value indicates release of to the atmosphere, and a negative value indicates a net atmosphere loss.",2,Non-idealised and if concentrations-driven or different from prescribed.,Each scenario,,,,
232,Emissions,Emissions|Montreal Gases|CH3CCl3,kt CH3CCl3/yr,"Total emissions of CH3CCl3 from the surface to the atmosphere due to any process as seen by the model. A positive value indicates release of to the atmosphere, and a negative value indicates a net atmosphere loss.",2,Non-idealised and if concentrations-driven or different from prescribed.,Each scenario,,,,
233,Emissions,Emissions|Montreal Gases|CH3Cl,kt CH3Cl/yr,"Total emissions of CH3Cl from the surface to the atmosphere due to any process as seen by the model. A positive value indicates release of to the atmosphere, and a negative value indicates a net atmosphere loss.",2,Non-idealised and if concentrations-driven or different from prescribed.,Each scenario,,,,
234,Emissions,Emissions|Montreal Gases|CHCl3,kt CHCl3/yr,"Total emissions of CHCl3 from the surface to the atmosphere due to any process as seen by the model. A positive value indicates release of to the atmosphere, and a negative value indicates a net atmosphere loss.",2,Non-idealised and if concentrations-driven or different from prescribed.,Each scenario,,,,
235,Emissions,Emissions|Montreal Gases|Halon1202,kt Halon1202/yr,"Total emissions of Halon1202 from the surface to the atmosphere due to any process as seen by the model. A positive value indicates release of to the atmosphere, and a negative value indicates a net atmosphere loss.",2,Non-idealised and if concentrations-driven or different from prescribed.,Each scenario,,,,
236,Emissions,Emissions|Montreal Gases|Halon1211,kt Halon1211/yr,"Total emissions of Halon1211 from the surface to the atmosphere due to any process as seen by the model. A positive value indicates release of to the atmosphere, and a negative value indicates a net atmosphere loss.",2,Non-idealised and if concentrations-driven or different from prescribed.,Each scenario,,,,
237,Emissions,Emissions|Montreal Gases|Halon1301,kt Halon1301/yr,"Total emissions of Halon1301 from the surface to the atmosphere due to any process as seen by the model. A positive value indicates release of to the atmosphere, and a negative value indicates a net atmosphere loss.",2,Non-idealised and if concentrations-driven or different from prescribed.,Each scenario,,,,
238,Emissions,Emissions|Montreal Gases|Halon2402,kt Halon2402/yr,"Total emissions of Halon2402 from the surface to the atmosphere due to any process as seen by the model. A positive value indicates release of to the atmosphere, and a negative value indicates a net atmosphere loss.",2,Non-idealised and if concentrations-driven or different from prescribed.,Each scenario,,,,
239,Emissions,Emissions|Montreal Gases|HCFC141b,kt HCFC141b/yr,"Total emissions of HCFC141b from the surface to the atmosphere due to any process as seen by the model. A positive value indicates release of to the atmosphere, and a negative value indicates a net atmosphere loss.",2,Non-idealised and if concentrations-driven or different from prescribed.,Each scenario,,,,
240,Emissions,Emissions|Montreal Gases|HCFC142b,kt HCFC142b/yr,"Total emissions of HCFC142b from the surface to the atmosphere due to any process as seen by the model. A positive value indicates release of to the atmosphere, and a negative value indicates a net atmosphere loss.",2,Non-idealised and if concentrations-driven or different from prescribed.,Each scenario,,,,
241,Emissions,Emissions|Montreal Gases|HCFC22,kt HCFC22/yr,"Total emissions of HCFC22 from the surface to the atmosphere due to any process as seen by the model. A positive value indicates release of to the atmosphere, and a negative value indicates a net atmosphere loss.",2,Non-idealised and if concentrations-driven or different from prescribed.,Each scenario,,,,
242,Nitrogen Cycle,Net Flux to Atmosphere|N2O,Mt N2O/yr,"Total flux of N20 from the surface to the atmosphere due to any process. A positive value indicates release of N20 to the atmosphere, and a negative value indicates a net atmosphere loss. This should be the sum of the ""Emissions|N20"" and ""Natural Fluxes|N2O"" quantities.",1,Non-idealised,Each ensemble member,,,,
243,Nitrogen Cycle,Emissions|N2O,Mt N2O/yr,"Total flux of N20 from the surface due to any process of anthropogenic origin. A positive value indicates release of N20 to the atmosphere, and a negative value indicates a net atmosphere loss. ",2,Non-idealised and if concentrations-driven or different from prescribed.,Each scenario,,,,
244,Nitrogen Cycle,Natural Fluxes|N2O,Mt N2O/yr,"Total flux of N20 from the surface to the atmosphere due to any natural processes. A positive value indicates release of N20 to the atmosphere, and a negative value indicates a net atmosphere loss.",2,Non-idealised,Each ensemble member,,,,
245,Emissions,Emissions|NH3,Mt NH3/yr,"Total emissions of NH3 from the surface to the atmosphere due to any process as seen by the model. A positive value indicates release of to the atmosphere, and a negative value indicates a net atmosphere loss.",2,Non-idealised and if concentrations-driven or different from prescribed.,Each scenario,,,,
246,Emissions,Emissions|NOx,Mt NOx/yr,"Total emissions of NOx from the surface to the atmosphere due to any process as seen by the model. A positive value indicates release of to the atmosphere, and a negative value indicates a net atmosphere loss.",2,Non-idealised and if concentrations-driven or different from prescribed.,Each scenario,,,,
247,Emissions,Emissions|OC,Mt OC/yr,"Total emissions of OC from the surface to the atmosphere due to any process as seen by the model. A positive value indicates release of to the atmosphere, and a negative value indicates a net atmosphere loss.",2,Non-idealised and if concentrations-driven or different from prescribed.,Each scenario,,,,
248,Emissions,Emissions|Sulfur,Mt SO2/yr,"Total emissions of Sulfur from the surface to the atmosphere due to any process as seen by the model. A positive value indicates release of to the atmosphere, and a negative value indicates a net atmosphere loss.",2,Non-idealised and if concentrations-driven or different from prescribed.,Each scenario,,,,
249,Emissions,Emissions|VOC,Mt VOC/yr,"Total emissions of VOC from the surface to the atmosphere due to any process as seen by the model. A positive value indicates release of to the atmosphere, and a negative value indicates a net atmosphere loss.",2,Non-idealised and if concentrations-driven or different from prescribed.,Each scenario,,,,
250,Climate,Heat Content|Ocean,ZJ,total ocean heat content,1,Always,Each ensemble member,,,,
251,Climate,Heat Content|Ocean|0-700m,ZJ,ocean heat content between 0 and 700m,2,Always,Each ensemble member,,,,
252,Climate,Heat Content|Ocean|700-2000m,ZJ,ocean heat content between 700 and 2000m,2,Always,Each ensemble member,,,,
253,Climate,Heat Content|Ocean|below-2000m,ZJ,ocean heat content below 2000m,2,Always,Each ensemble member,,,,
254,Climate,Heat Uptake,ZJ/yr,"total Heat Uptake of the Earth System (ZJ is zetta joules i.e. 10^21J), equivalent to the the energy imbalance at the top of the atmosphere. ",1,Always,Each ensemble member,,,,
255,Climate,Heat Uptake|Atmosphere,ZJ/yr,atmosphere Heat Uptake  (ZJ is zetta joules i.e. 10^21J),2,Always,Each ensemble member,,,,
256,Climate,Heat Uptake|Ice,ZJ/yr,ice Heat Uptake  (ZJ is zetta joules i.e. 10^21J),2,Always,Each ensemble member,,,,
257,Climate,Heat Uptake|Land,ZJ/yr,land Heat Uptake (ZJ is zetta joules i.e. 10^21J),2,Always,Each ensemble member,,,,
258,Climate,Heat Uptake|Ocean,ZJ/yr,ocean Heat Uptake through surface layer of the ocean (ZJ is zetta joules i.e. 10^21J),1,Always,Each ensemble member,,,,
259,Climate,Heat Uptake|Other,ZJ/yr,"other Heat Uptake (ZJ is zetta joules i.e. 10^21J). Please specify what ""other"" is in the Comments sheet. ",2,Always,Each ensemble member,,,,
260,Ocean,Ocean pH,Dimensionless,pH of the ocean's surface layer,3,Always,Each ensemble member,,,,
261,Sea Level Change,Sea Level Change,cm,Total grobal mean sea level rise ,3,Always,Each ensemble member,,,,
262,Sea Level Change,Sea Level Change|Thermal Expansion,cm,Global mean sea level rise due to thermal expansion,3,Always,Each ensemble member,,,,
263,Sea Level Change,Sea Level Change|Glaciers,cm,Global mean sea level rise due to glaciers melting,3,Always,Each ensemble member,,,,
264,Sea Level Change,Sea Level Change|Greenland,cm,Global mean sea level rise due to Greenland's ice melting,3,Always,Each ensemble member,,,,
265,Sea Level Change,Sea Level Change|Antarctica,cm,Global mean sea level rise due to Antarctica's ice melting,3,Always,Each ensemble member,,,,
266,Sea Level Change,Sea Level Change|Land Water Storage,cm,Global mean sea level rise due to changes in land water storage,3,Always,Each ensemble member,,,,
267,Climate,Surface Air Ocean Blended Temperature Change,K,change in blended surface air/ocean tempertaure (i.e. quantity which is directly comparable with observational datasets e.g. HadCRUT4 or best proxy thereof). Please note reference period in comment sheet. ,2,Always,Each ensemble member,,,,
268,Climate,Surface Air Temperature Change,K,change in surface air tempertaure (i.e. 2m air temperature or best proxy thereof). Please note reference period in comment sheet. ,1,Always,Each ensemble member,,,,
269,Climate,Surface Ocean Temperature Change,K,change in surface layer ocean tempertaure. Please note reference period in comment sheet. ,1,Always,Each ensemble member,,,,
,,,,,,,,,,,
270,Effective Radiative Forcing,Effective Radiative Forcing|Anthropogenic|Ozone,W/m^2,effective radiative forcing from ozone (after stratospheric temperature adjustments and rapid adjustments) ,1,Non-idealised,Each ensemble member,(added ad hoc),,,
