Year,Natural Forcing.Baseline Effective Radiative Forcing from Solar Output Variations,Natural Forcing.Baseline Effective Radiative Forcing from Volcanoes,Minor GHGs Forcing.Montreal Gases Effective Radiative Forcing,Ozone Forcing.Montreal gases equivalent effective stratospheric chlorine
1750,0.102215039,0.24641247,0.0,344.3627591056
1751,0.097800073,0.246419681,-1.7110334080656122e-10,344.36275828667266
1752,0.079453784,0.246422103,6.246976186321537e-10,344.36275828667266
1753,0.049375854,0.246422921,1.4204985780964658e-09,344.36275828667266
1754,0.013198096,-0.116728684,2.2162995375351808e-09,344.36275828667266
1755,-0.021216797,-0.00449655,3.012100496973896e-09,344.36275828667266
1756,-0.045694116,0.156275043,3.807901456412611e-09,344.36275828667266
1757,-0.053276001,0.215874996,4.6037024158769225e-09,344.36275828667266
1758,-0.034134082,0.236149688,5.3995033753156385e-09,344.36275828667266
1759,0.017223047,0.242971751,6.195304334754353e-09,344.36275828667266
1760,0.067722144,0.245263888,6.991105294193068e-09,344.36275828667266
1761,0.092605078,0.24603386,7.786906253631782e-09,344.36275828667266
1762,0.086458447,-0.890820615,8.582707213096095e-09,344.36275828667266
1763,0.064368018,-0.539512136,9.37850817253481e-09,344.36275828667266
1764,0.031029565,-0.035952273,1.0174309131973525e-08,344.36275828667266
1765,-0.005725415,0.150735204,1.097011009141224e-08,344.36275828667266
1766,-0.035569336,0.214242681,1.1765911050876553e-08,344.36275828667266
1767,-0.049687866,-0.313290227,1.2561712010315268e-08,344.36275828667266
1768,-0.036505371,-0.136472271,1.3357512969753982e-08,344.36275828667266
1769,0.019656738,0.108944764,1.4153313929192698e-08,344.36275828667266
1770,0.085803223,0.199839903,1.494911488863141e-08,344.36275828667266
1771,0.117472412,0.230757125,1.5744915848095725e-08,344.36275828667266
1772,0.109921729,0.241160054,1.6540716807534436e-08,344.36275828667266
1773,0.086988867,0.24465531,1.7336517766973153e-08,344.36275828667266
1774,0.051045117,0.245829436,1.8132318726411868e-08,344.36275828667266
1775,0.010296387,0.246223838,1.892811968587618e-08,344.36275828667266
1776,-0.025428955,0.246356319,1.9723920645314896e-08,344.36275828667266
1777,-0.04658335,0.246400822,2.051972160475361e-08,344.36275828667266
1778,-0.042776807,0.246415767,2.1315522564192324e-08,344.36275828667266
1779,0.00185647,0.246420787,2.211132352363104e-08,344.36275828667266
1780,0.073260352,0.24642247,2.2907124483095353e-08,344.36275828667266
1781,0.116037158,0.246423033,2.3702925442534067e-08,344.36275828667266
1782,0.115881152,0.24642323,2.449872640197278e-08,344.36275828667266
1783,0.09159104,-2.061152454,2.52945273614115e-08,344.36275828667266
1784,0.054726855,-1.349945154,2.6090328320850213e-08,344.36275828667266
1785,0.011201221,-0.327106143,2.6886129280314524e-08,344.36275828667266
1786,-0.025491357,0.052072679,2.768193023975324e-08,344.36275828667266
1787,-0.044789282,0.181061671,2.8477731199191953e-08,344.36275828667266
1788,-0.031091968,0.224464113,2.9273532158630674e-08,344.36275828667266
1789,0.037519409,0.23904683,3.006933311809498e-08,344.36275828667266
1790,0.117659619,0.243945479,3.08651340775337e-08,344.36275828667266
1791,0.14483584,0.245590991,3.1660935036972416e-08,344.36275828667266
1792,0.13073291,0.24614373,3.245673599641113e-08,344.36275828667266
1793,0.112558228,0.246329406,3.3252536955849845e-08,344.36275828667266
1794,0.081778271,0.246391779,3.404833791531415e-08,344.36275828667266
1795,0.045912524,0.025182313,3.484413887475287e-08,344.36275828667266
1796,0.008018701,0.093560599,3.563993983419159e-08,344.36275828667266
1797,-0.025850171,0.191504221,3.64357407936303e-08,344.36275828667266
1798,-0.050889111,0.227813019,3.723154175309462e-08,344.36275828667266
1799,-0.063119971,0.240164536,3.802734271253333e-08,344.36275828667266
1800,-0.060592676,0.2443206,3.882314367197204e-08,344.36275828667266
1801,-0.042386792,0.245716985,3.961894463141076e-08,344.36275828667266
1802,-0.01251167,0.246186063,4.041474559084947e-08,344.36275828667266
1803,0.015631787,0.246343628,4.121054655031379e-08,344.36275828667266
1804,0.032792432,0.24639656,4.20063475097525e-08,344.36275828667266
1805,0.035070117,0.246414339,4.280214846919122e-08,344.36275828667266
1806,0.026520996,0.246420305,4.359794942862993e-08,344.36275828667266
1807,0.012043652,0.24642231,4.4393750388094244e-08,344.36275828667266
1808,-0.008003101,0.246422982,4.518955134753296e-08,344.36275828667266
1809,-0.029656714,-3.283193242,4.598535230697167e-08,344.36275828667266
1810,-0.049173047,-2.212218578,4.678115326641039e-08,344.36275828667266
1811,-0.062589551,-0.636926828,4.757695422584911e-08,344.36275828667266
1812,-0.067285327,-0.05291596,4.8372755185313415e-08,344.36275828667266
1813,-0.062012329,0.145753248,4.916855614475213e-08,344.36275828667266
1814,-0.04633374,0.212601768,4.9964357104190844e-08,344.36275828667266
1815,-0.025428955,-6.455758865,5.076015806362956e-08,344.36275828667266
1816,-0.006458643,-4.750234104,5.155595902309387e-08,344.36275828667266
1817,0.005148193,-1.560522125,5.2351759982532587e-08,344.36275828667266
1818,0.006895459,-0.366210158,5.3147560941971304e-08,344.36275828667266
1819,-0.000452417,0.040375668,5.3943361901410015e-08,344.36275828667266
1820,-0.01385332,0.17719798,5.473916286084873e-08,344.36275828667266
1821,-0.031169971,0.223169242,5.553496382031304e-08,344.36275828667266
1822,-0.047768994,-0.015950444,5.633076477975176e-08,344.36275828667266
1823,-0.059188623,0.06787124,5.7126565739190476e-08,344.36275828667266
1824,-0.061591113,0.182334458,5.7922366698629187e-08,344.36275828667266
1825,-0.049968677,0.224708275,5.871816765806791e-08,344.36275828667266
1826,-0.020031152,0.239120505,5.951396861753222e-08,344.36275828667266
1827,0.013354102,0.243969848,6.030976957697094e-08,344.36275828667266
1828,0.037753418,0.245599162,6.110557053640965e-08,344.36275828667266
1829,0.045163696,0.246146478,6.190137149584836e-08,344.36275828667266
1830,0.036130957,0.246330334,6.269717245531267e-08,344.36275828667266
1831,0.016396216,-3.342833909,6.349297341475138e-08,344.36275828667266
1832,-0.010155981,-2.313054017,6.428877437419011e-08,344.36275828667266
1833,-0.035272925,-0.673192462,6.508457533362882e-08,344.36275828667266
1834,-0.05084231,-0.065206248,6.588037629306753e-08,344.36275828667266
1835,-0.048299414,-1.026814193,6.667617725253185e-08,344.36275828667266
1836,-0.014945361,-0.596315695,6.747197821197056e-08,344.36275828667266
1837,0.044071655,-0.055536949,6.826777917140928e-08,344.36275828667266
1838,0.088002905,0.14413355,6.9063580130848e-08,344.36275828667266
1839,0.099828149,0.212024077,6.98593810903123e-08,344.36275828667266
1840,0.086146436,0.234866476,7.065518204975101e-08,344.36275828667266
1841,0.063712793,0.242541163,7.145098300918973e-08,344.36275828667266
1842,0.030920361,0.24511926,7.224678396862845e-08,344.36275828667266
1843,-0.003931348,0.245985275,7.304258492806716e-08,344.36275828667266
1844,-0.034258887,-0.05635035,7.383838588753148e-08,344.36275828667266
1845,-0.052792383,0.037274126,7.463418684697019e-08,344.36275828667266
1846,-0.05404043,0.171283188,7.54299878064089e-08,344.36275828667266
1847,-0.041669165,0.220960817,7.622578876584763e-08,344.36275828667266
1848,-0.029329102,0.237860086,7.702158972531193e-08,344.36275828667266
1849,-0.016957837,0.243546385,7.781739068475066e-08,344.36275828667266
1850,-0.004586572,0.245486068,7.861319164418936e-08,344.36275828667266
1851,0.007755115,0.245842523,7.861319164418936e-08,344.36275828667266
1852,0.002283199,0.238493171,7.861319164418936e-08,344.36275828667266
1853,0.001503155,0.246023229,7.861319164418936e-08,344.36275828667266
1854,-0.008608617,0.246649362,7.861319164418936e-08,344.36275828667266
1855,-0.022483778,-0.173711446,7.861319164418936e-08,344.36275828667266
1856,-0.031076153,-0.038304603,7.861319164418936e-08,344.36275828667266
1857,-0.033493861,0.146673648,7.861319164418936e-08,344.36275828667266
1858,-0.027442585,0.213704274,7.861319164418936e-08,344.36275828667266
1859,-0.010582326,0.236016686,7.861319164418936e-08,344.36275828667266
1860,0.003677079,0.243378201,7.861319164418936e-08,344.36275828667266
1861,0.014255227,0.118307571,7.861319164418936e-08,344.36275828667266
1862,0.012137769,0.094238356,7.861319164418936e-08,344.36275828667266
1863,-0.000113051,-0.692119028,7.861319164418936e-08,344.36275828667266
1864,-0.00729009,-0.362800983,7.861319164418936e-08,344.36275828667266
1865,-0.014365156,0.038346464,7.861319164418936e-08,344.36275828667266
1866,-0.02002363,0.178444668,7.861319164418936e-08,344.36275828667266
1867,-0.022910636,0.224731875,7.861319164418936e-08,344.36275828667266
1868,-0.027321755,0.239871784,7.861319164418936e-08,344.36275828667266
1869,-0.017514599,0.244816072,7.861319164418936e-08,344.36275828667266
1870,0.00030808,0.246430369,7.861319164418936e-08,344.36275828667266
1871,0.001711748,0.24695602,7.861319164418936e-08,344.36275828667266
1872,0.012501711,0.240915657,7.861319164418936e-08,344.36275828667266
1873,0.006781097,0.133237095,7.861319164418936e-08,344.36275828667266
1874,-0.002874825,0.240623896,7.861319164418936e-08,344.36275828667266
1875,-0.011223703,0.24716233,7.861319164418936e-08,344.36275828667266
1876,-0.026864081,0.219154276,7.861319164418936e-08,344.36275828667266
1877,-0.034041629,0.228442966,7.861319164418936e-08,344.36275828667266
1878,-0.038585891,0.24064642,7.861319164418936e-08,344.36275828667266
1879,-0.044414996,0.242242154,7.861319164418936e-08,344.36275828667266
1880,-0.043133184,0.194194887,7.861319164418936e-08,344.36275828667266
1881,-0.02914475,0.192941428,7.861319164418936e-08,344.36275828667266
1882,-0.009765283,0.243866965,7.861319164418936e-08,344.36275828667266
1883,-0.0139294,-0.277218465,7.861319164418936e-08,344.36275828667266
1884,-0.016904667,-1.847969088,7.861319164418936e-08,344.36275828667266
1885,0.006303574,-0.759684592,7.861319164418936e-08,344.36275828667266
1886,-0.008147652,-0.157606255,7.861319164418936e-08,344.36275828667266
1887,-0.024589088,-0.003385799,7.861319164418936e-08,344.36275828667266
1888,-0.0347705,0.181086627,7.861319164418936e-08,344.36275828667266
1889,-0.03873455,0.237916008,7.861319164418936e-08,344.36275828667266
1890,-0.040153643,0.073533245,7.861319164418936e-08,344.36275828667266
1891,-0.036669284,-0.0756282,7.861319164418936e-08,344.36275828667266
1892,-0.011180534,-0.037344516,7.861319164418936e-08,344.36275828667266
1893,0.009687197,0.15071032,7.861319164418936e-08,344.36275828667266
1894,0.026166585,0.215774031,7.861319164418936e-08,344.36275828667266
1895,0.045983347,0.23668094,7.861319164418936e-08,344.36275828667266
1896,0.027203746,0.24263756,7.861319164418936e-08,344.36275828667266
1897,0.001572803,0.24415687,7.861319164418936e-08,344.36275828667266
1898,-0.014835431,0.24440193,7.861319164418936e-08,344.36275828667266
1899,-0.022544941,0.244287347,7.861319164418936e-08,344.36275828667266
1900,-0.031760399,0.244069602,7.860377803337994e-08,344.3627580969411
1901,-0.037104946,0.243847378,7.862338030156662e-08,344.36275836041466
1902,-0.046172392,0.007888733,7.859830457431982e-08,344.36275802338935
1903,-0.044020665,-0.700558872,7.863084239456659e-08,344.362758460706
1904,-0.025593424,-0.24577168,7.858801864932725e-08,344.3627578851805
1905,0.007650937,0.120776828,7.864509311044675e-08,344.36275865339064
1906,-0.007035736,0.225678559,7.856705569865344e-08,344.3627576134446
1907,0.016989508,0.063444686,7.867245418063103e-08,344.3627590408529
1908,0.003997426,0.176417571,7.852416331518904e-08,344.36275705951067
1909,0.012103199,0.242036872,9.073078528174543e-08,344.3629216184846
1910,-0.004713129,0.241792045,1.3324998407016937e-07,344.36349484429377
1911,-0.017121066,0.241543095,9.42457756647201e-06,344.4887510563543
1912,-0.035164704,-0.340997887,1.254054888396023e-05,344.5307574540408
1913,-0.042070688,-0.248960343,1.530992801445418e-05,344.56809136763616
1914,-0.040539982,0.052521652,2.8048332613056373e-05,344.7398176617404
1915,-0.026775991,0.214513572,4.8524098570923937e-05,345.01585098987044
1916,0.012960753,0.239832788,8.243613963374542e-05,345.4730188169324
1917,0.044951,0.239961045,0.0001215981049109323,346.00096027190364
1918,0.066088955,0.239685265,0.00015006677450384227,346.38474643152676
1919,0.069872033,0.239403379,0.00017610254541708536,346.7357333517801
1920,0.03721586,0.239117427,0.0001913349173528167,346.9410818401306
1921,0.006247097,0.238827339,0.00020249972170518544,347.08809683772495
1922,-0.012936006,0.099849309,0.00022768829335038086,347.4178610667392
1923,-0.030427682,0.164137004,0.00026803609821287157,347.9467379757215
1924,-0.034474303,0.237932374,0.0003061773977680724,348.44169583741416
1925,-0.026714256,0.237625798,0.00035277581228460313,349.04753981499186
1926,-0.005576675,0.237315155,0.00041173541904947946,349.8179830159868
1927,0.022760144,0.237000355,0.00045248603430728964,350.34195133910816
1928,0.046467863,0.198287335,0.0005095621398700886,351.0861077235985
1929,0.030929014,0.009617596,0.0005929767693485991,352.18641296210023
1930,0.022965815,0.236031321,0.0006856838418679513,353.41009310248165
1931,0.023177128,0.235700087,0.0007995389650131551,355.0394622679461
1932,0.000975443,0.050137615,0.0009157910385437342,357.2653460204666
1933,-0.015562053,0.196934349,0.0010396413451267432,359.874807251118
1934,-0.022505192,0.234681665,0.0011801758836525737,362.66133741664873
1935,-0.014754991,0.234333979,0.0013534304492311346,365.8391323546766
1936,0.011807207,0.233982163,0.0015771802883073624,369.58130848909127
1937,0.069491105,0.233626238,0.0018174015156655974,373.54315023783295
1938,0.072716596,0.233266189,0.002053861216049208,377.4547600403133
1939,0.062298183,0.232902032,0.0023019437261179564,381.5196884690906
1940,0.05939626,0.232533757,0.0025869116419582495,386.04691319800054
1941,0.039991591,0.232161381,0.0029283001774783324,391.3974707368212
1942,0.024234164,0.231784857,0.0033556769585540392,397.76599942834457
1943,0.005791151,0.231404237,0.0038664189428453924,405.4674633822052
1944,-0.012855396,0.231019498,0.004467130710082116,414.86369668205987
1945,-0.00760081,0.230630675,0.005041954109433595,421.9787639914565
1946,0.027684672,0.230237686,0.00586450857711264,428.5405639325004
1947,0.044758679,0.229840613,0.006726053891867593,435.2149677732739
1948,0.090184252,0.229439431,0.007653019911516548,442.72467229534084
1949,0.105744011,0.229034114,0.008612541612873663,450.6358659254905
1950,0.090747839,0.228624706,0.009593236709706784,458.84628690535726
1951,0.057158453,0.22821116,0.010629340397557363,466.76518084424924
1952,0.012638911,0.227793506,0.011648855742784129,473.01274700979525
1953,0.010661935,0.227371754,0.012799375631072677,480.2717172193974
1954,-0.002371802,0.226945857,0.014117755067165368,488.80045019137685
1955,-0.002214728,0.226515855,0.015620876841123404,498.346353991752
1956,0.025055738,0.22608176,0.017346177500720903,508.40713535934526
1957,0.085120676,0.225643517,0.019310378101242604,519.4550151626735
1958,0.140971596,0.225201183,0.021403453719256903,531.0055075589238
1959,0.148348622,0.22475473,0.023588094086205293,542.9028498512624
1960,0.116747134,0.224304176,0.02606979496736743,556.005756187199
1961,0.095109484,0.212716053,0.028963871542079977,570.3610952404069
1962,0.047058505,0.022043766,0.032291860686375275,586.1703429480724
1963,0.013677183,-0.866306042,0.03617369179169075,603.8038873503601
1964,0.002084495,-0.618902914,0.04067222889291304,622.9262082144716
1965,-0.003225144,-0.298486612,0.04577134372577433,643.4398244624318
1966,-0.000255593,0.155161022,0.05145539771281143,666.1487688232859
1967,0.025326675,-0.105414249,0.05781716435111465,691.7209920430794
1968,0.057061643,0.011417295,0.06496172854510963,719.9353091276184
1969,0.073798401,0.097829001,0.07295018207457356,750.8848345958518
1970,0.076757746,0.09369097,0.0817598314301874,783.7203281937393
1971,0.078687518,-0.043463734,0.09128686616863226,818.414974082242
1972,0.050055185,0.072032361,0.10166641167225195,857.1145249318821
1973,0.048265187,0.202489417,0.11324764407243385,901.5234369388618
1974,0.019473292,0.070650438,0.12606120095534207,951.1534681993879
1975,0.005395537,-0.176655696,0.13907821833786477,1000.877706954597
1976,0.005675237,0.083381045,0.15183249093212842,1051.4798311091884
1977,0.001041957,0.168028365,0.1645078638686628,1106.6119156924074
1978,0.03112505,0.193015016,0.1768792630207748,1165.767221150997
1979,0.077248973,0.177572517,0.18832080031757295,1219.69140484798
1980,0.115961036,0.13238146,0.1996781036408246,1268.4820985835336
1981,0.108322711,0.100339081,0.21078910171107643,1315.1149173743866
1982,0.11087221,-0.245338392,0.22178942746584002,1358.3922935446349
1983,0.067596484,-0.706958684,0.23285286844434144,1401.703654493345
1984,0.065785705,-0.24331905,0.2439595214324693,1446.9489394685118
1985,0.014804317,0.020547461,0.2564062903695854,1495.2114467226515
1986,-0.002380265,0.018967176,0.27001319020115216,1545.1441053866
1987,-0.000259183,0.096925853,0.2842961091986912,1598.417095601011
1988,0.010584463,0.15093587,0.29958307608897344,1655.9529623037936
1989,0.055609312,0.18801116,0.31304596827853376,1706.6959709650225
1990,0.117371927,0.183691019,0.3244706912842952,1752.66756428177
1991,0.105951871,-0.528611176,0.3335262964566653,1786.469490641493
1992,0.104195202,-1.741204478,0.3412499611560945,1813.5658878250943
1993,0.083534446,-0.747536443,0.3456422918493638,1819.1671297073485
1994,0.034701259,-0.040998913,0.34905209411846017,1811.3229348792174
1995,0.005129601,0.132348997,0.35198954647042413,1792.7576574946042
1996,-0.000487593,0.195174714,0.3544072071009614,1771.5370089299404
1997,-0.012655272,0.215744422,0.3559030016109253,1750.1476300725462
1998,0.003701228,0.217402831,0.35723452434739644,1746.8307225918916
1999,0.05061655,0.220889653,0.3583059664606789,1717.1773197945665
2000,0.085073072,0.221536499,0.35925210015570286,1697.988511981427
2001,0.110136855,0.216276086,0.3599657540591024,1664.4745980453552
2002,0.099598671,0.22305988,0.360382564702247,1641.2023363233773
2003,0.104868677,0.206704845,0.36044153386373384,1623.4993119002713
2004,0.043571881,0.21761975,0.36024650570785627,1607.4198925330231
2005,0.016789555,0.191487296,0.3602538949409957,1600.8493737448534
2006,-0.009682365,0.175515176,0.36013414335384036,1581.5190837312066
2007,-0.015652004,0.163320347,0.36022773321409673,1569.8509274051216
2008,-0.0271628,0.179477208,0.360403722012098,1552.914816438561
2009,-0.029668862,0.151295608,0.3602822442831363,1533.3872007158216
2010,-0.029721937,0.184927372,0.36019208874338987,1520.4672602401743
2011,-0.007547777,0.145307925,0.3598825337770674,1507.1554266346131
2012,0.026778812,0.182729628,0.35926460008667993,1496.4725890114814
2013,0.041142496,0.205680245,0.3587904691891815,1483.316635346603
2014,0.049433641,0.187819398,0.35812800995993344,1470.044697359597
2015,0.059315907,0.157038124,0.35721550749460734,1461.5253106495252
2016,0.02942091,0.178190712,0.35628183770791266,1460.4421198861492
2017,-0.007377415,0.204682078,0.3553259976623947,1444.7104958955433
2018,-0.01725677,0.18670517,0.3542753759263312,1433.5381605756331
2019,-0.021257743,0.133221449,0.35263088389700004,1418.886
2020,-0.021963061,0.096303611,0.350342991647,1414.1215000000002
2021,-0.016758823,0.153447806,0.348039773457,1400.5053
2022,0.019767054,0.095918162,0.345645143407,1388.3156
2023,0.059602872,0.095918162,0.34237358098443094,1375.0076974521635
2024,0.0668683859617568,0.0852605884444444,0.33886266786558034,1361.5904495684167
2025,0.0448233959148743,0.0746030148888888,0.3351330453166926,1348.064725613059
2026,0.0198382240800248,0.0639454413333333,0.331202769415074,1334.434623854986
2027,-0.0055994074883663,0.0532878677777777,0.3270883296777427,1320.7052919806158
2028,-0.0158087520697533,0.0426302942222222,0.32280487780423434,1306.8821796831426
2029,-0.0327868691616476,0.0319727206666666,0.3183663467393074,1292.9707523204434
2030,-0.0418654271266476,0.0213151471111111,0.3137855489583965,1278.976362641279
2031,-0.0507985363411094,0.0106575735555555,0.30907426579726655,1264.904183613019
2032,-0.048807784912672,0.0,0.3043326063973311,1250.645034211388
2033,-0.0269821262116128,0.0,0.2995649307300838,1236.4013295706586
2034,0.0112978222178663,0.0,0.2947752224607454,1222.2343180299424
2035,0.015861784319203,0.0,0.2899669604253272,1208.1616061490242
2036,0.0329283735145912,0.0,0.2851432406082159,1194.1872370486115
2037,0.0157935264130572,0.0,0.28030685155566704,1180.311012257244
2038,0.015107057890482,0.0,0.27546031697323536,1166.5313958472484
2039,-0.009433176685166,0.0,0.2706059241933242,1152.846425345191
2040,-0.0325623321318726,0.0,0.26574574653286054,1139.254000990128
2041,-0.0527970782530248,0.0,0.2608816625001908,1125.7519803631765
2042,-0.0583686672406175,0.0,0.25619121085093965,1112.4870880645317
2043,-0.0557006678559704,0.0,0.25165597217698404,1099.4824628265346
2044,-0.0432855611117703,0.0,0.24726447357072545,1086.7356926025438
2045,-0.0071474985093443,0.0,0.24300683293779565,1074.2370883854883
2046,0.0173951723222181,0.0,0.23887401921091714,1061.9752756321348
2047,0.0448636155076753,0.0,0.2348577097471648,1049.9388850842965
2048,0.0474979994191086,0.0,0.23095022582941196,1038.1170404697648
2049,0.0252121771515063,0.0,0.2271444808028203,1026.499475441407
2050,-0.0093094832722957,0.0,0.22343393294119665,1015.0765376276738
2051,-0.0263291241514682,0.0,0.21981254204745004,1003.839159889224
2052,-0.0420018374869509,0.0,0.21631547230164896,992.1936174049092
2053,-0.0532385962057158,0.0,0.21292854647748619,980.5855732527821
2054,-0.0489320651430249,0.0,0.20964436040525197,969.145152049783
2055,-0.0280171930325735,0.0,0.20645649364779137,957.9054527912435
2056,-0.0021266972061613,0.0,0.20335896591246852,946.8699106447045
2057,-0.0013580996972667,0.0,0.20034621301057423,936.0331390149611
2058,0.0029300525929704,0.0,0.19741307847159817,925.3873872805949
2059,0.0061570658501522,0.0,0.1945547917881707,914.9245313901324
2060,-0.0153667780927499,0.0,0.19176694140466313,904.636672296491
2061,-0.033606818861989,0.0,0.1890454472871914,894.5163000078649
2062,-0.0486085132648131,0.0,0.1863977490549138,884.910403783291
2063,-0.0539131826381985,0.0,0.18381722189895214,875.5917664189133
2064,-0.0558743814722778,0.0,0.1812995414711641,866.4845326437098
2065,-0.0494437643617575,0.0,0.1788411045144989,857.5599647610762
2066,-0.0208680642467228,0.0,0.17643867977446231,848.8042643057308
2067,0.0046658207998338,0.0,0.17408930512526916,840.208576824907
2068,0.0188136368262599,0.0,0.17179024503632048,831.7658590468076
2069,0.0130741946894866,0.0,0.1695389659283464,823.4698801093153
2070,-0.0027110337993733,0.0,0.16733311793031996,815.3148905127083
2071,-0.0252239188057911,0.0,0.16517051952963738,807.2955018423546
2072,-0.0361180296136234,0.0,0.16304671283694183,798.823673992278
2073,-0.0442323138320121,0.0,0.16096382518579222,790.3095077476866
2074,-0.0560626014497378,0.0,0.15892097783391243,781.876331299693
2075,-0.0608807035072147,0.0,0.15691667015640912,773.5590336754888
2076,-0.0657177970796792,0.0,0.15494931630704287,765.3652273521617
2077,-0.059358171802371,0.0,0.15301738200609685,757.2941910233975
2078,-0.0414566490337424,0.0,0.1511194190131278,749.3427557506184
2079,-0.0220946549733895,0.0,0.14925407040766064,741.5071348352635
2080,-0.0084847032176101,0.0,0.14742006726952755,733.7834882999969
2081,-0.0067239319157968,0.0,0.14561622302022245,726.1680913989367
2082,-0.0078078093371452,0.0,0.1438575829880789,719.7555711319609
2083,-0.0222232636393849,0.0,0.14213189060707573,713.7925823595021
2084,-0.0289004142671792,0.0,0.14043569428707892,708.0432172311125
2085,-0.050547089088864,0.0,0.13876737831396924,702.4316437495303
2086,-0.0624955137463987,0.0,0.13712582268161888,696.9318660962789
2087,-0.0634668105009994,0.0,0.13551008775887427,691.5335496167934
2088,-0.0617758359100574,0.0,0.13391932499357997,686.2313716982707
2089,-0.0450856445121337,0.0,0.13235274721427026,681.0216838138657
2090,-0.0173548550349346,0.0,0.13080961673666622,675.9014565409396
2091,0.0030587894829414,0.0,0.12928923925787114,670.8679409731708
2092,0.0295767197620272,0.0,0.12778778763543147,666.0567199281292
2093,0.0186150099185144,0.0,0.12630851258636128,661.3748308407589
2094,-0.0036515995367343,0.0,0.12485117202424231,656.7916579772315
2095,-0.0213273625932564,0.0,0.12341516991756217,652.2959397487721
2096,-0.0419900304861196,0.0,0.12199991649275924,647.8825031169388
2097,-0.0490450304817286,0.0,0.12060485723740874,643.5481475332366
2098,-0.0556009095886441,0.0,0.11922946943698678,639.290358768113
2099,-0.0460946391209705,0.0,0.11787325815820399,635.1069023946983
2100,-0.0241900060007853,0.0,0.11653575347501467,630.9956921908014
2101,0.0016533690259855,0.0,0.11521650837992378,626.954745042294
2102,0.0002273045059623,0.0,0.1138993652430414,621.477155888907
2103,-0.0007976326194716,0.0,0.11259673895518486,615.6036139132541
2104,-0.0119603091666481,0.0,0.1113111535751392,609.6554752349501
2105,-0.0331907320014277,0.0,0.11004299127975843,603.73153683352
2106,-0.045288409387996,0.0,0.10879208906797336,597.8614479867641
2107,-0.0552232471849635,0.0,0.10755813621676236,592.0533096384231
2108,-0.0562745407640344,0.0,0.10634078722572533,586.3085100511055
2109,-0.0498570730357737,0.0,0.10513969590989784,580.6263677837712
2110,-0.0291680461201082,0.0,0.1039545255814657,575.0055893350516
2111,0.01406583631782,0.0,0.10278495169001052,569.4447270475081
2112,0.0160144398888298,0.0,0.10163066207342251,563.9423220266973
2113,0.0185133710326174,0.0,0.10049135647877239,558.4969475302161
2114,-0.0063382341418443,0.0,0.09936674589028817,553.1072208891617
2115,-0.0136634999541186,0.0,0.09825655183641735,547.7718055380793
2116,-0.0348314075192926,0.0,0.09716050572868846,542.489410010164
2117,-0.045914612633372,0.0,0.09607834824626528,537.2587860769812
2118,-0.0530414731855942,0.0,0.0950098287676381,532.0787267209963
2119,-0.0527987879062946,0.0,0.09395470484709119,526.94806415299
2120,-0.0330247658937021,0.0,0.09291274173259145,521.865667934428
2121,-0.0022843470886499,0.0,0.0918837119216539,516.8304432166811
2122,0.0304376040965988,0.0,0.09086739475192265,511.8413290941371
2123,0.0116005163263848,0.0,0.08986357602346072,506.8972970640515
2124,0.0160023345161335,0.0,0.0888720476500018,501.99734958519593
2125,-0.0107916671603629,0.0,0.08789260733666072,497.1405187276011
2126,-0.0342684546710457,0.0,0.08692505828182664,492.3258649062313
2127,-0.0461522116942749,0.0,0.08596920890116594,487.5524756920186
2128,-0.0558820965161381,0.0,0.08502487257185014,482.8194646942454
2129,-0.0533457914647031,0.0,0.08409186739529312,478.1259705087957
2130,-0.0334538048957852,0.0,0.08317001597683508,473.4711557272667
2131,0.0180703571333118,0.0,0.08225914522095225,468.8542060023726
2132,0.0261844874362157,0.0,0.08135908614069555,464.2743291654669
2133,0.0358810545728605,0.0,0.08046967368017946,459.73075439236374
2134,0.0189843377625884,0.0,0.0795907465490446,455.2227314139716
2135,-0.0065576253955944,0.0,0.07872214706791422,450.749529768542
2136,-0.0370619503119505,0.0,0.07786372102395034,446.3104380926069
2137,-0.0464343044810804,0.0,0.07701531753569418,441.904763447923
2138,-0.0556124497481059,0.0,0.07617678892644668,437.5318306819627
2139,-0.0600508378180018,0.0,0.07534799060550999,433.19098181969105
2140,-0.0567306660922196,0.0,0.07452878095666972,428.88157548455575
2141,-0.0361647593184242,0.0,0.07371902123335144,424.6029863467806
2142,-0.0147774245313871,0.0,0.0729185754599339,420.3546045972068
2143,-0.0118716123792112,0.0,0.07212731033874573,416.13583544506605
2144,-0.0071376821334751,0.0,0.07134509516231276,411.94609863819306
2145,-0.0107098175108548,0.0,0.07057180173046051,407.78482800430396
2146,-0.0291580873899114,0.0,0.06980730427190895,403.65147101207
2147,-0.0312504892654322,0.0,0.06905147937002845,399.54548835081204
2148,-0.0436964617905468,0.0,0.06830420589245241,395.4663535277326
2149,-0.050417967526908,0.0,0.06756536492426847,391.4135524816772
2150,-0.0535521893537309,0.0,0.06683483970453277,387.38658321249414
2151,-0.0530821629330306,0.0,0.06611251556587286,383.3849554251301
2152,-0.0348994363038777,0.0,0.06539827987696477,379.4081901876556
2153,8.565973391955593e-05,0.0,0.06469202198768598,375.4558196024762
2154,0.0267529166635029,0.0,0.06399363317676342,371.52738649003487
2155,0.025717807101217,0.0,0.06330300660174967,367.6224440843578
2156,0.0207671200325802,0.0,0.06262003725117384,363.740555739842
2157,0.004258282205563,0.0,0.06194462189872553,359.88129464872145
2158,-0.0196033482524808,0.0,0.06127665905934278,356.0442435686852
2159,-0.039213412999923,0.0,0.06061604894708299,352.2289945601577
2160,-0.0498546865279967,0.0,0.05996269343466712,348.43514873278025
2161,-0.0486721978484936,0.0,0.059316496014595,344.662316000662
2162,-0.0307334046389392,0.0,0.058677361761737164,340.91011484599665
2163,0.0053770365532772,0.0,0.058045197297316664,337.1781720906658
2164,0.0404094085907836,0.0,0.057419910754200186,333.4661226754709
2165,0.0293441098757135,0.0,0.05680141174342399,329.77360944665975
2166,0.0347081469583234,0.0,0.05618961132188572,326.10028294942924
2167,0.0009203124522238,0.0,0.05558442196113795,322.4458012281099
2168,-0.0231756385963862,0.0,0.0549857575172248,318.8098296327476
2169,-0.0403948261393674,0.0,0.05439353320150547,315.1920406318201
2170,-0.0501599808509473,0.0,0.053807665552414834,311.5921136308363
2171,-0.0527272816589682,0.0,0.05322807240811238,308.00973479658086
2172,-0.0424553200929209,0.0,0.052654672879975946,304.44459688678097
2173,-0.0113318748471047,0.0,0.05208738732689877,300.8963990849805
2174,0.0068805056243188,0.0,0.051526137330351315,297.36484684042244
2175,0.0230156146514947,0.0,0.05097084567017213,293.8496517127453
2176,0.0237304214942189,0.0,0.05042143630105411,290.35053122131364
2177,0.0074742681992436,0.0,0.04987783432969497,286.8672086990087
2178,-0.0158239032878049,0.0,0.04933996599258229,283.39941315031507
2179,-0.0298914431529786,0.0,0.04880775863438611,279.94687911354697
2180,-0.0454532326905965,0.0,0.04828114068693281,276.5093465270635
2181,-0.0548026297432911,0.0,0.0477600416487365,273.0865605993327
2182,-0.0630198643992228,0.0,0.047244392065064936,269.6782716827069
2183,-0.0663171016637714,0.0,0.046734123508518785,266.28423515078043
2184,-0.0625536913547698,0.0,0.04622916856010387,262.90421127920564
2185,-0.0484796054094831,0.0,0.045729460790777804,259.53796512984877
2186,-0.0154869733728859,0.0,0.045234934743452804,256.1852664381729
2187,-0.0101466149878397,0.0,0.044745525915438,252.84588950373887
2188,-0.000577550497648,0.0,0.04426117074130514,249.51961308372032
2189,0.0063110201255977,0.0,0.04378180657616288,246.20622028933425
2190,-0.0163832590909994,0.0,0.04330737167932495,242.90549848509048
2191,-0.0362124586441822,0.0,0.042837805198359086,239.61723919076974
2192,-0.0491652344035871,0.0,0.042373047153503596,236.3412379860412
2193,-0.0535783897898594,0.0,0.04191303842243945,233.07729441763644
2194,-0.0555119221368096,0.0,0.04145772072540625,229.82521190899786
2195,-0.0470956411008606,0.0,0.041007036610651255,226.58479767232424
2196,-0.0174164222878021,0.0,0.040560929440200594,223.3558626229382
2197,0.0136547929343593,0.0,0.04011934337594294,220.13822129590378
2198,0.0312713165056324,0.0,0.03968222336601613,216.93169176482468
2199,0.0237595702647238,0.0,0.03924951513148724,213.73609556275707
2200,0.0091907600656787,0.0,0.03882116515331776,210.551257605171
2201,-0.0162617882273594,0.0,0.03839712065960563,207.37700611490087
2202,-0.0266474188459242,0.0,0.037977329613095544,204.2131725490231
2203,-0.0349953137517517,0.0,0.03756174069895062,201.05959152760553
2204,-0.0488183131769354,0.0,0.03715030331277766,197.91610076427057
2205,-0.0538841185328743,0.0,0.0367429675488991,194.78254099852117
2206,-0.0599433433696799,0.0,0.03633968418886487,191.6587559297764
2207,-0.0538547124969195,0.0,0.03594040469019779,188.5445921530667
2208,-0.0355268697055106,0.0,0.03554508117536607,185.43989909634178
2209,-0.0151470515647667,0.0,0.03515366642097715,182.34452895934348
2210,0.000228415780563,0.0,0.03476611384718697,179.25833665399932
2211,0.0003517245214773,0.0,0.034382377507319005,176.18117974629297
2212,-0.0016096613935214,0.0,0.03400241207768808,173.1129183995701
2213,-0.0170817806690261,0.0,0.03362617284762332,170.05341531923844
2214,-0.0257012112528224,0.0,0.0332536157096856,167.00253569882307
2215,-0.0487336598829438,0.0,0.03288469715007453,163.96014716733936
2216,-0.0618615965081449,0.0,0.03251937423922037,160.92611973794592
2217,-0.0630085379464161,0.0,0.03215760462255629,157.90032575784298
2218,-0.0606384883825214,0.0,0.0317993465114668,154.88263985938082
2219,-0.0428072751039392,0.0,0.031444558674407944,151.8729389123458
2220,-0.0151986242361099,0.0,0.031093200428195304,148.8711019773913
2221,0.0054723924634681,0.0,0.030745231629455843,145.877010260582
2222,0.0354042322804646,0.0,0.0304006126662398,142.89054706902186
2223,0.0225576840275711,0.0,0.030059304449788854,139.9115977675361
2224,0.0001418666866663,0.0,0.029721268406456974,136.94004973637877
2225,-0.0191627706090897,0.0,0.02938646646978062,133.97579232993814
2226,-0.0428240297058316,0.0,0.02905486107269469,131.01871683641403
2227,-0.0488625249969195,0.0,0.028726415139891083,128.0687164384398
2228,-0.0586677814706849,0.0,0.028401092080316697,125.12568617462524
2229,-0.0481769113009646,0.0,0.028078855779807604,122.18952290199515
2230,-0.0230665928479554,0.0,0.02775967059385668,119.2601252593003
2231,-0.0063842238143617,0.0,0.027443501340511402,116.33739363117752
2232,-0.0023890086975583,0.0,0.02713031329339934,113.42123011313754
2233,0.00720080916135,0.0,0.026820072174878327,110.51153847735775
2234,-0.0047517186639855,0.0,0.026512744149308685,107.60822413925962
2235,-0.0153114347251024,0.0,0.026208295816444904,104.71119412485085
2236,-0.0387799328698839,0.0,0.025906694204944323,101.82035703881152
2237,-0.0481178855223999,0.0,0.025607906765990087,98.93562303330577
2238,-0.054094021211092,0.0,0.02531190136702623,96.05690377749997
2239,-0.0527041585987194,0.0,0.02501864628560239,93.18411242776997
2240,-0.040071456787672,0.0,0.02472811020332586,90.31716359857911
2241,-0.0093074316883953,0.0,0.02444026219991884,87.45597333400988
2242,0.0181981964553373,0.0,0.0241550717473786,84.60045907993386
2243,0.0218242000405283,0.0,0.023872508704238505,81.75053965680213
2244,0.0181087546141006,0.0,0.023592543309927817,78.90613523304194
2245,-0.0024274450659531,0.0,0.023315146179228276,76.0671672990435
2246,-0.0235539295078338,0.0,0.02304028829682543,73.23355864172245
2247,-0.0325156326729844,0.0,0.022767941011952883,70.40523331964401
2248,-0.046733674224902,0.0,0.0224980760331275,67.58211663869395
2249,-0.0554565721127356,0.0,0.02223066542297387,64.76413512828366
2250,-0.0620379250531058,0.0,0.02196568159313604,61.95121651807575
2251,-0.0628912984745526,0.0,0.02170309729927504,59.143289715217165
2252,-0.0530011456884831,0.0,0.021462702774568177,57.96923277862652
2253,-0.0322828633825272,0.0,0.02122945040940573,57.306953246659525
2254,-0.0086123721582042,0.0,0.02099995696820855,56.80840783399465
2255,-0.0047734740016243,0.0,0.020773299344317406,56.3650884180887
2256,0.0012099953287637,0.0,0.020549180725426806,55.94296506646361
2257,-0.0030892090990144,0.0,0.0203274863766094,55.53127360214437
2258,-0.0186099114882563,0.0,0.020108158690950406,55.12655153123916
2259,-0.0295560519259704,0.0,0.019891158888623344,54.72763902805373
2260,-0.0507654879496114,0.0,0.019676454768753203,54.33410662746295
2261,-0.0610704750183258,0.0,0.01946401670593537,53.94575856706795
2262,-0.0603767404694195,0.0,0.019253816317203586,53.5624752198645
2263,-0.056277120191717,0.0,0.01904582600360768,53.184162859741775
2264,-0.0351025422929301,0.0,0.01884001878054528,52.81073753541986
2265,-0.0052806853806001,0.0,0.01863636820462394,52.4421198265351
2266,0.0173957279595039,0.0,0.01843484833374571,52.078233087227126
2267,0.038704375955563,0.0,0.0182354336994537,51.71900281454577
2268,0.0156335468944396,0.0,0.01803809928451571,51.364356384038274
2269,-0.0021028673957911,0.0,0.017842820503317126,51.014222908542536
2270,-0.0257981485922783,0.0,0.017649573184159127,50.66853314112913
2271,-0.0400718298984705,0.0,0.01745833355307011,50.327219396254556
2272,-0.0536750824760636,0.0,0.017269078218916437,49.990215480368164
2273,-0.0538592430780596,0.0,0.017081784159665235,49.65745662880636
2274,-0.0376242903008779,0.0,0.016896428709682054,49.32887944765083
2275,-0.0140810827612656,0.0,0.016712989547962593,49.00442185985476
2276,0.0029879080064486,0.0,0.016531444687209414,48.684023055171735
2277,0.0025891477342262,0.0,0.016351772463674034,48.367623443518916
2278,-0.0010541660901429,0.0,0.0161739515276927,48.05516461145972
2279,-0.0138698123604669,0.0,0.015997960834851565,47.7465892815276
2280,-0.0368806680933715,0.0,0.015823779637723034,47.44184127414011
2281,-0.048919328226283,0.0,0.015651387478121222,47.14086547187859
2282,-0.0535553949535862,0.0,0.015480764179829217,46.843607785929535
2283,-0.0559237776055654,0.0,0.015311889841755775,46.550015124503844
2284,-0.0444015997500022,0.0,0.015144744831483077,46.26003536306738
2285,-0.0160513299118559,0.0,0.014979309779171144,45.97361731623232
2286,0.0138470861840352,0.0,0.014815565571787561,45.69071071117289
2287,0.0237310190553893,0.0,0.014653493347634609,45.411266162442004
2288,0.0228510343672357,0.0,0.014493074491148271,45.135235148076816
2289,-0.0110429861886036,0.0,0.014334290627946339,44.86256998689188
2290,-0.0188952953575967,0.0,0.014177123620104846,44.59322381686753
2291,-0.0370661312549636,0.0,0.014021555561644188,44.327150574550274
2292,-0.0524136514918284,0.0,0.013867568774208085,44.06430497538923
2293,-0.0610248700177934,0.0,0.013715145802920034,43.80464249493941
2294,-0.0543924411864507,0.0,0.013564269412403542,43.548119350869534
2295,-0.0282210264417112,0.0,0.013414922582953556,43.29469248571701
2296,-0.0049184348470272,0.0,0.013267088506847895,43.04431955033829
2297,0.0201147604937691,0.0,0.013120750584788302,42.79695888800714
2298,0.0207627618181382,0.0,0.012975892422461983,42.552569519117824
2299,0.0016798686513905,0.0,0.01283249782721509,42.31111112645348
2300,0.0,0.0,0.012690550804830582,42.072544040983985
2301,0.0,0.0,0.01255003555640349,41.836829228160155
2302,0.0,0.0,0.012410936475307317,41.603928274674296
2303,0.0,0.0,0.012273238144245807,41.37380337565927
2304,0.0,0.0,0.012136925332384873,41.14641732230094
2305,0.0,0.0,0.012001982992559942,40.921733489840676
2306,0.0,0.0,0.011868396258554365,40.69971582594634
2307,0.0,0.0,0.011736150442444946,40.48032883943245
2308,0.0,0.0,0.011605231032010983,40.2635375893109
2309,0.0,0.0,0.011475623688203446,40.049307674155976
2310,0.0,0.0,0.011347314242671392,39.83760522176779
2311,0.0,0.0,0.01122028869534269,39.628396879120075
2312,0.0,0.0,0.01109453321205659,39.42164980257908
2313,0.0,0.0,0.010970034122245797,39.21733164838109
2314,0.0,0.0,0.010846777916665825,39.01541056335738
2315,0.0,0.0,0.010724751245169707,38.815855175895805
2316,0.0,0.0,0.010603940914526171,38.618634587129286
2317,0.0,0.0,0.010484333886279592,38.42371836234179
2318,0.0,0.0,0.010365917274650159,38.231076522583244
2319,0.0,0.0,0.010248678344472791,38.04067953648554
2320,0.0,0.0,0.010132604509173398,37.85249831227158
2321,0.0,0.0,0.01001768332878127,37.66650418995075
2322,0.0,0.0,0.009903902507976405,37.4826689336939
2323,0.0,0.0,0.009791249894170625,37.300964724381544
2324,0.0,0.0,0.009679713475621497,37.121364152319536
2325,0.0,0.0,0.009569281379578064,36.94384021011637
2326,0.0,0.0,0.009459941870457464,36.76836628571714
2327,0.0,0.0,0.009351683348051617,36.594916155588855
2328,0.0,0.0,0.009244494345763087,36.42346397805261
2329,0.0,0.0,0.009138363528869464,36.25398428675793
2330,0.0,0.0,0.00903327969281544,36.08645198429513
2331,0.0,0.0,0.008929231761531953,35.920842335941636
2332,0.0,0.0,0.008826208785781702,35.75713096353824
2333,0.0,0.0,0.008724199941530474,35.59529383949174
2334,0.0,0.0,0.008623194528343592,35.435307280900375
2335,0.0,0.0,0.008523181967807016,35.27714794379867
2336,0.0,0.0,0.008424151801972502,35.12079281751846
2337,0.0,0.0,0.008326093691826289,34.966219219163015
2338,0.0,0.0,0.008228997415780866,34.81340478819118
2339,0.0,0.0,0.008132852868189292,34.662327481108896
2340,0.0,0.0,0.008037650057881636,34.5129655662651
2341,0.0,0.0,0.007943379106723086,34.36529761874957
2342,0.0,0.0,0.007850030248193295,34.21930251539001
2343,0.0,0.0,0.0077575938259865545,34.07495942984605
2344,0.0,0.0,0.00766606029263242,33.932247827797674
2345,0.0,0.0,0.007575420208136345,33.791147462225986
2346,0.0,0.0,0.007485664238640002,33.651638368783814
2347,0.0,0.0,0.007396783155100923,33.51370086125433
2348,0.0,0.0,0.007308767831991087,33.37731552709543
2349,0.0,0.0,0.007221609246014105,33.242463223067936
2350,0.0,0.0,0.007135298474840731,33.10912507094565
2351,0.0,0.0,0.007049826695862267,32.97728245330554
2352,0.0,0.0,0.0069651851849616905,32.84691700939603
2353,0.0,0.0,0.006881365315302062,32.71801063108172
2354,0.0,0.0,0.006798358556131992,32.59054545886296
2355,0.0,0.0,0.006716156471607875,32.464503877968426
2356,0.0,0.0,0.0066347507196325645,32.33986851451907
2357,0.0,0.0,0.006554133050710256,32.21662223176226
2358,0.0,0.0,0.006474295306817272,32.09474812637401
2359,0.0,0.0,0.006395229420288519,31.974229524828274
2360,0.0,0.0,0.006316927412719328,31.855049979831726
2361,0.0,0.0,0.006239381393882445,31.737193266822533
2362,0.0,0.0,0.006162583560659909,31.620643380531924
2363,0.0,0.0,0.006086526195989591,31.505384531607085
2364,0.0,0.0,0.006011201667826152,31.391401143294214
2365,0.0,0.0,0.005936602428116176,31.278677848180372
2366,0.0,0.0,0.00586272101178727,31.16719948499299
2367,0.0,0.0,0.0057895500357509014,31.056951095455787
2368,0.0,0.0,0.005717082197918742,30.947917921199927
2369,0.0,0.0,0.005645310276232323,30.840085400729386
2370,0.0,0.0,0.005574227127705797,30.733439166439208
2371,0.0,0.0,0.0055038256874815564,30.62796504168587
2372,0.0,0.0,0.00543409896789857,30.523649037908402
2373,0.0,0.0,0.005365040057573208,30.420477351799455
2374,0.0,0.0,0.005296642120492333,30.318436362525183
2375,0.0,0.0,0.005228898395118539,30.21751262899306
2376,0.0,0.0,0.0051618021935072745,30.117692887166573
2377,0.0,0.0,0.0050953469004357335,30.018964047425982
2378,0.0,0.0,0.005029525972543272,29.921313191974097
2379,0.0,0.0,0.004964332937483218,29.824727572286275
2380,0.0,0.0,0.004899761393085904,29.729194606603784
2381,0.0,0.0,0.0048358050065327104,29.63470187746963
2382,0.0,0.0,0.0047724575135409935,29.54123712930599
2383,0.0,0.0,0.004709712717559711,29.44878826603256
2384,0.0,0.0,0.0046475644889755995,29.35734334872487
2385,0.0,0.0,0.0045860067643297316,29.266890593312
2386,0.0,0.0,0.004525033545544312,29.177418368312644
2387,0.0,0.0,0.004464638899159533,29.088915192609118
2388,0.0,0.0,0.0044048169555803785,29.001369733258322
2389,0.0,0.0,0.004345561908333196,28.91477080333906
2390,0.0,0.0,0.004286868013331905,28.82910735983509
2391,0.0,0.0,0.0042287295881536955,28.744368501553065
2392,0.0,0.0,0.004171141011324088,28.660543467074817
2393,0.0,0.0,0.004114096721611195,28.577621632743373
2394,0.0,0.0,0.004057591217329065,28.495592510681902
2395,0.0,0.0,0.004001619055649995,28.414445746845207
2396,0.0,0.0,0.003946174851925608,28.33417111910289
2397,0.0,0.0,0.0038912532790166834,28.254758535353865
2398,0.0,0.0,0.0038368490666314805,28.176198031671436
2399,0.0,0.0,0.003782957000672555,28.09847977047845
2400,0.0,0.0,0.0037295719225918533,28.021594038751974
2401,0.0,0.0,0.003676688728754015,27.94553124625699
2402,0.0,0.0,0.003624302369807748,27.870281923808434
2403,0.0,0.0,0.0035724078500651694,27.79583672156121
2404,0.0,0.0,0.003521000226888974,27.722186407327627
2405,0.0,0.0,0.0034700746100873613,27.64932186492166
2406,0.0,0.0,0.0034196261613165632,27.57723409252973
2407,0.0,0.0,0.003369650093490895,27.50591420110732
2408,0.0,0.0,0.0033201416702002095,27.43535341280115
2409,0.0,0.0,0.003271096205134655,27.365543059396277
2410,0.0,0.0,0.003222509061516633,27.296474580787788
2411,0.0,0.0,0.003174375651539844,27.228139523476628
2412,0.0,0.0,0.0031266914358153383,27.16052953908904
2413,0.0,0.0,0.0030794519228244588,27.093636382919357
2414,0.0,0.0,0.003032652668378584,27.027451912495557
2415,0.0,0.0,0.0029862892750855802,26.9619680861673
2416,0.0,0.0,0.0029403573918228543,26.897176961715957
2417,0.0,0.0,0.002894852713216945,26.833070694986368
2418,0.0,0.0,0.0028497709791295185,26.7696415385398
2419,0.0,0.0,0.002805107974149718,26.706881840327778
2420,0.0,0.0,0.0027608595270927584,26.644784042386515
2421,0.0,0.0,0.002717021510504682,26.583340679551448
2422,0.0,0.0,0.002673589840173203,26.52254437819159
2423,0.0,0.0,0.0026305604746445286,26.462387854963392
2424,0.0,0.0,0.0025879294147461078,26.40286391558365
2425,0.0,0.0,0.0025456927031152067,26.343965453621276
2426,0.0,0.0,0.002503846423733225,26.285685449307515
2427,0.0,0.0,0.0024623867014657015,26.22801696836429
2428,0.0,0.0,0.0024213097016078933,26.17095316085043
2429,0.0,0.0,0.002380611629435888,26.114487260025335
2430,0.0,0.0,0.002340288729763154,26.05861258122998
2431,0.0,0.0,0.002300337286502459,26.00332252078477
2432,0.0,0.0,0.0022607536222330805,25.948610554904082
2433,0.0,0.0,0.002221534097773247,25.89447023862709
2434,0.0,0.0,0.002182675111757723,25.84089520476481
2435,0.0,0.0,0.002144173100220496,25.787879162862787
2436,0.0,0.0,0.0021060245361824528,25.735415898179426
2437,0.0,0.0,0.002068225929244025,25.68349927067957
2438,0.0,0.0,0.002030773825182711,25.6321232140431
2439,0.0,0.0,0.001993664805555401,25.58128173468827
2440,0.0,0.0,0.0019568954873054796,25.53096891080959
2441,0.0,0.0,0.0019204625223745836,25.48117889142997
2442,0.0,0.0,0.0018843625973190164,25.4319058954669
2443,0.0,0.0,0.001848592432930711,25.38314421081244
2444,0.0,0.0,0.0018131487838626973,25.334888193426735
2445,0.0,0.0,0.0017780284382590131,25.287132266444935
2446,0.0,0.0,0.0017432282173890058,25.23987091929719
2447,0.0,0.0,0.0017087449752859628,25.193098706841575
2448,0.0,0.0,0.0016745755983899996,25.1468102485097
2449,0.0,0.0,0.0016407170051951738,25.101000227464787
2450,0.0,0.0,0.001607166145900756,25.055663389772057
2451,0.0,0.0,0.001573920002066602,25.010794543581166
2452,0.0,0.0,0.0015409755862725778,24.966388558320507
2453,0.0,0.0,0.0015083299417819793,24.922440363903252
2454,0.0,0.0,0.0014759801422089035,24.878944949944803
2455,0.0,0.0,0.0014439232911895093,24.835897364991627
2456,0.0,0.0,0.0014121565220571212,24.793292715761158
2457,0.0,0.0,0.0013806769975211299,24.751126166392677
2458,0.0,0.0,0.0013494819093496358,24.70939293770893
2459,0.0,0.0,0.0013185684780557896,24.66808830648835
2460,0.0,0.0,0.001287933952587781,24.627207604747674
2461,0.0,0.0,0.0012575756100224264,24.58674621903487
2462,0.0,0.0,0.0012274907552623174,24.54669958973207
2463,0.0,0.0,0.001197676720736474,24.50706321036851
2464,0.0,0.0,0.0011681308661044643,24.467832626943167
2465,0.0,0.0,0.0011388505779639424,24.429003437257045
2466,0.0,0.0,0.001109833269561569,24.390571290254925
2467,0.0,0.0,0.001081076380507254,24.352531885376393
2468,0.0,0.0,0.0010525773764917044,24.31488097191605
2469,0.0,0.0,0.0010243337490072094,24.277614348392703
2470,0.0,0.0,0.000996343015071638,24.240727861927496
2471,0.0,0.0,0.0009686027169556052,24.204217407630697
2472,0.0,0.0,0.0009411104219127643,24.168078927997136
2473,0.0,0.0,0.0009138637219131866,24.13230841231005
2474,0.0,0.0,0.0008868602333797882,24.096901896053303
2475,0.0,0.0,0.0008600975969277704,24.06185546033179
2476,0.0,0.0,0.000833573477107031,24.02716523129987
2477,0.0,0.0,0.000807285562147512,23.99282737959781
2478,0.0,0.0,0.0007812315637074411,23.958838119795985
2479,0.0,0.0,0.0007554092166244438,23.925193709846813
2480,0.0,0.0,0.0007298162786694734,23.89189045054423
2481,0.0,0.0,0.0007044505303035365,23.858924684990708
2482,0.0,0.0,0.0006793097744371794,23.826292798071485
2483,0.0,0.0,0.0006543918361926835,23.793991215936163
2484,0.0,0.0,0.0006296945626689622,23.762016405487337
2485,0.0,0.0,0.000605215822709108,23.73036487387628
2486,0.0,0.0,0.0005809535066705596,23.699033168005485
2487,0.0,0.0,0.0005569055261978637,23.66801787403807
2488,0.0,0.0,0.0005330698139979888,23.63731561691385
2489,0.0,0.0,0.0005094443236181707,23.606923059871928
2490,0.0,0.0,0.0004860270292262503,23.576836903979938
2491,0.0,0.0,0.00046281592539347587,23.5470538876695
2492,0.0,0.0,0.00043980902687974175,23.51757078627811
2493,0.0,0.0,0.0004170043684212296,23.488384411597174
2494,0.0,0.0,0.00039440000452042667,23.45949161142611
2495,0.0,0.0,0.0003719940092384881,23.430889269132557
2496,0.0,0.0,0.0003497844759899177,23.402574303218444
2497,0.0,0.0,0.000327769517339541,23.374543666891892
2498,0.0,0.0,0.00030594726480173326,23.346794347644906
2499,0.0,0.0,0.00028431586864188893,23.31932336683667
2500,0.0,0.0,0.00026287349768009126,23.29212777928249
