Year,Emissions.HFC134a eq Emissions,Ozone Forcing.Montreal gases equivalent effective stratospheric chlorine,Minor GHGs Forcing.Montreal Gases Effective Radiative Forcing,Emissions.Total CH4 Emissions,Emissions.CO Emissions,Emissions.CO2 Emissions from Fossil use,Emissions.Total N2O Emissions,Emissions.Total NOx Emissions,Emissions.Total SO2 Emissions,Emissions.VOC Emissions
1750,0.0,344.3627591056,0.0,26.62406680955776,341.32372529633767,8.734585078970957,999.0963115441824,19.196588964296456,2.2976586429851644,59.42636625764753
1751,0.0029966534005628456,358.7405810685125,3.1543820807089908e-06,26.670120189809403,341.5066752391748,8.734585078970975,999.7699644597355,19.19708165091417,2.2990388209777097,59.44588529447377
1752,0.0032031744236479067,363.2068062780422,2.058786676055248e-05,26.91591638076177,345.4315160015933,8.738007722027005,1009.9797352600192,19.236554588388746,2.327235907757212,60.241065494532464
1753,0.0034096913164995634,364.5968352578152,2.8409591095297477e-05,26.946179445936075,345.3543606428341,8.738007722027005,1010.0426325859554,19.24569637658004,2.326136787970147,60.20449216194155
1754,0.00361620407895382,365.02786121838795,3.1150387647066226e-05,26.98821707795362,345.2285634574602,8.741430365083053,1009.49502099575,19.19116549170684,2.3254778044630937,60.178877137134506
1755,0.0038227127111502305,365.1587551223756,3.1966386860835845e-05,27.14591615977225,348.05000012812263,8.74485300813905,1016.7597914534864,19.35590961448722,2.344541741858448,60.70786412246298
1756,0.004029217213297034,365.19548768609775,3.21194906321827e-05,27.24131686537613,349.6982789484403,9.347238185999103,1022.016287527495,19.490907443804875,2.3630151663819245,60.99320414034737
1757,0.0042357175854185625,365.20272278127345,3.205466225128684e-05,27.295424149824072,350.0315412888838,9.350660829055132,1022.2667602416728,19.52587797197172,2.3632921698830387,61.03091459462969
1758,0.004442213827534725,365.20083801646945,3.192210096699051e-05,27.404629859931426,351.28110902000526,9.354083472111174,1025.396326087323,19.509020528870884,2.371856333996672,61.27891754336879
1759,0.004648705939789505,365.1962720119097,3.177155647524267e-05,27.527546216829,353.5542737414641,9.357506115167173,1031.8666238833498,19.677266729389352,2.388136179624661,61.68929285501021
1760,0.004855193922267064,365.1910585841617,3.161927530077912e-05,27.53564429878339,352.215496864317,9.357506115167167,1028.011368870045,19.48242605500773,2.378051763062037,61.44518864946315
1761,0.005061677774794542,365.18583467691917,3.1470428798447144e-05,27.582773429622986,351.8753425932803,10.250815952789228,1026.477326851515,19.37665512270072,2.384813901867977,61.38701233329634
1762,0.005268157498080923,365.18079308787827,3.132654518639406e-05,27.52444738340648,349.97165500035084,10.254238595845226,1021.9870074056224,19.32209636429861,2.3706042890307266,60.98774210289027
1763,0.0054746330914658995,365.1759853389289,3.118796139008902e-05,27.540893655679696,349.667064939637,10.257661238901257,1021.5363206326224,19.3292744083362,2.3688513017826165,60.90573034881624
1764,0.005681104555649586,365.17141826998966,3.1054630237315357e-05,27.534554415044447,348.5918564946079,10.261083881957273,1018.80830915649,19.26517052691668,2.3609138398948453,60.68300363309751
1765,0.0058875718902198304,365.1670849219705,3.092638575209176e-05,27.556332947802588,348.65539589392694,10.264506525013292,1019.5150388080232,19.3398711234943,2.359452985075862,60.65815346436226
1766,0.006094035095564346,365.1629744181844,3.080303006550906e-05,27.69666936516255,351.2051833168148,11.45216366545333,1026.6187686480073,19.53485047045424,2.3891946664128683,61.11033501391548
1767,0.006300494171835984,365.1590751140624,3.068436163945276e-05,27.85223436525701,353.79160368363785,11.455586308509346,1033.7824520021695,19.620376500449908,2.4082014523217894,61.61510839557384
1768,0.006506949118742225,365.1553755842355,3.057018419812385e-05,27.90182487361247,354.267431278976,11.459008951565362,1035.6676449041506,19.668988233876284,2.412920142236901,61.684787309350014
1769,0.006713399936670785,365.1518649141971,3.04603093306268e-05,27.921465283169937,353.8606726925466,11.462431594621396,1035.1546965355312,19.62606384472905,2.4117512393034053,61.591714786636096
1770,0.006919846625646011,365.14853276890346,3.0354557029454752e-05,27.903132649509665,352.6643670162634,11.465854237677425,1032.6541890844658,19.55688989434736,2.4051339822854825,61.34383170968268
1771,0.0071262891857520475,365.1453693906916,3.025275556729741e-05,27.860273582816674,349.5071282588181,12.715118953125844,1024.490734864717,19.312662886764866,2.392603060277079,60.678903118001
1772,0.007332727616944554,365.1423655757203,3.0154741172684658e-05,27.9734218321202,350.2053542342828,12.718541596181858,1027.416054542055,19.289060019180454,2.395746881793693,60.765742437436806
1773,0.007539161919555845,365.1395126447958,3.006035765507239e-05,28.0451214881866,350.13242425346834,12.721964239237904,1027.7708078653848,19.27882379540378,2.3920668267453213,60.68643877570169
1774,0.0077455920933576635,365.13680241365375,2.9969456028033075e-05,28.14399573728077,350.32895090465166,12.72538688229392,1028.3754987673333,19.21146123225103,2.392161621672648,60.68353624022821
1775,0.007952018138742162,365.13422716426805,2.988189414572556e-05,28.332939341172818,352.9045615929101,12.728809525349943,1035.382477086296,19.33619701108752,2.4078699516606807,61.12296369223509
1776,0.008158440055609594,365.13177961762665,2.9797536356833855e-05,28.544922509336576,356.3344943765463,14.04652710191883,1045.820994073399,19.56358584428757,2.4444542527515107,61.70435268706703
1777,0.00836485784403969,365.12945290804964,2.9716253176611333e-05,28.60685030597065,355.8882286048738,14.049949744974851,1044.2053294999578,19.535758764488897,2.4372582593563967,61.5475628026314
1778,0.008571271504240675,365.1272405590104,2.963792097652631e-05,28.76339567516652,357.1892499138148,14.05337238803088,1047.5383377927517,19.487286588893443,2.444344394507457,61.768831861681846
1779,0.008777681036044137,365.1251364603871,2.9562421690683538e-05,28.93017508312787,359.47950650347934,14.0567950310869,1054.1623033059068,19.630405779092246,2.460620147287915,62.143053926867424
1780,0.008984086439842215,365.1231348470642,2.9489642538122547e-05,29.027881265414045,359.2987123391299,14.134507359710575,1053.7851430991902,19.48429956067552,2.4563845052234488,62.07948219186075
1781,0.009190487715535173,365.12123027880466,2.9419475760104528e-05,29.04116690738933,357.5128183753514,15.802161861899853,1048.1635955229897,19.250922213838454,2.460422245175664,61.73753556456131
1782,0.009396884863202731,365.11941762131823,2.9351818371547572e-05,29.03204005495123,356.3593515455006,15.80749805728492,1045.6926391421885,19.21920025413464,2.451830681230476,61.47751020941625
1783,0.009603277883053117,365.1176920284529,2.928657192580405e-05,29.03704556571481,355.38396228797563,15.816256048430615,1043.615893075359,19.16826748942274,2.4470445251962425,61.25654871400347
1784,0.009809666775046424,365.1160489254427,2.922364229202898e-05,29.04487567960076,354.18970965352304,15.817729177092763,1040.6003073441486,19.071921074550296,2.437114861536795,61.00455365387123
1785,0.01001605153926239,365.1144839931498,2.9162939444426947e-05,29.100766452305663,354.7217865761604,15.833011042602806,1042.7180473957987,19.162624246503903,2.4407388520140887,61.061821100372605
1786,0.010222432175909239,365.1129931532389,2.91043772627063e-05,29.295123978794543,358.1900860775653,17.969157927670466,1052.3923602258956,19.415555861679533,2.4858289544840924,61.67378345526389
1787,0.01042880868501132,365.11157255423075,2.9047873343111014e-05,29.46362935994665,360.7460092274144,17.977269413747642,1059.7051019020162,19.49059361764605,2.504644552545802,62.16152738335126
1788,0.010635181066588539,365.11021855837987,2.8993348819434866e-05,29.57297595943176,362.34234590351446,17.981314884895195,1064.7282793176348,19.60587321311782,2.5137050043392306,62.435653675539385
1789,0.010841549320784854,365.1089277293289,2.894072819345885e-05,29.640988877128407,362.8507469554039,17.986854621430535,1066.9642812626332,19.626709513303684,2.5180611720878447,62.50357851360288
1790,0.011047913447620204,365.1076968204918,2.8889939174285106e-05,29.64555641072662,361.9949028798231,17.99689329073257,1065.6825413672022,19.59214310704659,2.514087578704544,62.30437014863353
1791,0.011254273447302801,365.10652276412327,2.88409125260696e-05,29.54618568635172,358.37696543551925,20.097310591340253,1055.8762278337,19.35096776084627,2.5092824921685604,61.59513301276917
1792,0.011460629319921244,365.1054026610327,2.879358192368674e-05,29.60811879121927,358.7885543206256,20.51522843624081,1057.4700004222998,19.341463908532663,2.519386342093944,61.67539063686466
1793,0.011666981065114358,365.10433377090465,2.8747883815883846e-05,29.6219435839702,358.23189378382926,20.54027622672688,1055.9473040391676,19.32191408740253,2.5152995013250043,61.55650344126262
1794,0.011873328683710757,365.1033135031895,2.8703757295512685e-05,29.65898259399775,357.7847008835913,20.50818917617523,1054.2191260083102,19.221600729822413,2.512439135473432,61.48759117163034
1795,0.012079672175114386,365.10233940852936,2.866114397644421e-05,29.78316425720857,359.62727745997194,20.521513642633863,1058.5769557706424,19.31004191716008,2.524769601762641,61.84263776780739
1796,0.012286011539644284,365.10140917068907,2.8619987876798805e-05,29.930872529187404,362.49168880101377,21.49980016721529,1066.9885550135896,19.52911444001876,2.555185312583688,62.36851522007414
1797,0.012492346777444424,365.10052059896077,2.8580235308144322e-05,29.961142227938247,362.0466900745804,22.571612048587014,1064.8890131613662,19.50934031797159,2.5614556116551737,62.263252751060406
1798,0.012698677888277703,365.0996716210136,2.8541834770334786e-05,30.056450826494,362.7659296512314,23.51018801138217,1066.230044113844,19.456138472783216,2.576859026649476,62.41774560972874
1799,0.012905004872527395,365.0988602761639,2.8504736851682515e-05,30.17084654178843,364.7586651230442,24.76443618531741,1071.721841173614,19.62883042377792,2.601064462062511,62.77207345284599
1800,0.013111327730084903,365.0980847090381,2.8468894134167665e-05,30.22773582171729,364.4238681287976,26.356399041832663,1070.4916416991107,19.497659578434583,2.614904805024428,62.72528363332348
1801,0.013317646460635576,365.09734316360743,2.843426110341653e-05,30.274689689366586,362.7831488444982,26.378345469125467,1066.0714704446882,19.252095660543137,2.601579189964004,62.38986013134391
1802,0.013523961064994755,365.09663397757095,2.840079406318706e-05,30.34319718211718,362.1543962107197,33.94139183493075,1065.4537554624137,19.24840742437613,2.634774837101076,62.19004747303158
1803,0.013730271542424613,365.0959555770663,2.836845105411712e-05,30.40006868800814,361.805205322054,29.818621557966807,1065.6010529622608,19.21494849519759,2.625017220849708,62.05076552561663
1804,0.013936577893607477,365.0953064716894,2.833719177650628e-05,30.50102694133724,361.73730043042383,32.284166475578004,1065.9932478643705,19.16796504619456,2.634247629744923,61.97183360539994
1805,0.01414288011830632,365.09468524980394,2.8306977516915282e-05,30.597506458378152,362.5156263519012,31.57544704355623,1069.398231731902,19.259556534265155,2.6438513229681564,62.0521125203985
1806,0.014349178217032913,365.09409057412375,2.827777107837529e-05,30.856076890241944,366.8197557036544,33.19880554842801,1082.0067868614638,19.558546404760875,2.688457876623987,62.79585652971879
1807,0.014555472189751738,365.093521177552,2.82495367140181e-05,31.06717034741952,369.498390086703,34.4376145549675,1090.3373398771228,19.626479459037864,2.718574033573891,63.27215645069441
1808,0.014761762037125222,365.0929758592623,2.8222240063941055e-05,31.22598566520545,371.5293753934904,33.323155048089866,1097.3424036600436,19.7438332994733,2.7206181153436284,63.60711193061947
1809,0.014968047759534465,365.0924534810059,2.819584809513692e-05,31.346347497906155,372.5229573863329,33.3445867333886,1101.69669234892,19.78359489014401,2.727022191048712,63.7367201764177
1810,0.015174329357635206,365.0919529636343,2.8170329044326694e-05,31.41534806347193,372.1148897506426,35.47356543230991,1102.177031738661,19.75295183674353,2.730121156482665,63.58393513288116
1811,0.015380606832247153,365.0914732838211,2.8145652363540377e-05,31.39338473747404,369.24039970685294,37.58738980786381,1095.118554184579,19.524809899229258,2.731841150225684,62.99496506115611
1812,0.01558688018449135,365.09101347097464,2.8121788668303496e-05,31.528876960757444,370.22947200736974,38.90222796256879,1098.89586206816,19.52994701391969,2.7521873808232926,63.15374373124979
1813,0.015793149415229513,365.0905726043279,2.809870968829001e-05,31.613775208267903,370.3655827699271,39.11505259073711,1100.0142089391595,19.54380872208145,2.755032193177486,63.13770408826414
1814,0.015999414525748875,365.0901498101961,2.807638822031633e-05,31.73364234213921,370.8107593221072,40.00970194068044,1101.5029157656604,19.48758117662054,2.764779247111113,63.20596314987228
1815,0.016205675517017445,365.0897442593917,2.8054798083550824e-05,31.9289245063538,373.1716709216906,41.22817578660173,1107.8768604270342,19.590003948693244,2.7908131344362777,63.62816245957016
1816,0.016411932390043165,365.0893551647882,2.8033914076826597e-05,32.159505977973936,376.8522953859612,44.64877229193507,1119.2299972424298,19.85415352782398,2.852028983112892,64.26281846844783
1817,0.016618185145424118,365.08898177902347,2.801371193794848e-05,32.25123240594266,376.9057011196013,46.060825844235616,1119.2116068225494,19.86693230529985,2.861182106140148,64.22096266640486
1818,0.016824433782674824,365.0886233923341,2.7994168304891034e-05,32.410147437917715,378.2261153580691,46.288091225703305,1123.043349885279,19.843425660253303,2.874445194640441,64.46551605880467
1819,0.017030678301179197,365.0882793305142,2.7975260678790835e-05,32.572971305404394,380.4022796819376,46.6454615711213,1129.712735014832,20.00556419098224,2.889740367368256,64.83226193598202
1820,0.017236918697744356,365.08794895298945,2.7956967388642453e-05,32.696776196684105,380.6942177236097,47.34647526946098,1130.938067351221,19.89250333699337,2.89777548451388,64.88158740114824
1821,0.017443154968226984,365.0876316510023,2.793926755760846e-05,32.7944087494121,378.901019184249,48.12432066991459,1126.339493388568,19.6248745432183,2.8930508893249023,64.50195786592394
1822,0.01764938710549287,365.0873268458987,2.7922141070866944e-05,32.92291698555704,378.7117450662121,50.07771816973058,1127.1515918168132,19.61617274940496,2.910074937975754,64.37972835266032
1823,0.0178556150997447,365.0870339875134,2.7905568544913244e-05,33.04924306999083,378.2981133478565,53.04240813208186,1127.372300496635,19.575275934063345,2.9323333742626696,64.21226731027485
1824,0.018061838937857563,365.08675255264563,2.7889531298247442e-05,33.17480498335327,377.48934912280765,55.221148832540536,1125.9169956090916,19.45478062637353,2.944339026175204,63.98849855224206
1825,0.01826805860293585,365.0864820436216,2.7874011323375276e-05,33.33205366862957,378.2046252159067,57.07178643512297,1129.2637570135416,19.542544885424164,2.963896230258253,64.02865644903403
1826,0.018474274075137624,365.0862219869377,2.785899126005892e-05,33.643125769835066,382.4754346340742,57.73647221600692,1141.7674524594215,19.81058967305553,3.0018179098093416,64.76450124343404
1827,0.018680485331477373,365.08597193198,2.7844454369755192e-05,33.91560543525694,384.9832826559008,61.95762516369706,1149.6868740797945,19.85527633053646,3.0580252119832143,65.18059903701973
1828,0.01888669234780914,365.08573144981625,2.7830384511181344e-05,34.14487446437789,387.1999624056296,62.64818393975892,1157.270565961917,19.96450159759817,3.079641844457932,65.53358321590447
1829,0.019092895100248933,365.0855001320547,2.7816766116955743e-05,34.31543726970792,388.1400729865322,62.75044734974057,1161.77226367842,19.99168699871545,3.0914967824930786,65.6400086007148
1830,0.019299093569264743,365.0852775897673,2.7803584171257098e-05,34.53848686173227,388.5013992217333,82.99389362522554,1163.8092495682504,19.992947512919088,3.279469969443236,65.5717008968691
1831,0.019505287744491055,365.0850634524733,2.7790824188456903e-05,34.576547055360656,385.7966368949461,79.21324943443771,1158.0340802409012,19.766410414846145,3.2363731465946914,65.00210855776295
1832,0.019711477630298513,365.0848573671785,2.777847219267471e-05,34.78470183435432,386.684823462311,80.40958539934547,1162.1423828698375,19.74765020516231,3.256281146065788,65.11391232943942
1833,0.019917663254270704,365.0846589974685,2.7766514698211943e-05,34.93963186736583,386.40684613259145,82.2202171196272,1162.3782084671377,19.70680372392796,3.271241967498198,64.98300752601847
1834,0.02012384467722253,365.08446802265235,2.7754938690824735e-05,35.17154733504999,387.4924331681661,84.18903976698894,1165.9224169155418,19.66926537084647,3.2885646451340094,65.13805201776256
1835,0.02033002200373918,365.0842841369529,2.7743731609791756e-05,35.44655198720287,389.8716653866304,86.02686082569312,1173.0698183081588,19.75678649683707,3.329249083297632,65.53354677404802
1836,0.02053619539348812,365.08410704874245,2.773288133074288e-05,35.81122402038791,393.7359735197639,100.1096946659824,1184.6410019211842,20.00248684687016,3.487399959462001,66.1352293639441
1837,0.02074236507318874,365.0839364798199,2.7722376149210676e-05,35.98763017162597,394.122742376292,100.33122080140733,1186.0844281795376,20.01799169212146,3.485835867893512,66.13797683675341
1838,0.020948531345517645,365.083772164728,2.771220476487079e-05,36.231956725735984,395.1231737471038,103.92585822402,1189.1084947727545,19.933463391039925,3.525123446747851,66.28164170815568
1839,0.021154694594568556,365.08361385010744,2.7702356266439252e-05,36.493434609601344,397.5835991285191,107.85707472668078,1197.215194535729,20.1021819208884,3.5872151512692,66.66297695424042
1840,0.021360855283107435,365.0834612940869,2.769282011719687e-05,36.72343202909669,398.03946808143394,113.96465285446362,1199.1383630042133,19.99217311673319,3.6460921814690215,66.69298139570746
1841,0.021567013939317058,365.0833142657055,2.768358614110979e-05,36.86419991193202,395.7158037169189,118.06734485611018,1193.0050647128755,19.686577655366616,3.6621120387735218,66.19433288223595
1842,0.021773171128098987,365.0831725443672,2.767464450952074e-05,37.035195018000486,394.8740465007312,124.55353188337553,1191.9101634743615,19.629057561812,3.721353536354549,65.93054567637535
1843,0.02197932740023102,365.08303591932423,2.766598572838392e-05,37.23841608193096,395.1721211541831,128.71399401879157,1194.3357438423725,19.653054889017696,3.778135781770065,65.88354111777073
1844,0.02218548321697466,365.08290418918887,2.7657600626018688e-05,37.41611285097139,393.8994037065361,137.07840807599618,1191.4538857377463,19.508583383582856,3.857323285831641,65.55131613089813
1845,0.022391638840010112,365.0827771614709,2.764948034135888e-05,37.6976054242359,395.2185963512496,149.5199590776063,1195.8232907270954,19.61243207041868,3.991888645296061,65.66957687412066
1846,0.02259779418799288,365.0826546521406,2.7641616312675548e-05,38.0556398330562,399.7132474561346,152.8213974620395,1209.4602444503057,19.9168751786521,4.031747742458968,66.45970285902219
1847,0.02280394865181272,365.0825364852143,2.7634000266752027e-05,38.4456051226216,403.1244242496151,166.8110721157434,1219.5349779031253,20.044657332248583,4.195760702835566,67.00972791846216
1848,0.02301010087441327,365.0824224923626,2.762662420849158e-05,38.74283774310205,405.6887707781765,169.5617521502795,1228.1722997167726,20.17930904699947,4.2827941991107,67.42620463358286
1849,0.023216248497477932,365.0823125125389,2.761948041093666e-05,39.01980939623436,407.0585243805773,178.516371834406,1233.4121146150492,20.23931805784267,4.388178990469545,67.57884748788513
1850,0.023422387893174343,365.08220639162846,2.7612561405683944e-05,39.21780406063876,406.2903038989944,191.0985838890709,1232.4608064365127,20.16213795081316,4.3947611780919,67.30101512737843
1851,0.023628513900245854,365.0821039821145,2.7605859973675805e-05,39.35210214131325,403.2251093154754,193.16537614664745,1226.3609714970246,19.96145276577654,4.397544843291832,66.68870515977258
1852,0.02383461960607979,365.0820051427635,2.7599369136352457e-05,39.67323780382149,403.8655326340145,202.31994694945809,1229.8353538764006,19.946006011277944,4.471642898427583,66.75543441961499
1853,0.024040696222829512,365.0819097383257,2.7593082147147017e-05,39.93209526603882,403.11674305974833,212.7015283356949,1228.6922560029122,19.907876425970624,4.53626345938458,66.52849406759083
1854,0.024246733128810184,365.081817639252,2.758699248331057e-05,40.405266788671554,404.184459671273,248.00942141742283,1230.1679440380212,19.84890809553393,4.8403190680069335,66.58152216940891
1855,0.02445271816346814,365.081728721425,2.7581093838048164e-05,40.80344263879289,407.2086956677029,252.02038061819303,1239.7991248140754,20.025806841808567,4.900350108854685,67.12027728370867
1856,0.02465863827909087,365.08164286590477,2.7575380112953052e-05,41.270238316333504,411.05256815020647,268.6582606298276,1251.5868586899928,20.29475696982333,5.097895181839048,67.73234863796846
1857,0.02486448067341151,365.08155995868674,2.7569845410723018e-05,41.55499828383064,411.4687614528584,271.7984578759859,1253.150865495163,20.312464596388097,5.145168183896937,67.75471046784656
1858,0.025070234527957532,365.0814798904727,2.756448402814255e-05,41.894930876285386,412.8100151396625,277.5023719412453,1257.544175871683,20.27892227443576,5.212910920504023,67.98322304678263
1859,0.025275893481038897,365.08140255645355,2.7559290449319586e-05,42.31639609871509,415.5328235932533,293.8819203369007,1265.7314648251208,20.49209024729476,5.447306155176645,68.36671992006325
1860,0.025481458935319157,365.08132785610275,2.7554259339159774e-05,42.72547378697439,415.8814544695055,321.5220848717914,1266.0746053159396,20.377809940008675,5.71524791225996,68.32626714177563
1861,0.025686944262219086,365.0812556929805,2.7549385537065302e-05,43.02593536707387,413.3313575249134,338.5841215618552,1261.3938262425236,20.093912734042487,5.832573704469446,67.8076706917293
1862,0.02589237987864657,365.0811859745478,2.754466405084594e-05,43.26515540305255,411.7567645460955,346.1307498264105,1260.9176280927447,20.032235825575192,5.868886653995618,67.45860935471588
1863,0.02609781905662997,365.08111861198995,2.7540090050830156e-05,43.67842957181064,412.6566246916674,369.0104967280747,1266.2575019282258,20.114493563680387,6.139655904812409,67.50273055927389
1864,0.026303344149448488,365.0810535200486,2.7535658864171168e-05,44.09683099022909,412.60899473155246,396.9205760881693,1268.5221422332331,20.07791023384052,6.417906171089295,67.38832631067807
1865,0.02650907269381227,365.0809906168628,2.753136596933668e-05,44.554023724973376,414.4737590209973,421.6694700166126,1276.6596704201452,20.252173187770325,6.659642018900686,67.63541082718822
1866,0.02671516255184741,365.080929823817,2.7527206990788878e-05,45.13293856487039,419.8834804330394,435.1975782779873,1294.1245348014556,20.623475635838048,6.8405015237498725,68.58183258371857
1867,0.026921814910860896,365.0808710653978,2.7523177693855768e-05,45.633925977247145,422.7675909037938,465.8314363151186,1305.4340532520928,20.77216611608178,7.20401629453168,69.06333917114824
1868,0.02712927355695577,365.08081426905653,2.751927397980935e-05,46.03724461747916,424.90689680621387,479.0830374947948,1315.245583664272,20.91109904129744,7.385731135307553,69.42184287765849
1869,0.02733781840927996,365.0807593650797,2.751549188117307e-05,46.493193181311085,426.66191587776456,508.2139724420573,1323.359237488109,21.03664173830519,7.7308093772739,69.6431369979309
1870,0.027547750893384307,365.08070628646476,2.7511827557290664e-05,46.75133071251258,425.3813675985765,520.3932836322491,1323.2041445490509,20.942291745333645,7.882839477676924,69.31648343111044
1871,0.027759368372409814,365.08065496880266,2.7508277290201524e-05,47.15242775822718,423.9337357168493,555.6843339084996,1324.4516749405138,20.873997945127712,8.306887810941205,68.95501183357086
1872,0.027972924669058114,365.0806053501658,2.750483748087516e-05,47.841821175128935,427.2763793438936,616.4065130238786,1336.842982631911,21.036777620918684,8.951199435146263,69.37137962668476
1873,0.02819886266225722,365.08055737100136,2.750150464587015e-05,48.27557880666988,426.3584481796763,655.9732676665512,1338.367304480538,21.03607759805761,9.385521578486454,69.08467211443062
1874,0.028421248865439896,365.08051097402983,2.749827541448301e-05,48.50751632869291,426.2693086244253,638.3141228819643,1344.454277418742,20.97548181561651,9.227716151987458,69.15341483404875
1875,0.028646135935292336,365.0804661041481,2.7495146526453856e-05,49.17682827831207,429.86386807960776,672.0800006663385,1359.0130987942675,21.209131010247766,9.71713104487834,69.7618997237726
1876,0.028872576278391338,365.080422708338,2.7492114830284743e-05,49.5847540806188,431.5972364602835,685.9318779035365,1370.2447066689615,21.41179163551536,9.92674567619717,70.06492984236685
1877,0.02909889314550788,365.0803807355778,2.748917728219635e-05,50.00587712186616,432.58859605760415,701.783962285165,1376.6566486579932,21.45594982894616,10.181713101888334,70.2110494147991
1878,0.029322479118889314,365.0803401367593,2.7486330945706536e-05,50.43135523435488,433.9856893153641,711.133438035749,1385.8927278456736,21.46203584712108,10.28788175663398,70.50696112717685
1879,0.029539597341064105,365.0803008646077,2.748357299174407e-05,50.96266900502321,436.6907871818311,763.6093193518107,1397.3997826374953,21.708545234403232,10.879392110188768,70.86111651069562
1880,0.029745211898927017,365.0802628736059,2.7480900699112192e-05,51.63877570470194,438.2015416406291,864.2368887317076,1403.538203997059,21.77033618359451,11.867893991023228,70.95650345972281
1881,0.029932885003605622,365.0802261199218,2.7478311454985463e-05,52.12864738178459,435.52626163117816,885.4174707759481,1402.2533816020705,21.51866788723077,12.250354146166677,70.41395061721802
1882,0.030094791506340268,365.0801905613397,2.7475802754954006e-05,52.64230644661254,434.7909102826172,935.0093688789138,1406.344401384602,21.54363802300354,12.80621006736096,70.11545998004212
1883,0.030236221626134263,365.08015615719376,2.7473372201935118e-05,53.263291387059056,435.5066120026541,993.0287659759396,1414.578433678325,21.64003829764353,13.481189508412822,70.07044955176494
1884,0.030353754102901944,365.08012286830535,2.747101750303442e-05,53.66963956426526,434.65765296990986,1006.7849102839764,1419.6238165187165,21.591060011086164,13.656704798746842,69.87840944157287
1885,0.03043252223744803,365.08009065692323,2.746873646320117e-05,54.134963384303845,435.6733789261891,1018.3365307388526,1430.911285447175,21.74039797841229,13.75824212971937,70.03888998029137
1886,0.03046657506635533,365.08005948666573,2.7466526974279688e-05,54.78093892355227,440.18397209335865,1038.3132437867118,1450.4473098072408,22.09023910915386,13.920735419072692,70.88347018221067
1887,0.030452197088297907,365.08002932246643,2.7464386997862982e-05,55.46847439506206,442.8392583118403,1092.3832096968863,1464.8316014797815,22.30147789903685,14.433830495499278,71.31405394055722
1888,0.030389633596658583,365.0800001305215,2.7462314540240583e-05,56.35341573747536,447.27880393360863,1206.1605012396165,1482.2447143991162,22.64338859129477,15.7066091577393,71.86698300708076
1889,0.03028529367700791,365.0799718782399,2.746030761777315e-05,56.83281405023343,447.1168056776478,1206.7996624988446,1492.5691599567108,22.712678847186343,15.74921317160588,71.92465765224463
1890,0.0301544247458932,365.07994453419553,2.745836421129275e-05,57.55461765096537,448.0365020540447,1309.5489987230594,1509.2394498205954,22.83521281847838,16.889773743352784,71.80767075743022
1891,0.030024190082121868,365.0799180680817,2.745648220872336e-05,58.04387001526712,447.0801869182887,1370.7526996621789,1514.3230002530772,22.8414741655733,17.638010382594153,71.4861777985651
1892,0.029936991747135565,365.0798924506672,2.7454659336143305e-05,58.44774385921584,448.3401952956597,1385.2056776911484,1526.9207481769686,22.88234096365556,17.965246030090118,71.65933901862844
1893,0.029953761723051413,365.0798676537547,2.7452893079096486e-05,58.64567940521681,447.2979898872928,1375.909331433915,1534.508544473556,22.86501192715984,17.82131192698235,71.49368686683195
1894,0.03015716087545472,365.07984365014096,2.745118059820311e-05,59.25877305545734,447.244790456696,1424.742979256584,1543.2436462841763,22.844920915167183,18.412818017247307,71.48617686740069
1895,0.030655019310869218,365.0798204135781,2.7449518646132983e-05,60.04379745814419,451.9925084823458,1510.2101252952946,1562.8472740129052,23.20454120300761,19.443488216567346,72.18518574974527
1896,0.03158309029033947,365.0797979187374,2.74479034968187e-05,60.63235936613992,453.9061993717858,1558.1995697626744,1579.335888698008,23.53660554086069,20.11807372595981,72.57200794546807
1897,0.03343677133264985,365.0797761411744,2.7446330902410932e-05,61.27044981345686,454.2581119941715,1629.0963025364683,1589.2787991155656,23.634000664383024,21.009739890572344,72.62564840882217
1898,0.03662138825558793,365.07975505729485,2.7444796098744127e-05,61.94021496489749,455.2005379116228,1715.7209058174426,1600.6338296491049,23.681989729145485,22.14107903084128,72.74146412960319
1899,0.04128514308115594,365.079734644323,2.7443293885750762e-05,62.87400070582575,459.17588588097294,1865.8291337085136,1618.1829381613616,24.12705809762172,24.00937122582317,73.18879680876029
1900,0.04784271883949359,365.07971488027067,2.7441818814796802e-05,63.58696453457225,458.8617778477483,1965.36987692278,1626.3586188082147,24.19484693930168,25.156387465704388,73.08617508399124
1901,0.05678158158854914,365.07971254902986,2.744161209953451e-05,64.05158984540492,456.9526740510274,2036.5734325124995,1630.0862374551098,24.09316804707993,26.11532068164912,72.80555168940305
1902,0.06866053037441,365.14874658714155,3.256239660462351e-05,64.49760411021968,456.9076689638775,2092.4437136029374,1639.8391193717844,24.230774240022978,26.86208271116292,72.80364348730248
1903,0.08406992102852628,365.2595951281294,4.078489119323471e-05,65.40796769480662,460.8655060366059,2274.680199544414,1654.8779613931756,24.68592426627954,29.03457493405837,73.22146499223356
1904,0.10357445100876957,365.42646346299864,5.316282436012473e-05,65.85516679163742,460.91453296938727,2306.365175708739,1667.8668799705245,24.872331421190623,29.47835642811435,73.44521240435162
1905,0.1279741366330759,365.64945810622373,6.97041010349607e-05,66.63334825431613,465.9521373364505,2453.7761598730226,1688.0248102871333,25.355335859246743,31.29666159175499,74.2225909326141
1906,0.15796044302261844,365.92881502185116,9.042623360429299e-05,67.62499231635253,473.1289025080632,2612.409745504561,1720.4660155476458,26.054920360406268,33.229783336686744,75.49966287800292
1907,0.19426693115303809,366.2648042051201,0.00011534926567855137,69.1213695473949,481.0596781807896,2902.2247838611825,1746.136462980417,26.92696257826099,36.50686719584452,76.56767689468103
1908,0.23740438078730797,366.65772729173284,0.00014449559665677335,69.24509848543642,481.2007974187287,2813.466631723707,1768.0710193934422,27.07948786269104,35.07643057807199,77.10122792539198
1909,0.2878936450169041,367.10791738830716,0.00017788997103545975,69.97187876343006,484.2423736901721,2922.228075113505,1789.2103659700651,27.473214508357035,36.80454119110098,77.69915086122974
1910,0.3458748841980268,367.6157395678639,0.00021555951678174558,70.61420569013367,485.4000595419824,3067.3708361338363,1802.2825241820287,27.80469209421576,38.42854493455694,77.7271590441831
1911,0.41085402513599323,368.18159065365825,0.0002575337302970222,71.43785731705684,484.91695347157815,3125.030959128773,1813.6634282812047,27.941623670458423,38.79779333676477,77.6078850632129
1912,0.48194724992628807,368.8058994370799,0.0003038444924847157,72.47830793735234,489.5699180553902,3278.8263402818934,1836.587536900908,28.33284280566873,40.17173084670482,78.235521953121
1913,0.5584710468248263,369.4891271751095,0.0003545261038556536,73.93716166102206,493.4018267499522,3539.016645433473,1852.9213925850008,28.902820987144345,41.81283620023589,78.6347554714921
1914,0.6394529106192613,370.23176702658765,0.0004096152384825688,73.52673333353366,486.6524971914306,3220.484870862568,1859.5003514991613,28.42991300387469,38.23642156058685,78.21401651563454
1915,0.7239626868734862,371.03434498936485,0.00046915100601096734,74.11519365729524,488.7959794836081,3172.686268588407,1881.5311056073808,28.82089615862317,38.15408681939097,78.80177051090477
1916,0.8108171124694992,371.8974197743833,0.0005331749306268646,75.65206734071182,495.4443309356163,3405.3222934821565,1910.360491739434,29.80416754019511,41.52256742772938,79.88852858303771
1917,0.8985150970199495,372.82158208807783,0.0006017308810497398,76.87922940586459,498.56678421334834,3524.599308713485,1927.690146998764,30.36168975309477,43.22420541062909,80.44991904002487
1918,0.9853444304736187,373.80745583501346,0.0006748651371116087,77.04908030246162,499.4439447258012,3467.0865663991312,1945.483567876798,30.613018703957188,42.75114097593355,80.89248677486853
1919,1.0708258607011862,374.8556977019623,0.0007526263299480766,76.27750051410501,492.17769678741024,3026.7196783731783,1958.812119456028,30.498564564094416,36.551956802032,80.88487761421842
1920,1.1561309869426368,375.9669977799325,0.0008350654529115576,78.51113748625582,502.16846425605536,3469.020166887878,1982.9568876099656,31.86262752170858,40.539171110224345,81.8689571118734
1921,1.2440913301677479,377.1420789011378,0.0009222357717570053,77.73484372341744,495.7848878757449,3053.204350573801,1994.1081635379967,31.53469267454111,34.67430004772739,81.56289201189728
1922,1.3380002689734298,378.38169721934577,0.0010141928236664423,79.36767862978431,498.48117987731,3228.624890555216,2017.275938243072,32.35536066228643,36.32431641564503,81.98647008364078
1923,1.4409861391398702,379.6866423967199,0.0011109943866762589,81.56467909217518,511.7480745735402,3615.5028241457935,2047.3107678912768,33.5460780743817,39.78514382274909,83.12031396620706
1924,1.5525410450914454,381.0577367694594,0.0012127003625269604,82.63853603823947,510.2046673703525,3639.439897775987,2069.619436953591,33.75495585306237,39.89906304269729,82.96482645399036
1925,1.6695104046937546,382.49584373065056,0.0013193729244351002,83.719636509949,513.7797355049438,3703.6285275393193,2134.762234860709,34.52442180916713,40.24824232396644,83.74790853714705
1926,1.788722185403885,384.00194112182487,0.0014310764563828324,83.99726011012055,510.7901211080685,3702.6719592538975,2171.6029344205963,34.78659721808624,41.30501025756364,83.43627225302711
1927,1.9082584871478654,385.63784690165915,0.0015478872336876063,87.05916889800643,520.1291090054074,4017.281458757222,2218.5395520144825,36.19213616575048,43.69026738816663,85.13998846426087
1928,2.0272984347216183,387.3860994215885,0.0016698711440120092,88.50025638759418,523.3361680515355,4029.0673995699126,2259.276529307679,36.87124472322336,43.939479317875794,86.32510969113997
1929,2.1468504964067447,389.26628979885953,0.0017971025969844942,90.80349266110348,530.8612178075857,4328.481783320941,2302.531850795809,38.20200177342672,46.91312005303533,87.6999857456783
1930,2.270785925132024,391.276671630426,0.0019296552940655583,90.81560397825064,522.298450800761,3985.557559938829,2305.796738039484,37.17741052629849,43.31702609684312,87.2215578364508
1931,2.407801809073307,393.4175651918043,0.002067606896557564,90.7067193819802,514.7158291154244,3594.078800678576,2308.825338770518,36.025899705735824,38.41686846482281,86.47499523430648
1932,2.5717031965592922,395.694328186146,0.00221258915467221,90.93956176247718,509.9208421978181,3254.0364495898552,2303.2900285024257,35.19420323786294,34.05876503651307,86.21022341571435
1933,2.779875452334135,398.1062673017323,0.0023640729782555404,92.79737064937136,513.8097762610334,3408.807970541244,2310.9262014324354,35.79489743002349,36.01212523005381,86.92779125809113
1934,3.0487874769294887,400.6554085460484,0.0025224605958500124,95.6046046273415,523.5823269974655,3693.35969625664,2337.989010127573,37.0631933477479,39.64806943820094,88.65218792826612
1935,3.3902392728835142,403.3429443136174,0.002687846454138532,97.80012296745603,529.6266290912936,3877.867532477445,2353.3003963223337,38.05567884942421,42.75619784882436,89.68773338910972
1936,3.8054881092433117,406.1700995135004,0.0028603344823296783,100.65063236101211,538.0401160893618,4241.929141678223,2401.0454609279445,39.60423869454737,45.77892917640014,91.11924487125032
1937,4.287860905865602,409.1387672082483,0.0030410478323947446,103.40392029034936,547.1333174711654,4527.026144533202,2447.7060110367115,41.18194607335536,49.31299738875597,92.74117369986084
1938,4.823625993545199,412.24999268826446,0.003229717141472944,103.91085610496536,538.976196426826,4267.834308353144,2492.383292547689,40.13147181817767,45.92202595513517,91.91821454869124
1939,5.393731632206746,415.5052591828748,0.003426704754936188,105.9789958309674,540.6365517168367,4499.703097508782,2543.902828256397,41.063652112431896,48.9165177807602,92.20897004332156
1940,5.975313709898915,418.9059690609921,0.003632179372391019,108.53339106485554,548.058047325509,4968.117821683553,2609.028151509438,42.81632608975282,53.967438884142986,93.429889529452
1941,6.542349406689113,422.4537893626563,0.0038463444586752413,111.45945908268052,553.5284678857182,5096.895867187678,2679.580448722435,43.64227258991331,56.07380952667252,94.19173516064151
1942,7.0665374606971465,426.363281014619,0.004122901874710878,113.14299556700703,551.7715555091493,5112.10266572672,2725.0312830254074,43.48202608986856,57.25186767631108,93.74078466869577
1943,7.517565584959552,430.5633729485173,0.004441654649964563,116.51974359451152,558.9126026271132,5284.440287710163,2797.9390666451,44.74504422018721,58.13361786964401,95.1313799289028
1944,7.870799101741477,435.11479844732423,0.004814907205239043,119.8796236322533,563.0174428328954,5234.556265920975,2872.577602739364,45.81426086902229,56.50693783581092,96.22305447971686
1945,8.121477775943516,440.0154929172119,0.005244565574699024,119.62621376384304,551.1806684872461,4421.809347303904,2898.137572965006,44.41174312116345,48.893159762616506,94.69431952757878
1946,8.29694405168973,445.2683144307972,0.005733259851672345,123.0296109538333,557.059199878194,4667.325380636775,2986.4427363670693,45.40537060417127,47.8129118444038,95.46421084116952
1947,8.44006448379411,450.8780816700484,0.00628424344979534,128.56064540572297,562.7697664184772,5173.37519930087,3082.929989864647,47.23933024684364,52.73435112689013,96.98786414805654
1948,8.582762176860138,456.85079329576183,0.006901382241686087,133.1060589510222,576.9313342354656,5469.773187662921,3186.4147189667046,49.23817545729769,54.77951591964818,99.86817830067432
1949,8.77376100852471,463.19332971554854,0.00758915318942021,135.54123203568358,570.5140001827408,5376.451968051894,3279.021898315448,48.84263040005365,53.40103897937762,99.1501571531995
1950,9.00151035578626,469.91342605400314,0.008352644418185803,140.93262075758216,582.2006054243818,5838.696456609962,3403.3361979977126,51.31927639442151,56.945371576295614,102.1676965433938
1951,9.271032774270857,477.01972510157657,0.009197579905053986,145.08132515490016,592.5368646825073,6278.492512722072,3553.99720349021,52.99840485793979,60.60659669422459,104.58705454537892
1952,9.581863243139916,484.9927695354631,0.01022773262154852,147.8179851175005,596.5826671511777,6416.816534901324,3688.611262391573,54.256887371239785,61.90276955943127,105.65552257517018
1953,9.929097886305092,493.66962008676796,0.011411818829397674,150.26118452352708,597.3025525420805,6580.582005910715,3812.0680279161,55.17705996969131,63.2393453066358,106.28662195015536
1954,10.306476256507207,503.1713438491818,0.012777180209827082,153.65428094570711,609.274790140401,6755.742628872,3959.780903300897,56.53881756366263,64.91115465295354,109.101025259411
1955,10.708868669441758,514.2230531984735,0.01441133487380248,159.65278957499604,632.5281966430006,7370.933850169347,4123.90404024167,60.45528431105315,70.5211061827779,114.09187033268634
1956,11.135202726255695,526.1807428064424,0.016187101991237133,165.241220466999,640.5324165304182,7849.238219261343,4248.887531923749,62.65925431363382,75.35011161052434,116.09860287966572
1957,11.59106078108144,536.7945456234997,0.018033574900451967,170.63896646927498,638.6283018500559,8121.047711796778,4365.474757855404,63.73872968464892,77.28845388858153,116.54545217572402
1958,12.08831180039786,548.2166030667552,0.02006377589077031,174.99244732923202,643.4997046437954,8447.194422861,4495.805509502337,64.16602836407787,79.11054048385375,117.22565765341147
1959,12.648014127909049,560.1570573052297,0.022219353878420816,181.8467747469058,653.6289651551137,8852.935691086912,4636.470371402676,65.49694033758081,82.95374279825279,119.68637801023264
1960,13.285447742638276,572.87539449033,0.024579097276141347,187.07602758979965,651.8903092383413,9455.047220177585,4747.960677975055,67.639966885465,87.86284526762564,120.67701856758949
1961,14.020480182171136,586.850740618674,0.027288149194496916,191.0593990807375,660.7783035035293,9517.33910850148,5187.416002921468,69.32175391500834,89.21616060170906,124.32291360633845
1962,14.875113246566933,602.1879815706819,0.030420374328785013,196.82498880685617,668.7587427641583,9891.139830477465,5309.189195513924,71.2355146787888,92.05772798462344,126.72172525032886
1963,15.872525983268487,619.1199354955477,0.03405080749684122,203.82638214280195,683.9806935637862,10454.182095250757,5433.85436074649,74.27910340061322,95.93407103778604,130.33516211772823
1964,17.03770602345877,637.742406864276,0.0382636330753663,211.2272126903485,686.0798152485811,11005.54635906316,5538.728281871938,77.51409737766346,100.89736690040816,131.71320329471558
1965,18.395271916904253,657.8727707129743,0.04308388104607063,217.698218337039,701.328758049659,11519.472857130457,5694.935079433904,80.38419476319648,103.55173920518952,135.6820758095437
1966,19.966686870609237,679.7072469292411,0.04849942137598022,222.54822179414265,701.2183435125625,12075.457306590682,5811.953380416258,82.07095953727033,106.12205085804416,136.32607880156385
1967,21.767518339292025,703.9228261179467,0.054551013034958,226.7605631589156,704.7731345057819,12489.848887370576,5934.250288801428,84.92515010497328,106.53770873559164,138.0958425828647
1968,23.80863215915425,731.3992101853195,0.06133737296991035,233.506875107585,719.5893473962572,13229.045941227852,6071.916902805716,89.50368007594949,111.3620297526992,141.83047597905636
1969,26.09315481717316,761.0954781439003,0.06893056505847284,240.9786436345273,738.2390310302387,13977.268361732442,6177.795407906329,91.32136525533512,115.92516047530792,145.9963538748698
1970,28.614906341266376,793.0131126878925,0.07735137505375449,253.1520639150604,767.4188474021826,15043.385660631458,6353.268614596949,96.58660896981284,123.41414493551846,153.34622211118818
1971,31.356465896103735,826.8816564424286,0.08654960837630768,254.03387636291416,774.68863591182,15626.212339742762,6536.169359364496,99.05169239025732,123.50398924265826,155.16577595456738
1972,34.29033274774888,863.8849284473782,0.09656314234617344,258.77302335409166,789.5518141095838,16330.367949029423,6713.526517613768,102.81543440695512,126.6500360745938,158.28319582642348
1973,37.37965949895663,905.7322006773688,0.10759605551523269,266.73562620820496,798.1407782458045,17264.747676393155,6966.969767031788,107.48313793383493,132.84832893022,160.3212620505978
1974,40.5791115346361,953.413876304571,0.11980264181938449,266.992017303973,792.9683493461181,17205.790208523787,7140.758975294161,106.51430715106125,131.1405471669269,159.0166962075036
1975,42.99019117417041,1005.3246206123084,0.13276011932622847,267.24233528772464,790.5682946184459,17175.19711891394,7360.674022557454,105.58319268196766,129.54922924007008,156.584082534088
1976,44.593074883192024,1058.6573718851632,0.14577474171132906,271.7167051177155,806.7547667431761,18070.52809253563,7603.927272681049,109.74731794485508,135.45661650688157,160.77014178390257
1977,47.28561359863407,1113.5293533647405,0.1585709995094011,275.4833162933691,821.9672606603822,18650.421870678,7720.791902527054,112.4623710958426,136.49674041414949,164.04300991103702
1978,51.19702278892178,1171.3482984128564,0.17096379294049066,278.17672926296706,839.6224043911157,19236.33897419924,7933.194562429169,114.93204971069046,137.1695486615023,166.39886211217268
1979,54.79102793017528,1228.7917363868823,0.1828707276639552,283.1740984519065,837.6027127664054,19766.7141882752,8052.074463532068,117.30622874069188,139.91662046856663,166.89309754545968
1980,57.7986405653556,1280.2474186720121,0.1942710024459593,282.8310729997318,846.1349757040182,19575.79003312774,8129.769991089441,116.891500358797,139.5674110954804,169.16658797402096
1981,60.50935217633812,1327.1097908400338,0.20538913910251802,277.36823692317057,836.6931935745467,19295.184360135423,8036.154456422749,114.53103111481316,134.9991216397868,166.75955657006205
1982,63.12323770038206,1372.2594407931856,0.21666963765631225,276.6814532197731,835.0528770790198,19187.886046573,7912.400796168915,111.942380329499,131.75358448488927,165.42932766034096
1983,63.29874416089335,1416.2304496600784,0.227973089120213,276.76327397512205,837.2265403605884,19315.76419329889,8142.825020489842,111.35854767742944,129.8593585883761,165.1415191078663
1984,65.772325598833,1461.1916698731739,0.23933766926135183,280.63736086896654,847.3021030832165,19940.82915377955,8258.363243656133,114.02570120011195,131.2705534046731,166.54592100042956
1985,71.37762698057193,1507.8530294196667,0.25134968629581267,281.4010381037624,847.3716336528864,20244.10032528317,8152.985113580395,114.96946561191928,131.7089160817464,163.89411584724633
1986,75.59279525360125,1555.8217457660062,0.26438565970579214,286.45223423894595,859.6758176494513,20617.03076766436,8204.135392809778,117.96158082376635,131.45115132228898,167.29509157821627
1987,78.82783256621066,1606.8337427977385,0.2783269789696581,288.1079252405357,868.5314326862103,21281.096676733745,8325.025331118031,121.4272202166164,133.7521164707441,168.54519338445485
1988,80.86750976759566,1662.1400837906708,0.292910357116021,294.10142767361526,879.0020634181374,21973.3367023894,8412.761119323957,125.31398609569864,134.8239354637868,171.05301312625426
1989,85.25572056122449,1717.2735987496985,0.30727000435053453,302.050208221739,917.8430298462214,22329.837820664165,8482.290410386087,129.03872372042747,134.66802093559193,180.6167319140499
1990,90.90075235364179,1766.7809629178873,0.3200216944700645,301.8739691726127,902.2048806530372,22934.13995570219,8613.813257605794,129.64058796100755,134.4395379951653,179.35147776158874
1991,94.38401550092541,1808.034425942744,0.33059641202903006,300.34220718835047,903.813705054878,23019.3169306962,8577.064292522617,130.46084872944422,131.533663567706,179.6019390684794
1992,101.97066980977695,1838.0211757832267,0.33903764627108585,300.3470882809969,932.5106926875249,22880.385700584324,8606.797759585583,132.08101382423666,127.19015059628684,187.1570618110985
1993,106.83690214562637,1853.646201204223,0.3452024403029623,298.91268839935134,938.9812094921984,22998.30946840883,8657.811688283795,132.89433991293413,124.95126379067597,188.1828949757077
1994,114.43269473911516,1855.8583998763845,0.34943598496829453,297.6459075127524,894.6407933115704,23172.168263616,8708.73533492127,132.39869077550736,121.87706135090916,178.93957839428282
1995,123.62117442755878,1848.648073512697,0.3527298025136117,306.1134826489825,959.4853279687592,23713.659441930056,9029.271353144326,136.13316075895168,119.76884888660632,193.78969853397248
1996,139.64785853600287,1828.4974895918324,0.3554910082465748,312.68205076499135,980.675830395582,24203.358375065323,9319.407217128291,138.98441947015652,117.15362508481331,198.6872418265208
1997,157.99549487498962,1803.076603499527,0.3575491552028649,310.4623294771324,967.2636937207374,24629.84187109718,9188.597634046137,139.73872849350005,116.95714768943662,195.0033465402592
1998,174.5581136156237,1788.346499051269,0.35907889965740775,308.0638284309172,949.5594730518133,24787.65785947965,9173.608252149925,138.89694725666033,114.78833814148432,192.8413128931876
1999,196.58120833667658,1774.5867054925025,0.3603667390210445,307.35977496103806,938.0509510116456,25011.4929591312,9150.655283393704,137.75429283380274,110.37433443899836,191.40621938404905
2000,207.87468452632933,1749.2477619846456,0.3614633593290291,307.49023241982576,899.3262952628879,25755.41966282649,9032.32471529796,139.2453441416434,109.86982419579904,183.0027555716086
2001,224.21415027086564,1717.6481558143423,0.36239279840455113,307.8306935695971,869.2721280846514,26015.629747039748,9038.664311555993,137.2292572952041,110.5469116184966,178.86102387501518
2002,234.76481380180644,1689.7084714767261,0.3629948179167075,306.8504479093986,856.8163303422693,26498.6460113268,9129.38765635369,137.28861914856682,109.49156184288591,179.87539059073367
2003,257.87487185670216,1670.121190051002,0.36322903369661647,315.8813717648741,876.3998190328093,27773.451703576447,9310.38124653583,141.47799335978726,114.38385330340404,184.1503594285483
2004,277.99288909612795,1654.7033391893428,0.3632853963145051,324.9835069417051,900.1737162089755,29112.617403234344,9545.805168341303,145.5167757533507,119.4770919503333,191.4751868900322
2005,301.8687262268079,1641.503340419727,0.3632788515107586,328.7807758339383,892.1747619037601,30105.90070074348,9588.263485539925,148.2256811501889,125.11664848625928,190.46999603737447
2006,320.0904798108483,1627.8449143852026,0.36327509617099296,332.2292077447511,877.3506947955959,31160.440241835848,9664.158498826162,150.63335895154668,125.56848615627118,188.1386807836437
2007,343.0077292048925,1612.1670030171895,0.36329787032378,332.8769402858196,862.3554902813099,32343.59880131751,9844.667083569722,153.20817283197147,124.59226526500588,186.74273000439243
2008,360.4973381081693,1597.163659657791,0.3633851440075594,335.6754915577524,846.7011409844706,32576.67763668447,9811.69317128597,153.22953999209224,120.5804627508354,186.23921168213965
2009,375.88081794879247,1580.689113430764,0.36344471397473455,331.8151810278316,820.6257686243474,31859.50260895953,9801.330166067484,144.0856781923465,110.75098703028146,180.6487839415704
2010,388.7352521901273,1564.406416391281,0.36335179686751895,336.7214008060076,819.7729184929158,33788.549666773,9985.942529794916,142.92288785613968,107.35738691230875,183.88733870760623
2011,422.69412365016706,1550.8131640410002,0.3631413067074674,341.41387762763225,816.9567214330641,34768.01704980642,10129.12759427106,147.17871658405542,110.90212681330704,185.8517886909779
2012,442.4584328205072,1539.4289816713042,0.3627887740883335,344.40648005310214,823.5680467152556,35167.69433728821,10145.219648481005,145.1758374272288,107.40516158616232,190.7897240068476
2013,466.1321289276649,1528.0515104296023,0.36224948480716146,345.9113824304848,838.3752030355543,35820.08431018172,10416.004297568785,142.5900284411831,102.80083479321644,195.04868893408576
2014,490.3977027652795,1514.4985767959529,0.3616508299716032,347.0652507278528,824.6445535699513,36098.7554243848,10550.243690858197,139.77187163212392,98.09293132726802,195.9715888440736
2015,524.3092519640595,1504.4282665189248,0.3609917846445518,347.33094042436375,803.8785801954427,36013.858719485994,10548.479971939403,137.94563816477373,92.16161994606716,193.77159614963435
2016,555.0701628483231,1498.661886127653,0.3600978421995111,348.7017491507911,788.6658019088225,36060.509138628135,10625.184281090817,136.40596197651192,88.6346797102998,193.8391381867688
2017,597.1988795401453,1488.109138312631,0.3590997363048172,351.7511469704999,789.6277666833887,36659.37571732744,10806.211177306815,136.4390217612848,85.0292191086177,196.071518497678
2018,639.5808143257976,1473.244384516764,0.35807697439453123,353.300352133602,759.6030739178431,37333.57484937409,10898.384227990471,134.62682970149336,82.69780292411792,191.2372834027122
2019,661.5584112959268,1459.8411823803042,0.3566771888326136,354.4164919852998,762.3100933868626,37409.59902533009,10955.929215201906,132.29945452367284,80.74190666899652,193.76595911804992
2020,681.8899608456476,1449.4910601070765,0.3548055947873417,346.9463731389051,738.6652780255807,35718.600862657724,10960.37995565594,122.00363994728669,68.37650612551457,188.59058859948487
2021,784.908278025359,1440.7462456312464,0.352751083344681,354.7531248585565,777.012329933346,37819.84616544956,11211.533773458395,125.42620319867828,70.78297807597846,179.92812756416194
2022,814.8853875363716,1431.0687463498723,0.35054076714736665,360.6822908853832,764.2579561766214,38087.29742152555,11192.702046409995,126.43392746083084,71.54850030680865,189.80070636199045
2023,844.8201856907807,1420.437892891388,0.34815154683837757,363.4899013289108,774.0534343017323,38712.21703981296,11289.003670665754,127.51049405918616,71.9020378409034,191.2442864818557
