Year,Emissions.HFC134a eq Emissions,Ozone Forcing.Montreal gases equivalent effective stratospheric chlorine,Minor GHGs Forcing.Montreal Gases Effective Radiative Forcing,Emissions.CO Emissions,Emissions.Total NOx Emissions,Emissions.Total SO2 Emissions,Emissions.VOC Emissions,N2O Forcing.Atmos N2O exogenous,CH4 Forcing.Atmos CH4 exogenous,CO2 Forcing.Atmos CO2 exogenous
1750,0.0,344.3627591056,0.0,348.5273587773604,12.735211942317768,2.4400484348220126,60.02182622415481,273.86505126953125,731.405995686849,277.1470031738281
1751,0.0,344.3629139996227,-3.970484742724101e-15,343.9263672486595,12.592303237945762,2.408379138223796,59.08812628149409,273.89405568440753,731.8381652832031,277.18800099690753
1752,0.0,344.4111255260294,3.246202140389474e-07,341.8090339016869,12.594270419616072,2.397116044064474,58.63199702688318,273.9270553588867,732.8999735514323,277.22900136311847
1753,0.0,344.4703476114046,7.283283744529713e-07,343.6754562091752,12.53982033339792,2.4106933649875284,59.02634940020826,273.97305552164715,733.6340382893881,277.26300048828125
1754,0.0,344.43622157954724,5.062355830131417e-07,349.8156252006437,12.636836783079731,2.462065253289928,60.269945173845855,274.0160446166992,734.2020212809244,277.3040033976237
1755,0.0,344.35084894118893,-6.982521971459817e-08,348.144667955229,12.76599124957002,2.442355143653155,59.82493372469855,274.0510431925456,734.7360788981119,277.3510030110677
1756,0.0,344.36930339283714,4.520479460097527e-08,343.32315167584505,12.416162607577876,2.4191843248007623,58.94682931223554,274.0790506998698,735.4210001627604,277.38899993896484
1757,0.0,344.35954564500923,-2.1381646180550356e-08,355.9418922631908,13.133151801932229,2.507464693488836,61.263692996283645,274.0960515340169,735.8930308024088,277.4419987996419
1758,0.0,344.37087206271315,5.360748429956474e-08,351.839749049401,12.979345326040072,2.4797438257676383,60.43461244378834,274.1290461222331,736.2069956461588,277.48900095621747
1759,0.0,344.3874074576835,1.6569914032557293e-07,351.50776272566816,12.752546091231231,2.473528034680374,60.44526305257086,274.16504669189453,736.098887125651,277.5399983723958
1760,0.0,344.3606556722625,-1.2460972513787088e-08,354.41828530815224,12.712696040697043,2.4977451961387147,61.0517247888764,274.1930516560872,735.4841715494791,277.6050033569336
1761,0.0,344.2445779280438,-7.961734249846358e-07,354.70796791995804,12.96678586324592,2.509181763168119,60.98422720066375,274.2220509847005,735.7630208333334,277.6639989217122
1762,0.0,344.3349935890237,-2.0008100758594198e-07,349.24969722773284,12.499789281767244,2.466504132620002,60.0270893345371,274.2500483194987,736.3031056722006,277.7320022583008
1763,1.8880658180558742e-06,344.33811560811864,-1.735334989060926e-07,350.0593349220327,12.632954728484629,2.4809921662006778,60.127066272688566,274.3020553588867,737.1810404459635,277.7959976196289
1764,1.556607236882099e-05,344.3689516641839,3.607561019034227e-08,342.04461065627544,12.576637250641312,2.4218679309291047,58.43835716681741,274.34004974365234,738.1030629475912,277.8590037027995
1765,3.216390716421616e-05,344.420912934943,3.897258190565605e-07,352.9327257663859,12.73808005514036,2.4975540657053723,60.62945785948892,274.3720474243164,738.9860382080078,277.9129994710286
1766,3.8479955685754934e-05,344.3444397422992,-1.1861537843352074e-07,349.3806450006132,12.760079050306397,2.484408321807168,59.85878462626717,274.39205169677734,739.8310852050781,277.95800018310547
1767,4.120294710262103e-05,344.33200891044385,-2.082835233706759e-07,349.61609899642303,12.745703960584418,2.482742877953473,59.89102690050866,274.4260508219401,740.7289835611979,278.0169982910156
1768,4.362080581410591e-05,344.3480965086941,-1.0305488598437876e-07,362.65368482709385,13.266403234135954,2.585377496021171,62.365825552982606,274.4470469156901,741.2220560709635,278.07799530029297
1769,4.601851196139021e-05,344.25672970650754,-7.175073885796745e-07,355.02541845168975,12.857850792574183,2.542757581499459,60.95040360500106,274.46805063883465,741.7470499674479,278.135004679362
1770,4.845530624147954e-05,344.3023118759867,-4.1983888863571953e-07,355.3605475565106,12.898918215849813,2.551004694202496,60.96602720867275,274.4950485229492,742.301015218099,278.1939977010091
1771,5.085406344763853e-05,344.2391549918792,-8.43150807813171e-07,347.8619882938519,12.62324271414712,2.4564243021424623,59.42424032933085,274.51305135091144,742.8711649576823,278.2700017293294
1772,5.329839078987125e-05,344.28579547830714,-5.351154489921091e-07,344.613473832749,12.524007465440606,2.4318788124626445,58.72495294608385,274.53104909261066,744.0189666748047,278.33399963378906
1773,5.5737871791844334e-05,344.34149565717416,-1.570382119684542e-07,345.7768090889352,12.46738959491484,2.4375705286194296,58.916568849809806,274.5470504760742,744.6629842122396,278.41199493408203
1774,5.8143202113613994e-05,344.311053147497,-3.553073548325338e-07,358.1035850352457,12.783902569664896,2.5289119722989657,61.31335787055999,274.5650456746419,744.8780721028646,278.49099985758465
1775,6.052060042549825e-05,344.19502861342977,-1.1376037753833025e-06,355.04717285558434,12.869291157860507,2.497313042888125,60.54083046418634,274.57904561360675,745.3670603434244,278.58600362141925
1776,6.29804342727266e-05,344.22292867007457,-9.62168111971269e-07,348.8985525123486,12.407416689395562,2.4666720786648364,59.38114479685163,274.5940475463867,746.0480702718099,278.68299865722656
1777,6.53902037233393e-05,344.19938485591933,-1.1215425709879776e-06,357.54536101292035,12.934583487331036,2.521353634336916,60.89349007083899,274.6060485839844,746.7369181315104,278.7739969889323
1778,6.783764836903914e-05,344.22491132829657,-9.523658214326659e-07,362.7554134630877,13.207516945052584,2.560565943809508,61.78348694597739,274.6180470784505,746.7510579427084,278.86599985758465
1779,7.02529529868436e-05,344.21289250542327,-1.0314595398657325e-06,355.9261715181252,12.696989996519427,2.5037124487048943,60.500814881249,274.62904866536456,746.9070231119791,278.9590021769206
1780,7.266877053562417e-05,344.1899768764433,-1.186413383927386e-06,361.61404216072185,12.7150642102733,2.545624084919035,61.61859566014493,274.63905080159503,747.2310638427734,279.0540033976237
1781,7.501217787350634e-05,344.0621030423504,-2.049994513382691e-06,360.0900538628948,12.877900016737586,2.5510926411828296,61.19330647262292,274.6470464070638,747.7660471598307,279.14499918619794
1782,7.754598621387028e-05,344.1561910359121,-1.4305640077357613e-06,356.04655462228243,12.46113467516462,2.5181732450692373,60.48572145305894,274.654047648112,748.2900187174479,279.2430013020833
1783,7.995155170167437e-05,344.1581220782615,-1.4120119756547894e-06,354.28692425367274,12.444383333723518,2.5134612747885146,60.10171272373322,274.6580505371094,748.6270294189453,279.3399988810221
1784,8.240594197476147e-05,344.1893197591495,-1.2001155335849475e-06,350.5694962640399,12.597517209391116,2.4783164405613816,59.21225989324307,274.66405487060547,748.9340260823568,279.4340006510417
1785,8.485902461670991e-05,344.2281030626237,-9.351779815423201e-07,356.805125351722,12.552481929134778,2.5291906045378845,60.494479362546464,274.6690495808919,749.2520395914713,279.53200276692706
1786,8.722376673669401e-05,344.17306768395935,-1.300578794301337e-06,354.20587729579694,12.567811101205406,2.5238744052770934,59.91468240707549,274.6760533650716,749.5639801025391,279.6290003458659
1787,8.965113203116024e-05,344.15256259230273,-1.4427344603785075e-06,358.7933682521366,12.760916940517928,2.558671151927712,60.75335707654267,274.6780471801758,749.6690826416016,279.72900136311847
1788,9.209971516507218e-05,344.1642141996657,-1.3676695391941097e-06,371.3570923496072,13.26480759400037,2.648030358272221,63.12433046674855,274.6770477294922,750.1610209147135,279.83099873860675
1789,9.442010689514334e-05,344.0639710189496,-2.0424646697304634e-06,363.4416445787676,12.846261379798044,2.597817353803489,61.63229237950748,274.6780522664388,750.6470489501953,279.93299865722656
1790,9.694182811508342e-05,344.11179193430667,-1.7308314722268653e-06,364.880216392627,12.93202741114948,2.6055361625440803,61.84599180813865,274.6770528157552,751.1640370686849,280.03700256347656
1791,9.927890959514964e-05,344.0455055722232,-2.175273489098275e-06,356.6583861664455,12.639418553071096,2.5655352132834346,60.21873920423577,274.6740468343099,751.7080535888672,280.14099884033203
1792,0.00010180016088414845,344.0987399861907,-1.8231904976953506e-06,354.25153761087523,12.652724960740573,2.555885905296148,59.70568574139235,274.6740468343099,752.2780151367188,280.2409973144531
1793,0.00010429826632667039,344.17329253656635,-1.317602640515674e-06,353.37230933667234,12.47524671461044,2.5493745985836123,59.58493949599902,274.6590525309245,752.6820678710938,280.33199818929035
1794,0.00010666383399281271,344.1505960401469,-1.4615753967386403e-06,365.721914030605,12.816348771677823,2.642660372712238,62.03822453198564,274.64805603027344,753.2520446777344,280.41500091552734
1795,0.00010895750944450654,344.0398238446726,-2.207082332939708e-06,362.19212268926736,12.872587872512922,2.6101635634209632,61.24273214189555,274.6310526529948,753.841064453125,280.4919967651367
1796,0.00011148349387475021,344.0713639650837,-2.006133991507495e-06,354.4783029356138,12.315862419925484,2.568822151347849,59.864242428463136,274.6150538126628,754.5180511474609,280.5549952189128
1797,0.00011387485732394137,344.05359223845915,-2.125975344329422e-06,363.54823719908,12.944413187522116,2.640239462115646,61.4713769474247,274.60105387369794,755.2560729980469,280.6230010986328
1798,0.00011636467983393559,344.08874836343233,-1.8911852391882384e-06,367.6501027985187,13.189856964098109,2.684800165763159,62.19763902639178,274.5840530395508,756.113047281901,280.682004292806
1799,0.0001182562477597572,344.07963961080566,-1.9494022113776416e-06,363.4860469038741,12.753675747091163,2.661313715429832,61.49623019706863,274.57004801432294,756.9420471191406,280.7529983520508
1800,0.00012159715885131269,344.03366006941945,-2.259006267789745e-06,365.8466368441075,12.703711090289811,2.6985937954486108,62.00320914073126,274.5470504760742,757.7620493570963,280.83399709065753
1801,0.00012343642946258514,343.9392661046784,-2.8993694209126638e-06,364.9170683864809,12.881578210075109,2.688431218390064,61.665647788634544,274.5320510864258,758.5840606689453,280.9189987182617
1802,0.00012608510862225947,344.0399333275411,-2.2328027251418357e-06,362.9627075069397,12.530332506560097,2.727330113471008,61.32615659022455,274.52305094401044,759.507069905599,280.9939956665039
1803,0.00012844295957597628,344.0310492807587,-2.2855791687801207e-06,358.65077997506035,12.394980154563765,2.67587199588858,60.404341817460505,274.5050506591797,760.508046468099,281.07299550374347
1804,0.00013093912049181675,344.0682165969896,-2.034090334062843e-06,359.52869597563125,12.71613281455242,2.6917820167323114,60.36470274902327,274.4860483805339,761.5410817464193,281.15699768066406
1805,0.00013336866811476357,344.08308483117617,-1.9297659831638374e-06,364.30370432998336,12.62431267799198,2.7297852284332054,61.31991145746931,274.4660466512044,762.6710561116537,281.23399607340497
1806,0.00013569513718741965,344.03212826398703,-2.2700276615592782e-06,364.3432293357412,12.734325994930348,2.7363256272318086,61.22344968188294,274.4470520019531,763.7990773518881,281.32200113932294
1807,0.0001380950785449476,343.9982430498625,-2.502610819376687e-06,367.234932813752,12.831973358155818,2.7751216953268134,61.706469136452746,274.4280471801758,765.0220794677734,281.40900166829425
1808,0.00014058284554258364,344.01692130083245,-2.3817073509043506e-06,380.03527200344246,13.369384811449004,2.846709201622861,64.08195973155631,274.4110514322917,766.319081624349,281.4959996541341
1809,0.00014281428739817354,343.9181694268367,-3.046126320715499e-06,372.8486855412818,12.94143865973299,2.8018920476325544,62.71002212876877,274.38305409749347,767.6550801595052,281.56599680582684
1810,0.0001453863520372517,343.9540981381731,-2.8143286179692046e-06,374.7180119050739,13.012132843244911,2.82398353235988,62.97351665449524,274.36004638671875,769.1471150716146,281.6480026245117
1811,0.00014762611427609695,343.868458996339,-3.390247212492454e-06,369.2694863079116,12.871402399513393,2.803000630901314,61.82960599561912,274.3340479532878,770.7180430094401,281.71799723307294
1812,0.0001502155494383283,343.913791092942,-3.0937338642905816e-06,364.5806874718721,12.730963817667092,2.785422830614805,60.85746996681422,274.3040517171224,772.2101186116537,281.7899983723958
1813,0.00015275331574538767,343.9806005472143,-2.6418441173095157e-06,365.91388742059627,12.626185638831178,2.7962887210753067,61.13613019851266,274.26705169677734,773.7009938557943,281.8580017089844
1814,0.0001550691785964633,343.9514434652167,-2.830559597528263e-06,377.9855416791419,12.963790027634335,2.8937253673868346,63.49192822884616,274.2310485839844,774.828135172526,281.9310048421224
1815,0.00015733418733192777,343.8650577810326,-3.4129298180890413e-06,375.5806647955672,13.066021719780442,2.881174396667863,62.87157569872296,274.1810506184896,776.1400197347006,281.9919967651367
1816,0.00015983424532025326,343.8644875345543,-3.4260023808828896e-06,371.6298227687404,12.698183088806628,2.8945196297552065,62.14643251873565,274.14305114746094,777.3801574707031,282.0590006510417
1817,0.00016218936443312078,343.8283544035297,-3.672095946545949e-06,376.4429441283954,13.076546506230793,2.9394259653777777,62.94153100870699,274.1070556640625,778.9910329182943,282.1270014444987
1818,0.00016473141556822967,343.8623813072178,-3.4475851661298366e-06,383.9142096017897,13.497278072979814,3.00197823341283,64.26768048931984,274.071050008138,780.3030497233073,282.1999994913737
1819,0.000167084682442339,343.8402439216769,-3.594493476063713e-06,378.3325838344464,13.018464152385413,2.956182587777584,63.25758927353961,274.050048828125,781.4260508219401,282.27200571695965
1820,0.00016941571714101618,343.78930756061345,-3.939128557155267e-06,382.4197482792824,13.002182670483212,2.995581552829647,64.0766432984354,274.0070495605469,782.4270782470703,282.3460006713867
1821,0.00017166017376757563,343.69099013566927,-4.60687034254403e-06,382.8975341008877,13.235943672593384,3.0073087305857005,63.98744908758229,273.97004954020184,783.5681304931641,282.4150034586589
1822,0.00017441415589509483,343.7837095420357,-3.994530433566427e-06,378.6708004400731,12.715016778190462,2.99428323979268,63.22724653024458,273.9330520629883,784.9560546875,282.4769999186198
1823,0.00017672855017224193,343.7682653880447,-4.092538378360583e-06,374.3931813157347,12.632634916836032,2.994537839050356,62.26076437261461,273.8950500488281,786.2210744222006,282.54000091552734
1824,0.00017928566935844915,343.8127707090173,-3.792685624773048e-06,377.040711415511,12.995663056691647,3.0211119809130493,62.56343379800663,273.84704844156903,787.4750722249349,282.6179962158203
1825,0.00018166470836219564,343.8101034156458,-3.8059739193488925e-06,380.31674976188685,12.872461229997604,3.071614761914363,63.18578955390959,273.7860463460286,788.7140604654948,282.6759999593099
1826,0.0001839763389301125,343.7653991540965,-4.10578371979256e-06,378.8222655140124,12.847946558125464,3.0591930934332394,62.815941509777446,273.7280502319336,789.831044514974,282.6929982503255
1827,0.0001863580836288704,343.7313135674899,-4.339560488871696e-06,382.4773392117438,13.016080869656845,3.127305636807274,63.38999010724139,273.6770553588867,790.8700917561849,282.69299570719403
1828,0.00018883999786229277,343.7373017505977,-4.304073518057665e-06,395.9754324666183,13.520464298618515,3.2310008822057386,65.90535948629658,273.6410522460937,791.9830423990885,282.708002726237
1829,0.0001909818400952783,343.63285464979765,-5.00818519262323e-06,389.1746282041487,13.139440279288412,3.189500783985872,64.57289823663554,273.6020533243816,793.0000712076823,282.76099650065106
1830,0.00019362752960891283,343.66952386320804,-4.772379126562995e-06,392.1065328641397,13.264515054652378,3.406492166875057,64.94076179033591,273.5640513102214,793.9600270589193,282.8249994913737
1831,0.00019582692672985647,343.5978923651001,-5.254248987991724e-06,384.20125072452805,12.965550560574089,3.3168917025616285,63.33682174076503,273.5200500488281,794.8100738525391,282.8909962972005
1832,0.0001984537142515927,343.63744742918084,-4.9952182579502106e-06,382.363398002473,12.961496084798576,3.316047923811443,62.87089656141417,273.44404856363934,795.5789845784506,282.9219970703125
1833,0.00020100945796933543,343.69314682692095,-4.618286818437341e-06,383.4537927943128,12.827355939976549,3.342535309207534,63.06958370159948,273.37204996744794,796.1241149902344,282.96599833170575
1834,0.0002027951554234593,343.6673055401396,-4.785918049852765e-06,394.1429023376304,13.102359030322225,3.4371764833811347,65.10499264081507,273.21405029296875,797.0440368652344,283.0279998779297
1835,0.00020592407075169564,343.5657693989443,-5.470293741234276e-06,390.5551391819573,13.133551767620194,3.43109153314582,64.23544316564437,273.0790506998698,797.8309682210287,283.08599853515625
1836,0.0002080236976386486,343.57305781636717,-5.432010543334543e-06,389.978664389183,12.867133430325904,3.5606120619485004,64.08016333132153,272.9540532430013,798.1060129801432,283.1489995320638
1837,0.00021030339728224522,343.52382955030635,-5.765937158120443e-06,394.75650376781886,13.270384331682742,3.5905748734495657,64.82242714481194,272.87305450439453,798.1159820556641,283.19800059000653
1838,0.00021290788548761818,343.55901377849005,-5.5349451172359125e-06,401.2961870125921,13.605264977591048,3.6773493839788993,65.94724656685626,272.86605072021484,797.9370168050131,283.2530034383138
1839,0.0002152289903021951,343.53541334972584,-5.6919344789941435e-06,396.9116368644367,13.18858094627157,3.6804199625611256,65.11131218043978,272.8580500284831,797.9220987955729,283.3109995524089
1840,0.00021752789472280883,343.484440331363,-6.037030578631372e-06,395.88091618643386,12.8895445368548,3.7424452069524783,64.92298176034035,272.79905192057294,798.3870493570963,283.38200124104816
1841,0.00021973237916326778,343.39335571902234,-6.656179454690718e-06,402.3727418168372,13.43207834144722,3.826558744119807,65.9454451837981,272.68904876708984,799.0600840250651,283.46699778238934
1842,0.00022252136747389557,343.46467201973485,-6.187222466574318e-06,396.9951221368095,12.928627400551376,3.856907997872313,64.92167359416241,272.5820541381836,800.0011189778646,283.5279998779297
1843,0.0002243808185023074,343.4682884558315,-6.158841026245979e-06,389.73678087183737,12.63268139047172,3.8533093925905946,63.424060913522,272.607048034668,801.4921824137369,283.56600189208984
1844,0.00022792915719601074,343.5113314856342,-5.8674435698245475e-06,392.7074417140548,13.024345477938166,3.976687412934379,63.76245430030204,272.6480534871419,803.6190745035807,283.60899861653644
1845,0.00022982489774588496,343.5097440035968,-5.8732035047404296e-06,397.85005599568376,12.999929821414131,4.15428124651865,64.68556723249593,272.6400502522786,805.6650695800781,283.7249959309896
1846,0.00023208926412146097,343.4632201373199,-6.185093665141103e-06,395.9082621735635,12.972553554670752,4.138125135238822,64.24405152639606,272.73004659016925,807.2559560139974,283.8470001220703
1847,0.00023445325660949968,343.4279892746236,-6.426742685792856e-06,402.9851574748714,13.271530276425436,4.301750207921762,65.44362075203811,272.8130518595378,807.9369812011719,283.9359995524089
1848,0.00023692166572085007,343.42522127869233,-6.45038951913088e-06,413.5582929452125,13.6475822359264,4.401966128843545,67.39824375327751,272.88504791259766,808.092041015625,284.0679982503255
1849,0.00025575897590354577,343.3270524737156,-7.113151618558433e-06,408.9399341234632,13.424114595690698,4.442860300051104,66.42707154065786,272.95404561360675,808.2150014241537,284.20699818929035
1850,0.00038143335892218644,343.36681915843917,-6.856138254531669e-06,411.4628743194825,13.456576847229837,4.544463775546904,66.78304875030415,273.0210469563802,808.2490285237631,284.3169987996419
1851,0.0005153791880776565,343.6668763277338,-4.834983425514066e-06,402.2448152541545,13.172439920844475,4.5065997179040895,64.9500465918497,273.09405008951825,808.4141082763672,284.4510040283203
1852,0.0005544457589538752,343.839214582356,-3.6432157991450166e-06,397.4985199915501,13.001819323507366,4.548173376622195,63.95789986488204,273.1680501302083,809.1631317138672,284.59800211588544
1853,0.000577193943086545,343.9364804276586,-2.960970288859134e-06,400.3388041437756,13.034253236711525,4.645593816185576,64.44555417814735,273.26405080159503,810.4040578206381,284.7309977213542
1854,0.0005997520786902021,343.93565758256153,-2.948137664770368e-06,413.399131509534,13.421990057867442,5.062418700342138,66.79469521937582,273.36304982503253,811.7321421305338,284.8459981282552
1855,0.0006224310090080379,343.8198415436211,-3.722468043358447e-06,408.11045388038974,13.373651283699798,5.055876658386677,65.65156397841133,273.47004954020184,813.3320363362631,284.9409993489583
1856,0.0006456304382178987,343.8530064805607,-3.5094916746730923e-06,404.8549167301799,12.946146656322552,5.188552235176194,65.04253470413643,273.5780461629232,814.7961222330729,285.04899342854816
1857,0.0006700941310213846,343.8094250788667,-3.802623953981621e-06,414.6731918454804,13.660998095817272,5.285746479984215,66.72779876959439,273.675048828125,816.4521179199219,285.2039998372396
1858,0.0006938407155112795,343.8475207898722,-3.550541976283134e-06,419.0140236088295,13.9294510182842,5.3613428075002,67.47060376347301,273.7560501098633,818.3551279703776,285.3690007527669
1859,0.0007180440705945497,343.8349509950133,-3.632567965909216e-06,416.2997484931252,13.531486507079054,5.522088205892609,66.95694733909333,273.8950500488281,820.3960774739584,285.5449956258138
1860,0.0007424199184412631,343.76803559084044,-4.083611630568826e-06,416.0639965860974,13.338568923855494,5.787726354552483,66.84953492841794,274.0560480753581,822.3121185302734,285.73899332682294
1861,0.0012728541823840214,343.68934422745934,-4.6205417886155715e-06,417.2441372168871,13.667803666757012,5.933301365192519,66.88575551122409,274.24004618326825,824.3991902669271,285.9330012003581
1862,0.0013335757250384783,343.79231151264946,-3.937598485985683e-06,414.16280656087633,13.27771597474367,5.943503850094243,66.35896016165403,274.41604868570965,827.0292002360026,286.1000010172526
1863,0.000888283194873505,343.8006212802107,-3.874086943759217e-06,408.1224194075052,13.044741272187805,6.119347249550137,65.00963540040021,274.571044921875,830.1662139892578,286.271001180013
1864,0.0009144776621597968,343.84753066618975,-3.555087738057458e-06,411.3310642864957,13.42555248261248,6.376488796870201,65.39906664161046,274.7200520833333,833.6041412353516,286.44200134277344
1865,0.0009407790029823068,343.8468253665294,-3.553991064604413e-06,420.4890049801762,13.656138439945162,6.64379561561145,67.10347351160692,274.8800430297852,836.8942057291666,286.6139958699544
1866,0.0014730760507848818,343.8107207754483,-3.795408537254698e-06,417.1011849314015,13.57734060635964,6.765960834568206,66.37528156013664,275.0480473836263,840.3622080485026,286.78099822998047
1867,0.001535043849145944,343.7840824980631,-3.978016682167117e-06,424.2969752987472,13.897618510058097,7.119763794229744,67.66026448741948,275.2130482991536,843.9951222737631,286.9550018310547
1868,0.0010913716171359702,343.7929517016743,-3.92205625415751e-06,434.930228259825,14.331588558352989,7.325189710974375,69.64729381366908,275.3910446166992,847.2491251627604,287.10500081380206
1869,0.001119921239827733,343.69895398343914,-4.5551521709811385e-06,426.4036167290826,13.94409189653389,7.571114078764871,67.9294955911712,275.56104787190753,850.1300862630209,287.2249984741211
1870,0.0016540266022637723,343.7642854912684,-4.125058322613306e-06,433.2287624497814,14.20074407011024,7.762947987099056,69.12187693609928,275.7200444539388,852.4350077311198,287.3549982706706
1871,0.00171734270750248,343.6931795838088,-4.599999710187553e-06,425.1606513202936,14.02316495520306,8.019553553652756,67.42862357960736,275.9030456542969,853.9930725097656,287.4940007527669
1872,0.0012762703462788876,343.7589068105069,-4.163691130830424e-06,417.7442733570141,13.725273260938083,8.48727315533725,65.84553711122807,276.0780436197917,855.2329915364584,287.66399637858075
1873,0.0018119891631101762,343.8340495427833,-3.6528290862367837e-06,429.2802890411377,14.156463683462135,8.932963275339493,67.99437045089431,276.2500483194987,856.1681976318359,287.8600006103516
1874,0.001876877209389237,343.8117622862968,-3.7936070646055093e-06,435.8041800080444,14.352255685607926,8.75070146459621,69.34908007240699,276.41605377197266,857.820078531901,288.0609995524089
1875,0.001941944975258384,343.68770648881707,-4.628352302754736e-06,426.893495453106,14.16158404148277,9.09083843679748,67.4820885998621,276.5850474039714,859.4690653483073,288.29100290934247
1876,0.002008643050751384,343.76292099960483,-4.1346634440751584e-06,429.4805477313967,14.037110848208748,9.26618957848136,68.07266489194261,276.7350514729817,860.8591054280599,288.5199966430664
1877,0.00207491935815711,343.7139818062285,-4.4602557446212214e-06,434.0603459961696,14.496477320282102,9.510372735561647,68.7783807279057,276.8640492757161,862.3791147867838,288.7520014444987
1878,0.0021424084116373966,343.76425852289276,-4.125605870222573e-06,437.9599497693981,14.790857471244523,9.59766004197736,69.46979574102357,277.0020446777344,864.139149983724,288.9930013020833
1879,0.002210046136468326,343.77128813756383,-4.074209865747338e-06,440.8517590737373,14.607011947076726,10.093523219758184,70.08572001647862,277.13304901123047,866.2831624348959,289.2210006713867
1880,0.002277744299037302,343.66346732020673,-4.798230311594913e-06,437.365727538686,14.40860199170044,10.936322336520524,69.18788119083449,277.2650502522786,868.6961059570312,289.4699986775716
1881,0.002346096295959797,343.6332942966741,-5.01200608558129e-06,440.9737248225101,14.885095684041412,11.293506730684229,69.70896888997471,277.3740412394206,870.9841257731119,289.7369969685872
1882,0.002922740514663648,343.7411581447259,-4.2921022403290634e-06,436.0786301154982,14.484440945619417,11.738848201266975,68.75016748711803,277.48605092366535,873.2501373291016,290.0190022786458
1883,0.0030270361940327646,343.7711047014535,-4.0811752427081074e-06,428.2212034304951,14.270504913420991,12.254384026795949,67.06254475755776,277.59104919433594,875.6031494140625,290.26300048828125
1884,0.002627128239497207,343.8583556942222,-3.48777396146102e-06,436.5183491794865,14.80607458863925,12.467245528478312,68.59402326244992,277.6950505574544,878.148203531901,290.5119984944661
1885,0.0026979273427350865,343.82711057152255,-3.687322204913055e-06,438.1415385380004,14.757077388144165,12.570266226675043,68.94977818435397,277.7950490315755,881.0251312255859,290.7969970703125
1886,0.0032753961660135452,343.8238728988865,-3.709097711574262e-06,437.7333268549245,14.8946765949723,12.686263225278177,68.86926284379062,277.88504791259766,883.8392181396484,291.0999959309896
1887,0.0033826011767777837,343.81722048978105,-3.754188048737738e-06,443.1077381376516,15.17142122940599,13.190955216647929,69.79403942185417,277.9950459798177,886.9331359863281,291.4139989217122
1888,0.003490657757211443,343.8481390676197,-3.5467975158182203e-06,452.5023079705392,15.575101840595128,14.34215496072484,71.4272374400245,278.0800501505534,889.9262135823568,291.76300048828125
1889,0.003598732926247935,343.77254929008143,-4.052779356853971e-06,448.6908696327024,15.52671145957987,14.33482126267808,70.65718771639492,278.19104766845703,893.1561584472656,292.1130015055339
1890,0.003708992959045797,343.8582611392467,-3.482635129138833e-06,453.89903232867,15.791948531981674,15.43278649207452,71.47659716602703,278.27305094401044,896.3831837972006,292.45799763997394
1891,0.003822287364415829,343.81806325851755,-3.7465162928979158e-06,444.382731801162,15.579730291609284,16.026797541235865,69.53172190504567,278.3470509847005,899.6662648518881,292.8159993489583
1892,0.003938611577702704,343.90884011862613,-3.1374495975695425e-06,439.8086590465999,15.42330661793472,16.30684661199453,68.66391958974123,278.4420445760091,903.5341949462892,293.16699981689453
1893,0.004054535373309105,343.9803198641197,-2.647381333072541e-06,443.3506557921903,15.487544397540828,16.215991510549767,69.48705801909811,278.5540491739909,907.2741190592448,293.4769999186198
1894,0.004677444698377645,343.97581385442186,-2.6676622174196544e-06,456.69603250902094,16.058103476502154,16.796573244078445,71.90804380664727,278.68904876708984,910.4781341552734,293.7909978230794
1895,0.004830184295275186,343.85329462119034,-3.4899950254855948e-06,453.5518850499526,16.157372163559618,17.66577430948931,71.15178658195539,278.831049601237,913.2259826660156,294.0789972941081
1896,0.004479637494044966,343.9052846578536,-3.1518694801371165e-06,444.0944277814877,15.549146160517685,18.15088035932663,69.42267705803128,278.9390513102214,914.7710927327474,294.3649978637696
1897,0.0051062554879620385,343.92153274692816,-3.0406686283132883e-06,456.4122054736632,16.510755580021115,19.01112916061584,71.54673250412924,279.05104573567706,916.2742818196616,294.6459986368816
1898,0.005263662451057917,343.99947895749006,-2.5136194109124597e-06,456.6037673563168,16.74484506455168,19.98900756541145,71.45665951589594,279.16304779052734,919.0172271728516,294.9539998372396
1899,0.005422118653008338,344.0689585343425,-2.0370414032509904e-06,462.1035993919434,16.734826622895593,21.642463314519087,72.46072255843502,279.3080469767253,922.2811838785808,295.2999979654948
1900,0.0056188346938727506,343.9952133285468,-2.5237239032003395e-06,459.5444668504325,16.71573998916366,22.66210070818357,71.90656631461616,279.4540481567383,925.5521138509116,295.6749954223633
1901,0.019141559885760967,343.99263824730576,-2.5457614334441697e-06,457.6168305058551,17.086816972944238,23.51382736732285,71.63263161162581,279.61304728190106,928.800333658854,296.0069986979167
1902,0.03627691111792592,344.1317115901219,-1.6110509094130751e-06,455.0261768246298,17.013058292877986,24.163401119203183,71.24149846316587,279.86105092366535,932.7311604817708,296.3249994913737
1903,0.04165261993589013,344.1942881638255,-1.1757770654054426e-06,449.9625304110428,17.047268493429016,26.04768030432168,70.25376393283156,280.1560414632161,936.7834269205728,296.6539967854817
1904,0.04902197448470443,344.3292666498879,-2.562476775647802e-07,462.6217650299278,17.737432960200962,26.50752099131453,72.88437625246438,280.4320424397786,942.114267985026,296.95399475097656
1905,0.0632206256411242,344.3315914466351,-2.233922178354743e-07,467.44012883738543,18.2980148739324,28.1580284765171,73.70973521692333,280.70504506429035,947.4432729085288,297.28899637858075
1906,0.08462828954323853,344.35636003062166,-5.116381443725912e-08,466.4356478967891,18.41936116273716,29.48689883596641,73.46173851221981,280.98004659016925,953.0924224853516,297.6619974772136
1907,0.11130322751701996,344.40717131885776,2.9512234184489713e-07,480.3174563577665,19.46355752125633,32.47930467684103,76.00444514305916,281.27604420979816,959.1561177571616,298.0979944864909
1908,0.11095907322584007,344.5217905862785,1.078627821119321e-06,482.5826340091374,19.626144340779305,31.1328570372851,76.85623799627187,281.6110432942708,964.0852966308594,298.5179901123047
1909,0.13822069562626346,344.50327004831104,9.914994400143956e-07,480.6894687863213,19.84444900904337,32.691010925715105,76.44087709943787,281.9500452677409,969.3983662923176,298.93599192301434
1910,0.22081814596801635,344.65927068151314,6.081840349448493e-06,491.4713622185322,20.447254063280084,34.19279814080697,78.48124342715315,282.31404368082684,974.787089029948,299.37699635823566
1911,0.26181989396572514,344.7176303035861,1.188078769007321e-05,482.3736483687901,20.38225950415204,34.43465077956312,76.73370568501319,282.7210413614909,979.465321858724,299.82899220784503
1912,0.30081491445785885,344.8925234561225,1.56700295342496e-05,477.9889214580395,20.42827701388777,35.92235270992954,75.8316081908469,283.01904296875,983.6058603922526,300.3529917399089
1913,0.3601460112273101,345.11653221450536,2.3981505410066723e-05,488.2676034939648,21.198232288606768,38.08608969798272,77.57996159883326,283.36204020182294,986.2423197428384,300.9099934895833
1914,0.39593107850984377,345.4187744166864,4.052599011375922e-05,494.4978826289548,21.34701391680138,35.13405679461169,79.77807342879137,283.7160415649414,988.610880533854,301.4189910888672
1915,0.4434340023406934,345.6604162703552,6.59149132079441e-05,484.247684884698,21.293131630168947,35.09148717862071,78.35040062356745,284.0470428466797,991.4610799153646,301.9369888305664
1916,0.5596672324446405,346.2807119619703,0.00010207216380958311,482.95426600786,21.68369609875326,38.07157452770289,78.27985154770643,284.3120422363281,998.4538218180338,302.48498789469403
1917,0.6901960713303572,346.83582036241927,0.00013566459650238017,492.9600447524987,23.0041909467954,39.75198229077258,80.4548180697849,284.61504618326825,1003.570551554362,303.01098887125653
1918,0.755885588667644,347.4157352228195,0.00016393456401269198,496.242073076373,23.380211688926337,39.42498449874762,81.61294813978053,284.8050486246745,1010.1304473876952,303.44898732503253
1919,0.7665492186831563,347.76350367339046,0.00018506817905073389,490.9794171167238,22.75197625507395,33.93663047851452,81.67724386438958,284.8510513305664,1017.6303660074868,303.8139877319336
1920,0.7871618616246476,347.8773008302927,0.00019834715954762156,498.87459987539705,24.03917530124086,37.54682245999263,82.96992111207,284.92904408772785,1025.070327758789,304.24598693847656
1921,0.6769909977704313,348.2595050033957,0.0002179731827906297,486.6136241874396,23.474672096704147,32.04941278054283,81.18725519244387,285.03904215494794,1032.2003377278645,304.59998830159503
1922,0.6231693227462856,348.79842576577073,0.00025162506426284955,484.8273418444006,23.819843633161792,33.84898546620051,80.53069430512947,285.1700490315755,1039.1002502441406,304.9449818929036
1923,0.8633562369663331,349.44894328309056,0.0002920127900865773,514.2343951443905,26.32202242788179,39.38589958706581,86.27583424473677,285.467041015625,1045.1300659179688,305.27098337809247
1924,1.0821138055467905,350.2174356093781,0.00033626697998234326,499.0974143950571,25.587789988457967,38.982972280573016,83.21123114220697,285.6050491333008,1049.4500325520833,305.62998453776044
1925,1.1753106211561941,351.0006983178656,0.0003899626565166403,502.6957687586778,26.22160478298548,39.41628780998716,84.06174423454924,285.6520512898763,1052.1599527994792,305.81298065185547
1926,1.2627157609018538,351.78590443989924,0.00044146607523373196,499.041820374083,26.46434217472057,39.55611645919673,84.16877083488303,285.6920471191406,1053.600107828776,305.9539845784505
1927,1.3984152818291369,352.5878957700038,0.0004925274331842106,515.0910883833536,27.91811904950004,42.21370855415179,86.52753524964037,285.74005126953125,1055.7705688476562,306.17698669433594
1928,1.5932468955586223,353.54941206597994,0.0005633181785284845,515.8400889336957,28.145575293203123,42.06447172030944,87.11586336850812,285.8330485026042,1060.640360514323,306.3289794921875
1929,1.802703491243919,354.57031218775836,0.0006501933319561531,527.0535755087527,29.21456635771085,44.73465018561838,89.37670246877072,285.8910522460937,1066.6603291829426,306.49498748779297
1930,1.8193798821192735,355.7291126520972,0.0007511351192429716,535.0349028180784,29.041433054838983,41.51990606932174,91.59573862667057,285.9380518595378,1072.640116373698,306.6199773152669
1931,1.6632266919370076,357.05974396290935,0.0008616867510208255,504.89813450435264,26.95423625858755,36.63913266166543,86.48531866506026,286.12404378255206,1077.490224202474,306.82198333740234
1932,1.4670619469560042,358.99875849045645,0.0009784562463440378,510.1823315036154,26.74457594512289,32.251895421366335,87.9072537284969,286.22204844156903,1081.960225423177,307.09297943115234
1933,1.3738421965604952,361.21453669636105,0.001107394967624439,508.1160120584264,26.61269602790784,33.93713756563494,87.73926442282286,286.37105051676434,1086.5403340657551,307.40198008219403
1934,1.4864816625730244,363.72932819283295,0.0012606301268080792,528.0331660089164,28.25939192143621,37.30163266035201,91.49703968423375,286.4670486450196,1091.7702941894531,307.7849833170573
1935,1.7896516313335056,367.0290123438681,0.0014563586206438744,529.4409406291938,28.836652455946016,40.09333853070194,91.90214074154562,286.58704884847003,1097.08012898763,308.2269795735677
1936,2.2118341715749157,370.7507281627537,0.0016851883171560321,550.0398548533171,30.75030733480719,43.12786142043625,95.83484543323485,286.7470448811849,1101.830301920573,309.01197306315106
1937,2.6650713101946515,374.7704869614297,0.0019225734610724813,550.6109419060176,31.4518479578782,46.39105112796913,95.84567433043011,286.9510447184245,1106.3199869791667,309.7639745076497
1938,3.0848451847280196,378.7424558161889,0.0021641472000166325,535.4268484555511,30.00000650910028,43.01883965710126,93.2370606174549,287.19104258219403,1110.6307983398438,310.2939758300781
1939,3.5319236302869395,382.755635542081,0.0024281879339903205,554.5379171230255,31.64022958212725,45.9488545379652,97.34535423251212,287.38704681396484,1116.909678141276,310.8509750366211
1940,3.8987231727838765,387.48419695833115,0.002738442845675165,550.4654056455058,32.71883330406874,50.23977106039386,96.49612886832482,287.6190414428711,1120.1201782226562,311.35697682698566
1941,4.468960409890045,393.49476248696385,0.0031205466253962848,552.9500650768001,33.48198015439874,52.14654754131045,97.09407345232208,287.86404673258465,1123.2405090332031,311.8109741210937
1942,5.5260309757759964,400.4651216085688,0.0035840166003112575,560.1841861089208,33.980486342872055,53.32090163909221,98.65719695401302,288.13805389404297,1128.1901550292969,312.17197672526044
1943,6.941954958495258,408.6874555185933,0.0041308855837529,561.0185502959332,34.96119084124996,54.13624125624317,99.4863464447604,288.7810287475586,1132.66015625,312.3899790445964
1944,7.141584314478596,416.71575469446725,0.0047110656446727826,569.4275578497453,36.03881655583992,53.073505040535714,102.00830515112276,289.0000508626302,1136.2700602213542,312.41297149658203
1945,5.294745783898361,423.5040802408238,0.005398898061292975,562.3881403027648,35.50969960167764,46.7569020311827,102.38686289278726,289.22704060872394,1139.32036336263,312.38497670491535
1946,4.216100289926143,430.01689480063203,0.006223498111994036,555.2899629515077,35.50602086858594,46.202503687994174,102.65818348678006,289.42704518636066,1143.6604919433594,312.38997141520184
1947,4.78460261448562,437.0341604834248,0.007099167629877285,563.4037753734774,37.73867603450445,51.876230112361256,104.1573676076626,289.5110448201497,1149.6402994791667,312.48597208658856
1948,5.382329756580519,444.92858716840834,0.008024635413048542,586.5360800457117,40.05786821748217,54.2400156975523,108.09641738801687,289.5560531616211,1155.6301676432292,312.5209681193034
1949,5.558610769821168,452.99933689861325,0.008976219831812005,588.4410386834926,38.96806771197776,52.31608637500197,109.1544257771438,289.5980504353841,1160.3499450683594,312.63197072347003
1950,5.796669813279552,460.65693892581936,0.00996300196692961,619.9439709148871,43.133465347661485,58.20628819753501,113.85984719531824,289.7390416463216,1163.8205668131511,312.8209762573242
1951,6.497206616196154,467.9689156248136,0.010973284812727899,593.1994505844021,43.19932780037668,60.663231512792365,109.0909544187218,289.8600540161133,1168.8101196289062,313.01397196451825
1952,7.216033537658696,474.9169934578271,0.01203835021842695,606.9563399935745,44.29775813127395,61.4498930861673,112.61821090484104,290.0250523885091,1174.3108825683594,313.3419774373372
1953,7.773539774596465,482.4566040963268,0.013242620353777148,623.9750547982311,46.15027419486882,62.68709013819596,116.77653779023557,290.33404032389325,1183.3606567382812,313.72996775309247
1954,8.305627149037726,491.1188339072843,0.01461510856170402,628.9096635314064,47.14223946545323,63.10483375289556,118.7896928573186,290.5480499267578,1194.4306030273438,314.09496815999347
1955,8.732748213555535,500.2789584528489,0.016179904016568603,641.3267253315221,50.45064783117852,69.00315621483612,122.54258151361353,290.8440450032552,1206.65092976888,314.4149703979492
1956,9.098241888717677,510.78155839319345,0.01796840953681732,673.8062290292883,53.89237305648906,74.12190737350447,129.82302004314178,291.18704477945965,1221.1007995605469,314.6979675292969
1957,9.324989909198148,521.8436064272212,0.01993143753459189,695.9496130566932,56.5021551728775,77.62640658359288,135.59152056062854,291.51204172770184,1235.8001810709636,314.9919611612956
1958,9.574622365144073,533.2910922733098,0.021999999082969925,661.285485841322,55.97930462125906,78.56142199356961,129.20858361180427,291.7720464070638,1247.4204813639324,315.344965616862
1959,10.09971719150434,545.6799629139846,0.02425538707100089,665.4367222123257,57.53015334391428,82.51022591859517,131.21049744121555,291.9870427449544,1257.3200785319011,315.8069661458333
1960,10.901594210298827,559.2924572997395,0.026848796512598527,668.5656629833454,59.57552345381066,85.80760420569459,133.33681491027784,292.2830454508464,1264.119873046875,316.62496693929035
1961,11.800112930955947,574.3237854841514,0.02984568141434622,701.0053452576341,61.54958481798603,96.59080751826748,143.56526348207862,292.602045694987,1269.4615275065105,317.29896291097003
1962,12.782336868990113,589.9960802582965,0.03330582507989371,678.8492233714484,63.50039853408268,98.59311393203902,140.1058920148071,292.9450378417969,1282.5712890625,318.0439631144206
1963,13.714789059017656,607.782634309239,0.03732560820653486,741.3196016175318,67.40220069384505,101.67847108515984,156.13095399196706,293.3270492553711,1300.79057820638,318.64996337890625
1964,14.509756351319037,626.1015228260378,0.0419176027551519,689.1114600087734,69.79921330180835,105.49869079223198,146.45477556142896,293.68504842122394,1317.3704528808594,319.3329620361328
1965,15.395566158269618,646.9912875016819,0.04707829472527227,709.3122962703268,72.53323808388623,107.9591805044858,153.40539119426893,294.0450388590495,1331.060282389323,319.81596120198566
1966,16.478926167550433,670.2440154897861,0.05283791361487175,710.941466458106,75.04521589509099,110.36645496630516,156.4949809106804,294.4530436197917,1342.2405090332031,320.8799565633138
1967,18.06123501541722,696.3901862200338,0.05929226718718666,746.2098208746951,79.47428379478379,109.35519326684204,164.77531621039864,294.86004638671875,1354.2715555826824,321.4799575805664
1968,19.727390107647985,725.0820858086796,0.06651796546140706,740.4824182303034,83.46364336032607,113.55959768195832,165.09570877308497,295.2690455118816,1371.6504618326824,322.3889567057292
1969,21.229603712489684,756.8518636014909,0.0745404902696381,747.0297315350706,85.61259582540912,116.75347887979434,169.68157132242786,295.68104298909503,1389.3417561848958,323.25095621744794
1970,23.090875461400863,788.8998852690806,0.0832810260973534,781.037552297546,91.39020745252596,122.86787802343206,179.6859546683907,296.09803771972656,1411.1005147298176,324.78295644124347
1971,25.289990428101504,824.6305718209587,0.09277261062474795,796.2029425301106,93.99546396102052,123.2413270963095,183.53555789915328,296.5220438639323,1431.1209615071614,325.3999557495117
1972,27.56562672856689,865.1952307465156,0.10324040063811214,868.4735707547015,99.31304653589834,126.7324978756456,196.66552470793948,296.95503997802734,1449.290018717448,327.3489532470703
1973,30.06858708520184,910.7089412773469,0.11486046764825099,826.0293132269293,102.61034748182163,132.4288265395,186.52593193281965,297.399040222168,1462.8606770833333,329.90895080566406
1974,33.0693818151466,960.2106618270808,0.12717650331167785,824.6214022160059,102.07597772266304,130.53960340695352,183.6005250821906,297.85504150390625,1476.1409098307292,330.7559534708659
1975,35.03863265268844,1008.4220534046465,0.13945053230765836,816.9194858581777,101.05436634134072,128.16559132593756,177.51306730736252,298.3260447184245,1491.740966796875,330.8269551595052
1976,36.92881728778884,1058.3777064707988,0.15155273378825873,856.063491529847,106.04776773719762,134.0976168733828,186.247427298102,298.81404368082684,1509.1109517415364,331.5449498494466
1977,40.51529593041882,1112.6062088227802,0.163472171609345,868.4313096928761,108.58561919463652,135.3432377512975,189.2255322560173,299.3190358479817,1527.6809488932292,333.3529459635417
1978,46.879880224703705,1167.1139597774818,0.17481430983374552,897.405148357044,112.559632775152,135.83417396469358,192.93479554653743,299.8450393676758,1546.8908996582031,335.00994873046875
1979,52.90907031366791,1216.383238320471,0.18537851538584801,900.4664227016348,115.0059618980382,138.02440074525126,196.0169028731842,300.3930384318034,1566.1608581542969,336.60494740804035
1980,56.024639795141695,1261.4574211537781,0.19592469312458574,890.5114951943987,114.18617964344467,137.3534112392945,194.39124204024887,300.9650395711263,1584.9407348632812,338.70494588216144
1981,57.88153539694616,1303.8423149619532,0.20661087599012823,875.7816094417443,112.05454255022292,133.16990108345564,189.168613859002,301.5620346069336,1602.6506245930989,340.05894978841144
1982,58.13144571608959,1345.0315291216618,0.2172299971915611,967.4292982868149,112.18814146211471,130.86045303509695,206.8844647776702,302.1870422363281,1618.7305399576824,340.6439412434896
1983,59.027988588202135,1384.7969203579075,0.22760702665383922,862.0214943304857,109.32740265686684,128.90373447756497,183.83582233478344,302.842041015625,1632.620147705078,342.26594797770184
1984,62.724787808055716,1428.177096187883,0.23886776840543422,889.7020107049092,112.74249172600256,130.4163406761621,189.3335257314472,303.52803802490234,1643.5008544921875,344.00794728597003
1985,66.76053519278715,1474.0167663425236,0.2510887483045112,906.9368199480392,114.50513698657949,130.744205181854,190.4568856663394,304.2470397949219,1655.9104715983074,345.4589538574219
1986,69.30618674785953,1522.0921373541923,0.26398170013346506,914.5218093193048,115.76976299657072,130.75455769844152,195.66522346659664,305.00203704833984,1668.7911478678386,346.902946472168
1987,73.38809032196068,1577.5919378700553,0.2789504913950248,952.061149189977,119.6837540856174,133.23433411785436,203.585170051448,305.79303487141925,1683.7497863769531,348.77494557698566
1988,78.30192638340122,1634.8849614601877,0.2938568854250046,950.4151874289804,124.14956034787264,134.3653494746133,203.53222760721053,306.62404378255206,1693.940928141276,351.2759323120117
1989,81.97759655801127,1686.1383821878917,0.3060004621589292,930.8467754620428,125.2678309615888,134.41616789400453,200.31650520357337,307.8310241699219,1705.6304423014324,352.89392344156903
1990,86.43828009297768,1731.8299216857667,0.3156131051133367,940.5626313485474,125.6585787017536,133.9791277858574,203.0212309920509,308.6830368041992,1717.4006754557292,354.07293192545575
1991,90.76810567451828,1763.256834223561,0.32357769545700554,1129.9838832525568,130.37284760058986,132.7375511716136,244.42863411026067,309.2330373128255,1729.330556233724,355.35293833414715
1992,95.25348824400476,1770.3468143353232,0.32897691325701645,913.3754185979066,127.16935207081686,128.2477767678287,198.23847301394608,309.7250391642253,1740.1392618815105,356.22894795735675
1993,102.1051158008091,1766.1872845646162,0.3322378182331923,941.8816353260038,130.5411331632924,126.19423016578818,203.77578316226604,310.0990524291992,1743.1006876627605,356.9249598185221
1994,115.58981185236654,1755.6421384336045,0.3350433653240154,1060.282744333416,132.2742148031943,123.44841524770855,231.0503542937696,310.8080291748047,1748.6203715006511,358.2539596557617
1995,133.04730573748157,1736.415260676618,0.3380713195550624,955.0363061603086,132.86227726455786,121.082118475163,206.47424846775004,311.27905527750653,1755.2296244303386,360.2389551798503
1996,150.14517149703778,1719.3524978194944,0.34027095694233855,930.0218807197676,132.86156898475696,119.11420647057,200.87242078907184,312.2980194091797,1757.1905924479167,362.0049616495768
1997,168.64581548615578,1711.7871659604207,0.34155558986644446,1204.992305406782,137.60108692085606,119.55004809486935,264.67515030448345,313.1830317179362,1761.5010782877605,363.25195566813153
1998,185.09448617568043,1693.8248002492928,0.3427992582658602,1085.4305991966446,139.05131879594606,117.02616704771498,232.31801820181303,313.9070053100586,1770.2906799316406,365.9329554239909
1999,205.91365433352522,1671.8767175858952,0.34381675746677776,940.7006779859272,134.49403000396697,110.87411893093665,205.11187816433736,314.708989461263,1778.1995137532551,367.84497833251953
2000,234.37437394510386,1647.7268803157963,0.3447234846975483,886.5647302341199,135.53333671603502,111.14860426813186,195.3241581852736,315.75899505615234,1778.0101216634114,369.1249745686849
2001,248.68704043063298,1628.2403765523643,0.3453679329072778,881.6703955806449,135.9063122061387,111.9237248560712,196.1877828105409,316.4930165608724,1776.530731201172,370.6729888916016
2002,255.34881073931024,1615.3893139040542,0.34563455409221944,970.72441719435,137.61957033828926,111.20156334370368,218.4604141242816,317.10101826985675,1778.960947672526,372.83499399820965
2003,275.7549483686752,1599.353726728329,0.34565436024198837,944.7470786126372,140.19264588940948,115.10387816360677,214.40339143057145,317.7300059000651,1783.589813232422,375.41099802653
2004,309.16178838419023,1585.635083551926,0.3457598853437025,945.5469500687324,146.35020127536953,120.49372604696684,216.68728340618875,318.35701751708984,1784.2302856445312,376.9870020548503
2005,328.6135891675029,1572.9355955435985,0.3459621615183904,950.5924444363928,149.84999473507474,124.9806757834322,218.7880647839753,319.13000233968097,1783.3604329427085,378.9070078531901
2006,336.1940209824151,1561.903012624568,0.34614198049803135,986.1510088892476,153.1895927730249,125.89628423514212,229.8954395164696,319.93299865722656,1783.4212239583333,381.0100072224935
2007,353.9134235127122,1551.7370574283814,0.3463969592178052,945.8695944358408,158.0892750492312,125.08757397121607,219.70587066030023,320.6460138956706,1788.9513142903645,382.6030197143554
2008,357.0181328683714,1536.703461154784,0.3465893977252893,912.5104843071592,157.7746659619008,122.36065090038171,214.69549502704012,321.5749918619792,1798.4196472167969,384.739018758138
2009,377.9045058876234,1521.360569242898,0.3466802144778828,917.7292309352042,152.67707470576568,117.25939145993684,218.758114337086,322.2750066121419,1802.1011861165364,386.28002166748047
2010,423.35882999103825,1508.3227153032874,0.3466505468333811,953.2286302920016,155.4203535230228,116.3174480659564,224.60211210242653,323.14099375406903,1807.8506673177085,388.7170308430989
2011,435.66631665184997,1497.2438452058095,0.34633932504114356,906.7673675143252,159.27619314722682,117.48575892006976,218.62875398112044,324.1589838663737,1813.0701904296875,390.9440205891927
2012,484.9748417477263,1487.925528733148,0.346194155224972,949.6022183538888,158.23998796825617,115.66957640847058,229.10693623998705,325.00499216715497,1815.26123046875,393.0159912109375
2013,506.22333751570994,1475.1798486549696,0.34591168130162453,901.2387566412424,156.0375564856313,114.64817742063164,219.3811792508812,325.9189910888672,1822.580841064453,395.724978129069
2014,494.56202107282417,1462.3546957866488,0.3453380073683515,964.047618150183,155.64022547015048,114.0086622048385,233.52551800560903,326.9879913330078,1831.4709981282551,397.5469792683919
2015,539.3818238924625,1454.53750302797,0.3441476233575127,,,,,,,
