timebounds,0.05,0.17,0.5,0.83,0.95
1750.0,0.0,0.0,0.0,0.0,0.0
1751.0,8.570492533834377e+20,2.955641843220872e+21,4.901440995144238e+21,6.615049875112725e+21,8.069258312524619e+21
1752.0,2.458042727037051e+21,5.518303252265877e+21,8.972669050666516e+21,1.24044899284474e+22,1.4853597359725833e+22
1753.0,3.015147941115298e+21,7.757512133436102e+21,1.2726854079563143e+22,1.7104626170468736e+22,2.05667077879865e+22
1754.0,3.3857359255762717e+21,9.347918379596018e+21,1.5443304063133261e+22,2.12663102675475e+22,2.592126168990871e+22
1755.0,-6.438765859173726e+20,5.760739004334847e+21,1.2467387741509396e+22,1.9154101127571306e+22,2.418733273684875e+22
1756.0,-3.243737621170377e+21,3.748784199276548e+21,1.1304072615925826e+22,1.8800130880315763e+22,2.486732043015038e+22
1757.0,-3.480404614547113e+21,4.316732032671325e+21,1.2613477236896873e+22,2.095388628552925e+22,2.7905552051627966e+22
1758.0,-2.8679796277225886e+21,4.932568508869093e+21,1.4620948540081895e+22,2.4239984594942014e+22,3.208194949766536e+22
1759.0,-1.3785512900283107e+21,6.854450337617732e+21,1.7856389635021394e+22,2.778258149574725e+22,3.7254549105225343e+22
1760.0,-1.5068166737083993e+20,9.690819385549442e+21,2.1875577745107434e+22,3.268047560379496e+22,4.180979158239466e+22
1761.0,2.133173915988452e+21,1.269030080421848e+22,2.555498308279392e+22,3.732175626559393e+22,4.7139194285718025e+22
1762.0,3.505468086650754e+21,1.5423744014557053e+22,2.9193944223387285e+22,4.222555847523405e+22,5.236293178044469e+22
1763.0,-1.0451204061829708e+22,2.4035232522276926e+21,1.6311372808524566e+22,2.919306895704963e+22,4.084931801330604e+22
1764.0,-1.8407870044979845e+22,-5.423623391808476e+21,9.083735354363973e+21,2.204556016036274e+22,3.4135687345734114e+22
1765.0,-1.950973323576368e+22,-6.53858592363344e+21,9.036480580146239e+21,2.3129448540487247e+22,3.542194362296721e+22
1766.0,-2.0058582308036775e+22,-5.491404293407744e+21,1.0999991152257853e+22,2.6661562554663964e+22,3.8992007239444885e+22
1767.0,-1.8272290493449594e+22,-4.047011377607384e+21,1.4026636229827155e+22,3.0008701096703245e+22,4.299875592977779e+22
1768.0,-2.5243188429633064e+22,-9.851442088123619e+21,9.173343061522112e+21,2.602851705286898e+22,4.001977899348613e+22
1769.0,-2.8523598676018806e+22,-1.2070623563391655e+22,7.435877413080523e+21,2.4806049163712618e+22,4.0453167813620494e+22
1770.0,-2.68022378223506e+22,-9.3162084484535e+21,1.093864017098525e+22,2.8137958844444264e+22,4.429677788864077e+22
1771.0,-2.2910921001289625e+22,-6.23691881332948e+21,1.4930779836704316e+22,3.2891943144292635e+22,4.9936149426203685e+22
1772.0,-2.0443796383216033e+22,-2.099772365897832e+21,1.944675158626613e+22,3.801302687008286e+22,5.5480101057760806e+22
1773.0,-1.8401300661131977e+22,1.4067070981457948e+21,2.3222120289163423e+22,4.245468737661533e+22,6.046510143209354e+22
1774.0,-1.5657305328310181e+22,4.2367960444493423e+21,2.657661562991636e+22,4.6842385365792715e+22,6.609544229622395e+22
1775.0,-1.4457530019064343e+22,6.14207442514996e+21,2.8979404190737603e+22,4.9769610997673256e+22,7.003316214815394e+22
1776.0,-1.3848126054073952e+22,7.643081131869419e+21,3.117780563494393e+22,5.266048561237208e+22,7.227863600529084e+22
1777.0,-1.1450637673779872e+22,9.231858159671508e+21,3.3133018910317676e+22,5.537270116107999e+22,7.442966127616645e+22
1778.0,-1.1322403825029896e+22,1.056924729064538e+22,3.514398820544351e+22,5.805675198154996e+22,7.856324794359128e+22
1779.0,-1.1315850439845506e+22,1.3136811691450187e+22,3.812022874733946e+22,6.095404200163591e+22,8.064626466361939e+22
1780.0,-9.3781221235316e+21,1.6008334471347653e+22,4.183258368630263e+22,6.58006345034698e+22,8.415471809311265e+22
1781.0,-7.311520397082269e+21,1.9487953212404557e+22,4.539002405548647e+22,7.0883404539274946e+22,8.999152223702947e+22
1782.0,-2.5385003537187545e+21,2.2895564419769372e+22,4.929057852781695e+22,7.503300075325843e+22,9.61960736964007e+22
1783.0,-1.4991086960702818e+21,2.662644467341566e+22,5.266098729287409e+22,7.868808839710922e+22,9.95227119445813e+22
1784.0,-3.249544090233389e+22,-4.742487555517646e+21,2.3872008882955447e+22,4.80028761914898e+22,7.154323664191185e+22
1785.0,-5.1547771583350245e+22,-2.3503695168772556e+22,6.682686753616122e+21,3.0153150555360644e+22,5.513614653404748e+22
1786.0,-5.426880502091003e+22,-2.556593376879988e+22,3.5010500938293235e+21,2.7253010447099176e+22,5.252777356884948e+22
1787.0,-5.336593013230231e+22,-2.417187839327082e+22,5.337859244564694e+21,3.019074791113928e+22,5.610933486480173e+22
1788.0,-4.984418440330267e+22,-2.09943104896437e+22,8.804884804691078e+21,3.4190059231139252e+22,5.95757887352056e+22
1789.0,-4.692978853693675e+22,-1.8857634461945732e+22,1.2920189775781663e+22,3.906753129207387e+22,6.6655419775673484e+22
1790.0,-4.269006658178952e+22,-1.2519828057431663e+22,1.7587755499371184e+22,4.474082389628807e+22,7.4528741537801484e+22
1791.0,-3.799428580673034e+22,-8.102606362616431e+21,2.240450544314428e+22,5.016915431738172e+22,7.848628766004215e+22
1792.0,-3.4038734429372973e+22,-3.935249456087732e+21,2.7690517758729905e+22,5.564935716744847e+22,8.348945559974095e+22
1793.0,-2.961857759147586e+22,3.016701391828244e+19,3.16430745124129e+22,6.01089823451683e+22,8.889694430471974e+22
1794.0,-2.887991369189186e+22,2.6611993809969076e+21,3.530030579919775e+22,6.43530622267216e+22,9.44410721919095e+22
1795.0,-2.658450710432483e+22,4.4307427687442353e+21,3.810051545141741e+22,6.7701277329905984e+22,9.60490262513234e+22
1796.0,-2.947304869144369e+22,2.95012513890881e+21,3.808179873033557e+22,6.8306395765478066e+22,9.675186497482652e+22
1797.0,-2.9403651410602756e+22,3.071079683426705e+21,3.864695421294124e+22,7.007471938857233e+22,9.6353440117848e+22
1798.0,-2.805324654712473e+22,4.723794052015878e+21,4.0790547587005415e+22,7.163398760499803e+22,9.912454688889275e+22
1799.0,-2.7705749530812973e+22,5.12801770724712e+21,4.208098562537066e+22,7.4588940205903135e+22,1.0449633453321879e+23
1800.0,-2.6047236412711232e+22,7.064427133630616e+21,4.408763851197561e+22,7.766072151571129e+22,1.0807244303189429e+23
1801.0,-2.4434777171907387e+22,9.035782694271045e+21,4.605212347786827e+22,8.098025135454548e+22,1.1075363419772431e+23
1802.0,-2.23067515258481e+22,1.077815218453419e+22,4.869593045151813e+22,8.464180745666888e+22,1.1484800548774819e+23
1803.0,-2.103330152746979e+22,1.340482739242311e+22,5.150549170281162e+22,8.781598591984968e+22,1.1826994476927545e+23
1804.0,-1.7841660666143037e+22,1.7184968437194054e+22,5.522962809014243e+22,9.201632613461123e+22,1.2199679583066355e+23
1805.0,-1.5294145850243312e+22,2.0231907999823235e+22,5.864171191879065e+22,9.608554176071141e+22,1.2586617670488995e+23
1806.0,-1.3284954183961219e+22,2.3988304940638623e+22,6.236702866814041e+22,1.0101849218493942e+23,1.2806710393541841e+23
1807.0,-1.0657218885745612e+22,2.675766878040416e+22,6.505443699047692e+22,1.0492839554637813e+23,1.326916617480737e+23
1808.0,-9.363501303694625e+21,2.8781399583115874e+22,6.7998074544257004e+22,1.0771985956699132e+23,1.3611648780975455e+23
1809.0,-7.489638391515267e+21,2.979330351345951e+22,6.950150061450879e+22,1.089939231972111e+23,1.4102889843012892e+23
1810.0,-5.54097179636929e+22,-1.6547888881293582e+22,2.099499114522881e+22,6.178528838300171e+22,9.041196161717482e+22
1811.0,-8.7652108234301e+22,-4.758342984196255e+22,-7.539981322347449e+21,3.310604737105505e+22,6.278226656181119e+22
1812.0,-9.164910596844792e+22,-5.419385146733649e+22,-1.2295403281738765e+22,2.8738000175830667e+22,5.871452316450835e+22
1813.0,-8.997562107076794e+22,-5.403923645689009e+22,-9.588062855157198e+21,3.218417242520279e+22,6.070142195124838e+22
1814.0,-8.436644280837745e+22,-5.044900408521864e+22,-5.368736256570639e+21,3.6954101207511413e+22,6.825179424895237e+22
1815.0,-8.150901926141469e+22,-4.43765336485988e+22,-8.682176376366912e+20,4.075745708727662e+22,7.411806744265371e+22
1816.0,-1.8218581560448083e+23,-1.376174225187599e+23,-9.341132011051137e+22,-4.459300305216432e+22,-1.0180135814946372e+22
1817.0,-2.4904981747276438e+23,-2.0066105577052668e+23,-1.523899644999987e+23,-9.83286340420314e+22,-6.495010739825453e+22
1818.0,-2.6408134477840792e+23,-2.1211014389842424e+23,-1.6285180721954993e+23,-1.0807548003373786e+23,-7.326193125123117e+22
1819.0,-2.5936982777284836e+23,-2.0837225950241635e+23,-1.5916991676594882e+23,-1.0474719118971178e+23,-7.142192150173522e+22
1820.0,-2.5176236921573365e+23,-2.0217954974327998e+23,-1.518409884562416e+23,-9.754231327957732e+22,-6.257667034748828e+22
1821.0,-2.4247668557259527e+23,-1.947345384416642e+23,-1.451789795805705e+23,-8.969505401529629e+22,-5.54721493973892e+22
1822.0,-2.3522780036396444e+23,-1.888534867021667e+23,-1.394915443025141e+23,-8.231679052364217e+22,-4.74626187971683e+22
1823.0,-2.3376170480242562e+23,-1.8682586515375993e+23,-1.3728029824793999e+23,-8.169396923480592e+22,-4.289223182369534e+22
1824.0,-2.2934954415877766e+23,-1.840103624055494e+23,-1.3421514171261673e+23,-7.928627775569638e+22,-4.044287914512271e+22
1825.0,-2.2436972632889658e+23,-1.7873418132121922e+23,-1.2901231466061542e+23,-7.444513609738288e+22,-3.7004124380029807e+22
1826.0,-2.2015031874715307e+23,-1.7414295610607107e+23,-1.2435974805946477e+23,-6.90051277289913e+22,-3.235478806421936e+22
1827.0,-2.1385862260844076e+23,-1.6961839644376894e+23,-1.180258571977156e+23,-6.4064353628153325e+22,-2.6640592793589625e+22
1828.0,-2.066407370918635e+23,-1.6394541504531067e+23,-1.123059087233943e+23,-5.8342042495112045e+22,-1.9948055020812924e+22
1829.0,-2.0040722784772365e+23,-1.6020398840149005e+23,-1.078311661275003e+23,-5.252172109883592e+22,-1.5929256508663307e+22
1830.0,-1.9691091508536077e+23,-1.5473865337990454e+23,-1.031768625195994e+23,-4.790038777212888e+22,-9.563069602553074e+21
1831.0,-1.913927277408405e+23,-1.5030812001446716e+23,-9.874808048582842e+22,-4.31309274721179e+22,-5.086628922066034e+21
1832.0,-2.479142534078713e+23,-2.0216544631519256e+23,-1.4546340589572844e+23,-8.746129614029736e+22,-4.928686002440143e+22
1833.0,-2.8433463563365595e+23,-2.3485844267749327e+23,-1.7393137858161028e+23,-1.1366317883116706e+23,-7.42575117993772e+22
1834.0,-2.899753434323365e+23,-2.399141073545872e+23,-1.789493642642246e+23,-1.1595217846157276e+23,-7.74051751651279e+22
1835.0,-2.856547305409096e+23,-2.3870373578302005e+23,-1.7596387572324614e+23,-1.1364519873754972e+23,-7.296126836400075e+22
1836.0,-3.0046830157578792e+23,-2.4969957900362773e+23,-1.8742047378593312e+23,-1.2255202358711937e+23,-8.09616153763167e+22
1837.0,-3.068257021886972e+23,-2.5459764611558418e+23,-1.8953039553075308e+23,-1.2504209196325528e+23,-8.406273619287874e+22
1838.0,-3.030760517671498e+23,-2.504381192045051e+23,-1.8638792017485044e+23,-1.217251583460736e+23,-7.975634175728588e+22
1839.0,-2.9723685476431782e+23,-2.45393439414848e+23,-1.7910897420380785e+23,-1.1477858530539287e+23,-7.236606058215954e+22
1840.0,-2.891043882870915e+23,-2.383473398242315e+23,-1.7339142959688794e+23,-1.0791248466601975e+23,-6.697527694443795e+22
1841.0,-2.830251710346745e+23,-2.3276344991245087e+23,-1.6795089965457777e+23,-1.0393699767543535e+23,-6.062685709415919e+22
1842.0,-2.7738501702635708e+23,-2.2808486054441193e+23,-1.624725069864621e+23,-9.76011449888634e+22,-5.437575314739883e+22
1843.0,-2.713975938257811e+23,-2.242358939653435e+23,-1.5874429726270537e+23,-9.390099623500872e+22,-5.0716153036877385e+22
1844.0,-2.6826612652773926e+23,-2.1920494178906206e+23,-1.5502378195727952e+23,-8.97693241390991e+22,-4.7851000554662566e+22
1845.0,-2.7082943200684254e+23,-2.2002425756726425e+23,-1.5564510609466994e+23,-9.024282896886215e+22,-4.5920466204910175e+22
1846.0,-2.685415011348911e+23,-2.1951609242189702e+23,-1.5470507802522634e+23,-8.808150422701079e+22,-4.450335512980568e+22
1847.0,-2.6635652803816285e+23,-2.1605133620990155e+23,-1.5104618620703231e+23,-8.55523791966161e+22,-4.103459382719469e+22
1848.0,-2.6341917486651452e+23,-2.142340365003504e+23,-1.4749434179032117e+23,-8.166938888491186e+22,-3.874370046002274e+22
1849.0,-2.6044211010655004e+23,-2.1046541359321487e+23,-1.4313419172768697e+23,-7.793493057969737e+22,-3.301961921477647e+22
1850.0,-2.575183239765095e+23,-2.0811759233683634e+23,-1.3995622540654042e+23,-7.529303648954256e+22,-2.8978633973015385e+22
1851.0,-2.5512747419009392e+23,-2.029212581976e+23,-1.3527909829824504e+23,-7.17447184553522e+22,-2.481541643082644e+22
1852.0,-2.4955274101799484e+23,-1.986374493582624e+23,-1.3206421043475324e+23,-6.7756736872530745e+22,-1.995893692827876e+22
1853.0,-2.4422401761867522e+23,-1.950417137985741e+23,-1.2796325309014031e+23,-6.515291497539628e+22,-1.3825060554635852e+22
1854.0,-2.4229685165296907e+23,-1.931293489913089e+23,-1.2423255316499714e+23,-6.100871934767725e+22,-8.214878746760109e+21
1855.0,-2.391153890921266e+23,-1.909930835402286e+23,-1.2007420318768859e+23,-5.7759655899099335e+22,-6.284182715568648e+21
1856.0,-2.4496975244905398e+23,-1.949637205795365e+23,-1.2359393292550804e+23,-5.98640246473452e+22,-1.1107924124106005e+22
1857.0,-2.4560295763550392e+23,-1.9539401197109884e+23,-1.2385750178007026e+23,-5.827889248182736e+22,-9.022061047157655e+21
1858.0,-2.4304719337336736e+23,-1.9402822645218816e+23,-1.218003448095296e+23,-5.549271065477581e+22,-6.935779570823628e+21
1859.0,-2.400232040483951e+23,-1.9161724374468962e+23,-1.188860475977591e+23,-5.214883462338036e+22,-4.7061377799458904e+21
1860.0,-2.3840704907823725e+23,-1.868323036271703e+23,-1.1536672628299236e+23,-4.7461864598413316e+22,-2.376264868543048e+21
1861.0,-2.3411956600897687e+23,-1.833143993416245e+23,-1.115822698482269e+23,-4.4376346845559805e+22,2.7608432560493775e+21
1862.0,-2.3548700564975983e+23,-1.808633389544063e+23,-1.0951318153665556e+23,-4.381087910640194e+22,5.134971008941898e+21
1863.0,-2.3458180213495193e+23,-1.792648254423641e+23,-1.0816461069383094e+23,-4.1816796782342695e+22,6.997553936641584e+21
1864.0,-2.451926417392739e+23,-1.9015279922412496e+23,-1.1710868893366449e+23,-5.0361588604183675e+22,-1.1977127162547476e+21
1865.0,-2.5149473444814412e+23,-1.9424626522598117e+23,-1.2114443089111593e+23,-5.23873325763107e+22,-6.539129331796481e+21
1866.0,-2.5190659831566056e+23,-1.9208892331553987e+23,-1.19050793206841e+23,-5.096093897204681e+22,-3.942909581097327e+21
1867.0,-2.4612808165006805e+23,-1.8983165228698798e+23,-1.153222352236272e+23,-4.873959343884295e+22,-1.9848265597367127e+20
1868.0,-2.4346098280514046e+23,-1.8588541987570774e+23,-1.1179911197232474e+23,-4.420914146580981e+22,3.7338631517780627e+21
1869.0,-2.411243800101836e+23,-1.828738418436191e+23,-1.081472771561412e+23,-3.966421743167718e+22,8.119728782630466e+21
1870.0,-2.3862143258138467e+23,-1.7678268994181443e+23,-1.032754284395587e+23,-3.556283331053011e+22,1.2912701963228108e+22
1871.0,-2.348640936125573e+23,-1.7250768134683578e+23,-9.95595580464867e+22,-3.248824553373668e+22,1.78800708998518e+22
1872.0,-2.301061907699618e+23,-1.6982899984810022e+23,-9.482191968507458e+22,-2.8997657873078823e+22,2.1571721685319155e+22
1873.0,-2.2736623529360093e+23,-1.655529086056718e+23,-9.092805691494423e+22,-2.4660270551057568e+22,2.534828448917503e+22
1874.0,-2.2854181837804575e+23,-1.64823621038946e+23,-8.937608826529893e+22,-2.2166494914600386e+22,2.8625672777159565e+22
1875.0,-2.2691427942273755e+23,-1.6282297033976227e+23,-8.6034866491114e+22,-1.7738147473745548e+22,3.247336113308433e+22
1876.0,-2.2430518037978917e+23,-1.5983758225779755e+23,-8.242760920877356e+22,-1.5409616394873855e+22,3.7636057949433336e+22
1877.0,-2.2125169722654087e+23,-1.568133007747796e+23,-7.997269984063992e+22,-1.1682756335297605e+22,4.0351926522306005e+22
1878.0,-2.202844414261849e+23,-1.5456094332618495e+23,-7.782694920438431e+22,-8.732878275389094e+21,4.188841892967073e+22
1879.0,-2.17729688077214e+23,-1.517538491552014e+23,-7.4888614071200454e+22,-5.745967792941687e+21,4.467698566645923e+22
1880.0,-2.1599819619838923e+23,-1.5029407571563938e+23,-7.199622249169042e+22,-1.8336914049581693e+21,5.050995319668203e+22
1881.0,-2.1388518668216402e+23,-1.4804287136771872e+23,-7.121255684895592e+22,-5.948064456191613e+20,5.473907137611395e+22
1882.0,-2.1293456217296412e+23,-1.4445609229814367e+23,-6.7774227456602986e+22,2.400355378137639e+21,5.729146717703134e+22
1883.0,-2.1006455304411514e+23,-1.4186896520951648e+23,-6.485393916675534e+22,5.436125392265492e+21,6.268770907320883e+22
1884.0,-2.151828507653624e+23,-1.4540922822096684e+23,-6.9404577826615415e+22,3.854322790640564e+20,5.837277552056299e+22
1885.0,-2.435445865646343e+23,-1.7390341220582736e+23,-9.514536363783403e+22,-2.374060995373284e+22,3.3605961841563255e+22
1886.0,-2.5337465277367246e+23,-1.8265655876773888e+23,-1.0256584403187381e+23,-3.015278452014832e+22,2.4397791086425846e+22
1887.0,-2.5384982298094952e+23,-1.8277595360908024e+23,-1.0270988413616187e+23,-2.8475836170162082e+22,2.6366215163673894e+22
1888.0,-2.5457856653883003e+23,-1.8088980417750224e+23,-1.0072683639333042e+23,-2.7148075965221937e+22,2.9011153981029686e+22
1889.0,-2.5304501772453934e+23,-1.7679745484828107e+23,-9.736806403890932e+22,-2.359165191516415e+22,3.4064232146759643e+22
1890.0,-2.4847310872124737e+23,-1.7263466373292293e+23,-9.411253703062708e+22,-1.8463541579633192e+22,3.824295638434274e+22
1891.0,-2.4645245561340768e+23,-1.729288488858564e+23,-9.2424083246576e+22,-1.5386112332200162e+22,3.988745548373586e+22
1892.0,-2.490257678320921e+23,-1.7497933032122033e+23,-9.295013405509686e+22,-1.3276273585812738e+22,3.9822593990926545e+22
1893.0,-2.4656112473696552e+23,-1.732553076272839e+23,-9.18666894432483e+22,-1.238467580926123e+22,4.067868176710928e+22
1894.0,-2.4405594545603842e+23,-1.68323089914959e+23,-8.79072905972965e+22,-6.867364488683194e+21,4.301393805112082e+22
1895.0,-2.398109827377578e+23,-1.6281488739048794e+23,-8.44392240737848e+22,-1.5709142868933707e+21,5.055291284030105e+22
1896.0,-2.3734092576749542e+23,-1.5888013005018513e+23,-7.997526807702487e+22,3.340716329266882e+21,5.698696610364863e+22
1897.0,-2.3191821694962367e+23,-1.560349069629336e+23,-7.596048924112027e+22,8.091665185621808e+21,6.2537994764296196e+22
1898.0,-2.288204424224502e+23,-1.5495245866682778e+23,-7.235813206414384e+22,1.177148882928182e+22,6.591993389019194e+22
1899.0,-2.2626754405727328e+23,-1.5304703942077162e+23,-6.960522010492797e+22,1.4088954384149616e+22,6.9964693973830524e+22
1900.0,-2.2254631310370405e+23,-1.5127618498052105e+23,-6.576215100249568e+22,1.6746402801787492e+22,7.0701989310206505e+22
1901.0,-2.1960321046678103e+23,-1.4849877624015132e+23,-6.339308826018198e+22,2.016750867388752e+22,7.487231568294743e+22
1902.0,-2.1930168649014688e+23,-1.4719626392945538e+23,-6.082001927567143e+22,2.343608711057446e+22,7.898340755298312e+22
1903.0,-2.197582314533044e+23,-1.4685637523192249e+23,-6.2001444284038184e+22,2.491101187399218e+22,8.041470924703644e+22
1904.0,-2.3210023166339214e+23,-1.5784055352894732e+23,-7.33125852463964e+22,1.520001605436357e+22,7.226900485692328e+22
1905.0,-2.3512598083679917e+23,-1.617391036612385e+23,-7.5044779207942845e+22,1.318148240948474e+22,6.905186442766832e+22
1906.0,-2.3386151349992267e+23,-1.5896884412054367e+23,-7.242983972395064e+22,1.7155944527847305e+22,7.388858845810959e+22
1907.0,-2.2957556735707408e+23,-1.562603888784449e+23,-6.762221307473672e+22,2.1382213622479165e+22,7.927490395007357e+22
1908.0,-2.3012593880643583e+23,-1.558659195883448e+23,-6.647462618341361e+22,2.3800686391056184e+22,7.959648560229975e+22
1909.0,-2.2650791795998778e+23,-1.5271261339701382e+23,-6.296027202307757e+22,2.6306363119804984e+22,8.423134475547628e+22
1910.0,-2.2396764582418177e+23,-1.504156002572307e+23,-5.886858454063516e+22,2.998419627564994e+22,8.937396501758275e+22
1911.0,-2.244146733830904e+23,-1.463836359473086e+23,-5.496348906317201e+22,3.3066872365646373e+22,9.160666474930868e+22
1912.0,-2.20370264709812e+23,-1.4448512583298115e+23,-5.200098753558435e+22,3.792004000732232e+22,9.681907107997251e+22
1913.0,-2.255285213236005e+23,-1.5019694596910657e+23,-5.708706669550861e+22,3.3170388463745757e+22,9.137116100479252e+22
1914.0,-2.2742046075105377e+23,-1.5485857050883482e+23,-5.908326493768985e+22,2.9366599906074886e+22,8.975285772253832e+22
1915.0,-2.279541487506314e+23,-1.5502225690131563e+23,-5.827112905227623e+22,3.1635494544963726e+22,9.267772983976115e+22
1916.0,-2.2460386295789587e+23,-1.5238307709173102e+23,-5.312101848506185e+22,3.7563415790460368e+22,9.960080746815638e+22
1917.0,-2.2305153542766813e+23,-1.4656490546321275e+23,-4.697112595499226e+22,4.2839006135127135e+22,1.0459599028392492e+23
1918.0,-2.2049150661216893e+23,-1.413876123447086e+23,-4.2293023853947686e+22,4.752034382297718e+22,1.0834537087226375e+23
1919.0,-2.179599422567444e+23,-1.377486947866085e+23,-3.7286791298296276e+22,5.298268556201704e+22,1.131169092430545e+23
1920.0,-2.1454610427383944e+23,-1.3401764798098474e+23,-3.304435509795966e+22,5.822763544882682e+22,1.1640476676718422e+23
1921.0,-2.0947253232177134e+23,-1.2990618106276962e+23,-3.0045175637925004e+22,6.24569773066248e+22,1.2195504122592739e+23
1922.0,-2.0461485226951735e+23,-1.2629301912185728e+23,-2.550288699182364e+22,6.728284613486574e+22,1.2817911781976793e+23
1923.0,-2.0230347822671864e+23,-1.2339273258633938e+23,-2.352198908469502e+22,6.906787606418176e+22,1.3253142136062112e+23
1924.0,-2.0281803890376045e+23,-1.2370175012071797e+23,-2.1024003718916577e+22,7.141491804531229e+22,1.3757410084410916e+23
1925.0,-2.0161861103400955e+23,-1.1936580218020059e+23,-1.849868535540122e+22,7.673752158664256e+22,1.402384130207377e+23
1926.0,-1.960864040151484e+23,-1.1719283516849134e+23,-1.3758343702911075e+22,8.247093979866336e+22,1.4363001660127437e+23
1927.0,-1.933134824619888e+23,-1.1291648656769583e+23,-9.831775753474276e+21,8.666787351987074e+22,1.4877177345552161e+23
1928.0,-1.8944165294804905e+23,-1.0895099568390611e+23,-5.483152434693478e+21,9.240689937833137e+22,1.520344164347152e+23
1929.0,-1.860679542774733e+23,-1.0584829335470415e+23,-1.9460471292623944e+21,9.744454220536339e+22,1.5770822114317062e+23
1930.0,-1.8699951833893394e+23,-1.0554389735843914e+23,-1.2577437831987942e+21,9.920839797808931e+22,1.603850158848393e+23
1931.0,-1.8509783887429122e+23,-1.0042637219236255e+23,4.130606379309216e+21,1.0388972809264702e+23,1.6409650661889173e+23
1932.0,-1.8068661316817717e+23,-9.57323849837911e+22,8.397645437772234e+21,1.1055787944412148e+23,1.7081093884989897e+23
1933.0,-1.812703276987651e+23,-9.357825906866657e+22,9.423427523741697e+21,1.1302122918989212e+23,1.7324650882598368e+23
1934.0,-1.774854561204504e+23,-8.851431157837364e+22,1.3464371527069737e+22,1.171118823411932e+23,1.768931722793897e+23
1935.0,-1.7429494052213306e+23,-8.512113083358087e+22,1.773948872959975e+22,1.2280004348190875e+23,1.8290015607738578e+23
1936.0,-1.6995475939315703e+23,-8.273745025180722e+22,2.221034712482198e+22,1.2611369070394252e+23,1.8729279290788785e+23
1937.0,-1.6724606591703057e+23,-7.802794301278247e+22,2.772900773224709e+22,1.3062416503009197e+23,1.942987337184635e+23
1938.0,-1.6142641399257437e+23,-7.398220082129517e+22,3.220594164163262e+22,1.3534041968976799e+23,1.981574760141307e+23
1939.0,-1.5614309100429878e+23,-7.0508444917855945e+22,3.7943861493379275e+22,1.396478494818811e+23,2.033711001516101e+23
1940.0,-1.5185246447061532e+23,-6.6662917280627234e+22,4.154575219546577e+22,1.4499628389797068e+23,2.088757615539283e+23
1941.0,-1.5079602384562325e+23,-6.347690366947982e+22,4.539533817448093e+22,1.4893059794118993e+23,2.141217804077254e+23
1942.0,-1.4895620819008768e+23,-5.976845316353717e+22,4.943276312671862e+22,1.5419917532881352e+23,2.1689632625105708e+23
1943.0,-1.455415414034189e+23,-5.768851272874598e+22,5.339015386880911e+22,1.5908329397340354e+23,2.218061900849574e+23
1944.0,-1.4547020719120884e+23,-5.512551400051998e+22,5.729037204539323e+22,1.629163892820542e+23,2.259454647726726e+23
1945.0,-1.4463755306214649e+23,-5.184112588132522e+22,6.1790333152590735e+22,1.7002483719857143e+23,2.3183362380913265e+23
1946.0,-1.4101676666660148e+23,-4.697981493256436e+22,6.6488919065897835e+22,1.7545783019283473e+23,2.3743092244278806e+23
1947.0,-1.3696578545334119e+23,-4.196458571516672e+22,7.046103976305812e+22,1.798586234034507e+23,2.433509617500533e+23
1948.0,-1.3250463885422375e+23,-3.5873299728299383e+22,7.68812319538858e+22,1.8698693308187767e+23,2.4950877493047265e+23
1949.0,-1.2648105474280507e+23,-3.1405310802021956e+22,8.248870182119318e+22,1.929639661742961e+23,2.5681676069701155e+23
1950.0,-1.2076174436761658e+23,-2.5805548396378983e+22,8.781443103776829e+22,2.000658270846474e+23,2.6412983836179073e+23
1951.0,-1.1671951338126183e+23,-2.2446243011596447e+22,9.191193508412883e+22,2.0388579718629475e+23,2.7194888055313095e+23
1952.0,-1.1164090532435204e+23,-1.9208302306472248e+22,9.663226834433208e+22,2.0884404861594225e+23,2.777742614087071e+23
1953.0,-1.0988326487246914e+23,-1.460311523549501e+22,1.0084044076101672e+23,2.1195613501975054e+23,2.821981621721339e+23
1954.0,-1.0441874854365196e+23,-9.643029969090967e+21,1.0445365428763164e+23,2.1574029663382153e+23,2.828996599890936e+23
1955.0,-1.0280470218943381e+23,-5.972462602873567e+21,1.092552621381306e+23,2.2120761035757396e+23,2.876408334204646e+23
1956.0,-9.84402471894739e+22,-1.8837140385310905e+21,1.133889367982025e+23,2.2533961347197947e+23,2.9581361029136666e+23
1957.0,-9.508137786066393e+22,2.898556434555318e+21,1.1822391653559448e+23,2.296143260463113e+23,3.008294609883924e+23
1958.0,-9.165545288442565e+22,6.80690552900356e+21,1.2272702507834348e+23,2.3694730302812463e+23,3.0656954990823234e+23
1959.0,-8.606625993051664e+22,1.168146096735619e+22,1.2777336704011751e+23,2.4176586722463845e+23,3.135539059260597e+23
1960.0,-8.141970116800681e+22,1.8505019773967302e+22,1.3332145560294354e+23,2.4830068374077828e+23,3.191280273696986e+23
1961.0,-7.474704829374383e+22,2.247495929582008e+22,1.3811174459039547e+23,2.550068472234752e+23,3.2633723207178826e+23
1962.0,-7.14604493176592e+22,2.768593011067184e+22,1.4197344262391671e+23,2.6004839799825953e+23,3.326227643337803e+23
1963.0,-7.1611413912203544e+22,2.9735894079614174e+22,1.4315434113950863e+23,2.6240296811024135e+23,3.347031013526202e+23
1964.0,-8.02942343024447e+22,1.8325215289057464e+22,1.319039762975571e+23,2.5239703118014335e+23,3.247050201418072e+23
1965.0,-9.033980686690704e+22,1.159623002080067e+22,1.246984316012538e+23,2.4728829285016574e+23,3.201092902842726e+23
1966.0,-9.32719730675005e+22,9.61054814032805e+21,1.2442625721312203e+23,2.4748133110375567e+23,3.215717687843241e+23
1967.0,-8.915646481803742e+22,1.5952464033002178e+22,1.2906532105238367e+23,2.5189084187552364e+23,3.309548242010949e+23
1968.0,-8.583817127551386e+22,1.813558456100585e+22,1.3169306951274123e+23,2.5482608362529802e+23,3.355591132905432e+23
1969.0,-8.317821821090305e+22,2.348004891093088e+22,1.3539351170919129e+23,2.6226793737681064e+23,3.4054811899409256e+23
1970.0,-7.810838930755976e+22,2.755529584907869e+22,1.4079443722895332e+23,2.6670131655753148e+23,3.458589810248589e+23
1971.0,-7.281883865557555e+22,2.9572674782334057e+22,1.4592967423923991e+23,2.7246628924085723e+23,3.512819103854465e+23
1972.0,-7.004117609126621e+22,3.024998600593331e+22,1.4951075552176865e+23,2.7456596643589324e+23,3.5486479896751786e+23
1973.0,-6.88836569433377e+22,3.3021006885908598e+22,1.5238248109383898e+23,2.7798975401941652e+23,3.592458556380432e+23
1974.0,-6.490991649806136e+22,3.872473740332535e+22,1.5857707690362666e+23,2.839718384167954e+23,3.661557122586852e+23
1975.0,-6.13175510261251e+22,4.290416314780562e+22,1.6463159015877186e+23,2.8703206147524717e+23,3.724875239837644e+23
1976.0,-6.105724232574044e+22,4.563746529173246e+22,1.6623510950612265e+23,2.889141220291804e+23,3.7519755771306785e+23
1977.0,-5.566962257533483e+22,5.057600795083651e+22,1.7074782309216696e+23,2.9595865784168273e+23,3.809774077636383e+23
1978.0,-4.92525751579485e+22,5.519648822195936e+22,1.7691931116221106e+23,3.042163194293716e+23,3.8924618832400406e+23
1979.0,-4.2085775501065785e+22,6.309685505889575e+22,1.857534635641654e+23,3.130642567650057e+23,3.983559237326728e+23
1980.0,-3.534677927177183e+22,6.930595373215688e+22,1.9508033341651178e+23,3.2243847395123424e+23,4.070290712532183e+23
1981.0,-2.7601219386312105e+22,7.68879196908111e+22,2.0227018841496005e+23,3.298430036482687e+23,4.170746385272766e+23
1982.0,-1.7774063726511897e+22,8.332428659950255e+22,2.098337285901173e+23,3.396473670772502e+23,4.255718074007826e+23
1983.0,-1.6560986972753452e+22,8.421751778037601e+22,2.1188848919400015e+23,3.407428925653079e+23,4.313158067531182e+23
1984.0,-2.201146984033212e+22,7.967996373350344e+22,2.0887557567246218e+23,3.3892919869777866e+23,4.2843560275099105e+23
1985.0,-2.193974024806056e+22,8.395984849005087e+22,2.122873695899556e+23,3.452819491124659e+23,4.323757389059043e+23
1986.0,-1.5121047140902671e+22,8.982261072745098e+22,2.1994729810848123e+23,3.5292647610269145e+23,4.4338662470199194e+23
1987.0,-9.213024920104273e+21,9.563676738777242e+22,2.278468483394173e+23,3.616265964287266e+23,4.544292825061114e+23
1988.0,-1.8992893236199828e+21,1.0345684253055492e+23,2.374487469425602e+23,3.701197269098487e+23,4.6308162172683585e+23
1989.0,7.961397271163215e+21,1.1415279378437566e+23,2.4760346232179255e+23,3.801958026756222e+23,4.715533767840138e+23
1990.0,2.024597977589873e+22,1.2436359028483804e+23,2.5945979772721393e+23,3.934911401892465e+23,4.8304472633808795e+23
1991.0,3.227490006535929e+22,1.3530139617552862e+23,2.7012979436540837e+23,4.046346168941792e+23,4.969385874075443e+23
1992.0,3.0229226990763288e+22,1.3330832460961196e+23,2.7072038775011342e+23,4.070500619816536e+23,4.9756123355681615e+23
1993.0,1.284177049077008e+22,1.1644926499725618e+23,2.553998424625871e+23,3.9135278125380355e+23,4.788424908612851e+23
1994.0,1.1651923103320635e+22,1.1704600271014505e+23,2.5557585911381427e+23,3.929311732963855e+23,4.801572003266035e+23
1995.0,2.2417075772558466e+22,1.260561955503821e+23,2.645279280251714e+23,4.038916087580529e+23,4.9105515917681604e+23
1996.0,3.4471899262493326e+22,1.3756976337421705e+23,2.780065605868082e+23,4.172020978324086e+23,5.030193612313063e+23
1997.0,4.768723319373365e+22,1.5063023073898675e+23,2.924775690847898e+23,4.301541099682815e+23,5.170192811280165e+23
1998.0,5.798429429910625e+22,1.5628439851296675e+23,3.029608844105534e+23,4.407667187197356e+23,5.314976669098896e+23
1999.0,6.769175779350849e+22,1.6813593942812615e+23,3.144195644903126e+23,4.542863060156699e+23,5.44067206873767e+23
2000.0,8.055230755454603e+22,1.826660281740065e+23,3.292245065223015e+23,4.7058414505260365e+23,5.643289894841168e+23
2001.0,9.721495378556576e+22,1.9981747221872238e+23,3.44818968765937e+23,4.8559362599033375e+23,5.8229164331334476e+23
2002.0,1.097717940530332e+23,2.1468741229360627e+23,3.6078867758989943e+23,4.988486485475895e+23,5.987864501408453e+23
2003.0,1.2222407502567412e+23,2.2836438284556268e+23,3.757202857047639e+23,5.1202547049232644e+23,6.128755983722643e+23
2004.0,1.3468793345119292e+23,2.4048420260747266e+23,3.876376716365809e+23,5.246997535219253e+23,6.308770473501853e+23
2005.0,1.4651876566478628e+23,2.524030047644777e+23,3.997845345842442e+23,5.383942465524719e+23,6.487965549041014e+23
2006.0,1.5825870278183702e+23,2.6290496308001917e+23,4.107924774827989e+23,5.518751583188508e+23,6.615292414038746e+23
2007.0,1.6663792558792776e+23,2.7262691757745668e+23,4.245434457235113e+23,5.631182700067343e+23,6.730074778964426e+23
2008.0,1.7762971006084482e+23,2.8527638652270877e+23,4.372194089492689e+23,5.7653681659162634e+23,6.852272397149823e+23
2009.0,1.8979967808505352e+23,2.9709007895554185e+23,4.497931944736259e+23,5.912755552185876e+23,7.003004610873215e+23
2010.0,2.0243886064550177e+23,3.10218740332959e+23,4.628220938968682e+23,6.065176310537335e+23,7.158107174350283e+23
2011.0,2.158949234612164e+23,3.221006553049193e+23,4.75616695505984e+23,6.2023913661535e+23,7.317616941186844e+23
2012.0,2.307808458690353e+23,3.367332143087325e+23,4.8934551145439785e+23,6.349983891940132e+23,7.446488736989622e+23
2013.0,2.430642364961008e+23,3.508198153504798e+23,5.041083849974466e+23,6.510305599968273e+23,7.594761131617014e+23
2014.0,2.5759033972582132e+23,3.668000057786832e+23,5.204486823470814e+23,6.669555531857925e+23,7.707723717968067e+23
2015.0,2.727967227945254e+23,3.829064081152054e+23,5.3865929850258074e+23,6.841726363199996e+23,7.87576013992037e+23
2016.0,2.867693955115851e+23,3.963113163113038e+23,5.5255483930139916e+23,6.97488881310394e+23,8.077848346092188e+23
2017.0,3.0127650055811966e+23,4.121708878477006e+23,5.687820078327026e+23,7.143859865387532e+23,8.276107947429191e+23
2018.0,3.161978244758164e+23,4.261440282982503e+23,5.8405020732317215e+23,7.317709766423048e+23,8.465143376870558e+23
2019.0,3.3189313852310655e+23,4.396450225038615e+23,6.006517474410327e+23,7.493730904257768e+23,8.637695621344955e+23
2020.0,3.413332952564929e+23,4.5142327147270685e+23,6.135730365821552e+23,7.648015492383152e+23,8.746475159860747e+23
2021.0,3.5274082496589466e+23,4.6553649255906235e+23,6.294402925351001e+23,7.827846881417199e+23,8.951465221706665e+23
2022.0,3.684982865143795e+23,4.806442732088066e+23,6.462038957041072e+23,8.013515061881195e+23,9.180006298704353e+23
2023.0,3.8744089328646667e+23,4.967459804318109e+23,6.63675023570749e+23,8.215060018204194e+23,9.380128707210995e+23
2024.0,4.0398607628598395e+23,5.13723674609025e+23,6.800611071598178e+23,8.405031494690768e+23,9.608768124364418e+23
2025.0,4.1953526977143984e+23,5.28113821916349e+23,7.004124830726255e+23,8.576342227283329e+23,9.824301259707948e+23
2026.0,4.370394181487051e+23,5.434906889882197e+23,7.168415244012508e+23,8.73224506584572e+23,9.959211872813521e+23
2027.0,4.520770341731211e+23,5.6183744875632894e+23,7.336589747211521e+23,8.904950934866378e+23,1.0107613349970108e+24
2028.0,4.674475805168141e+23,5.7627296134535544e+23,7.506403286978597e+23,9.086826871411513e+23,1.0295403698604083e+24
2029.0,4.856192225641842e+23,5.913403663119537e+23,7.666400350179761e+23,9.275421238389165e+23,1.051240741346145e+24
2030.0,5.010132413885098e+23,6.102648335485947e+23,7.81844619940279e+23,9.460613218177969e+23,1.0682950149468687e+24
2031.0,5.1500873172962324e+23,6.28761438124054e+23,7.989338541150856e+23,9.648763743036203e+23,1.08673125927673e+24
2032.0,5.3020966429528654e+23,6.425326012378022e+23,8.168299824080684e+23,9.860143860573172e+23,1.1044285375866599e+24
2033.0,5.439447635750415e+23,6.595883825195073e+23,8.33426120958006e+23,1.0057228662817924e+24,1.1231478348846652e+24
2034.0,5.5813521084082203e+23,6.72961637193546e+23,8.529408067592716e+23,1.0270622569297412e+24,1.1432855638269655e+24
2035.0,5.7139378386265676e+23,6.900815814625445e+23,8.701585849628663e+23,1.0467757332245458e+24,1.1648688648528857e+24
2036.0,5.8530583308198905e+23,7.079355624350192e+23,8.893657777599881e+23,1.0663160474405316e+24,1.184796920929496e+24
2037.0,5.97915556962152e+23,7.267843021197747e+23,9.099277499645233e+23,1.0866476200898574e+24,1.206724947879496e+24
2038.0,6.120779519121143e+23,7.439368222059543e+23,9.278711174823071e+23,1.1078151045694837e+24,1.230205531879961e+24
2039.0,6.2556804860318e+23,7.585401200499021e+23,9.459138581285258e+23,1.1264028109796397e+24,1.2508504064963934e+24
2040.0,6.423995020248638e+23,7.766762525734593e+23,9.649884993097835e+23,1.1439667149219578e+24,1.273719936845697e+24
2041.0,6.566840706432445e+23,7.943719102337455e+23,9.832082613752533e+23,1.1633262461082561e+24,1.2958082010671457e+24
2042.0,6.724572503944648e+23,8.102121185981946e+23,9.989142908011479e+23,1.1833505718018885e+24,1.3155549219974174e+24
2043.0,6.897552656328771e+23,8.251276982804958e+23,1.0170775474832174e+24,1.2020118497823893e+24,1.3359996782970558e+24
2044.0,7.026233731345653e+23,8.424048648885784e+23,1.0391318063658718e+24,1.2204492311441685e+24,1.3556400927770885e+24
2045.0,7.214839563082146e+23,8.596282327843983e+23,1.0603290284749715e+24,1.2446363535715098e+24,1.376887366057689e+24
2046.0,7.311687848222235e+23,8.764399192679713e+23,1.0817594618292977e+24,1.268303148531121e+24,1.3980575291476698e+24
2047.0,7.498619208864236e+23,8.944628270323968e+23,1.1022413160868272e+24,1.289924031397937e+24,1.4197907571455949e+24
2048.0,7.651630463190749e+23,9.121821575039927e+23,1.1239707407855926e+24,1.3112501540308167e+24,1.4408492300743373e+24
2049.0,7.858178276610331e+23,9.302907004632734e+23,1.1441415732624676e+24,1.335551394630617e+24,1.4637285756147225e+24
2050.0,8.024245911288403e+23,9.493576030078459e+23,1.1603232341135657e+24,1.3568651300057008e+24,1.4905329307980322e+24
2051.0,8.155958888418185e+23,9.682314442286544e+23,1.1784254871828193e+24,1.3797477979075335e+24,1.5171631214954712e+24
2052.0,8.287226016110899e+23,9.856819891733255e+23,1.1980459319485043e+24,1.4034552347122598e+24,1.5366591233884846e+24
2053.0,8.472420715019781e+23,1.0028951129072805e+24,1.215960924743868e+24,1.4252328769333114e+24,1.5600757381346416e+24
2054.0,8.655773136109018e+23,1.0173076379119288e+24,1.2333254177059164e+24,1.44965358082949e+24,1.5849093575193398e+24
2055.0,8.775392637754268e+23,1.0339080912866766e+24,1.2506351978244746e+24,1.47367386539823e+24,1.6069689106771623e+24
2056.0,8.932327589494798e+23,1.0503347173053927e+24,1.2708000506122816e+24,1.4950611035139596e+24,1.6322246463022516e+24
2057.0,9.155367454983901e+23,1.0695868720032868e+24,1.2907272638621732e+24,1.519890649492544e+24,1.6559595287702658e+24
2058.0,9.355620452812155e+23,1.0867517720568348e+24,1.311707577282972e+24,1.543911745160898e+24,1.6783451615692992e+24
2059.0,9.483036096050667e+23,1.1029156895408867e+24,1.333447033101635e+24,1.5648658280533354e+24,1.7059719834414248e+24
2060.0,9.615146243878805e+23,1.119369779370323e+24,1.3545359681096267e+24,1.5882804132789954e+24,1.7338613802570497e+24
2061.0,9.760529966884438e+23,1.1354254875232419e+24,1.3736429485282924e+24,1.6135775650537737e+24,1.7562262885236528e+24
2062.0,9.92943932408446e+23,1.1522018534668117e+24,1.3974567989660697e+24,1.6379278758023394e+24,1.7820689352268716e+24
2063.0,1.0059084406043613e+24,1.1713804969220412e+24,1.4189905994041564e+24,1.662714013930121e+24,1.8071449176999898e+24
2064.0,1.0198491379111879e+24,1.1907816467471546e+24,1.438635807307029e+24,1.687220785940204e+24,1.8324422674436236e+24
2065.0,1.032882019894666e+24,1.2055361185314178e+24,1.4568643702935725e+24,1.7100495573396337e+24,1.8583581702800876e+24
2066.0,1.045155833097635e+24,1.2197998158582484e+24,1.4758514749383452e+24,1.7329721429723233e+24,1.884167456746575e+24
2067.0,1.0599084524425579e+24,1.24006644475002e+24,1.4968364248759333e+24,1.7564786241032827e+24,1.9116912510054168e+24
2068.0,1.0746365823938748e+24,1.2604310189923189e+24,1.5178622424531306e+24,1.7802347559141316e+24,1.938459424482857e+24
2069.0,1.090561297953173e+24,1.2774608431669367e+24,1.5383952401786712e+24,1.8029556325205713e+24,1.965586100555306e+24
2070.0,1.1073162011552038e+24,1.2916443005671518e+24,1.5587912683501e+24,1.8266726624947665e+24,1.989434670450855e+24
2071.0,1.1195992912788955e+24,1.312099112872437e+24,1.577342012993553e+24,1.8524953995267462e+24,2.018627245341498e+24
2072.0,1.130092534365732e+24,1.3263569426312626e+24,1.5979013699547943e+24,1.8769100935052992e+24,2.043845666298369e+24
2073.0,1.1429605708348253e+24,1.342623787577146e+24,1.6187285386818374e+24,1.8996184750473005e+24,2.068258097193361e+24
2074.0,1.1600054799301118e+24,1.3583256011184974e+24,1.6374377184196536e+24,1.9203389597270283e+24,2.0986036624696808e+24
2075.0,1.1765892383440129e+24,1.3746722477126408e+24,1.6557692432875305e+24,1.945145372715391e+24,2.1291630787388467e+24
2076.0,1.1872639789987382e+24,1.3927950463830646e+24,1.6768837337821926e+24,1.97046696235119e+24,2.160047619954577e+24
2077.0,1.2020506516564943e+24,1.410750000958033e+24,1.6958318379063635e+24,1.9925847487185363e+24,2.1888937217850186e+24
2078.0,1.2179635237539769e+24,1.4289537042156867e+24,1.7153651019265422e+24,2.0182377838698982e+24,2.2194433753733752e+24
2079.0,1.2302833371532883e+24,1.4466892366130348e+24,1.7350895320776128e+24,2.0431175320980165e+24,2.2485360976925972e+24
2080.0,1.2407053280204698e+24,1.4607633729492662e+24,1.7533265232418807e+24,2.0648295287597856e+24,2.27757828795187e+24
2081.0,1.2509936121735245e+24,1.4762396303578796e+24,1.7750744083651865e+24,2.08790835152329e+24,2.3053090233530754e+24
2082.0,1.2646019611248757e+24,1.4945388327579134e+24,1.7931647367089447e+24,2.1165952290961487e+24,2.3243274544543284e+24
2083.0,1.2815785441444534e+24,1.5109424244895082e+24,1.814263523932753e+24,2.144293786318013e+24,2.3529225086151235e+24
2084.0,1.2971807528307146e+24,1.5300688213913612e+24,1.8357127315472134e+24,2.1696036380399186e+24,2.3806325502080956e+24
2085.0,1.3085649336045044e+24,1.5476970524228848e+24,1.8523975952612852e+24,2.1945861251426175e+24,2.4130379225228664e+24
2086.0,1.3200927236082724e+24,1.563031446648429e+24,1.8726914558504043e+24,2.2177380830035769e+24,2.4423385552749166e+24
2087.0,1.3300002457961122e+24,1.573540133537386e+24,1.893324153141808e+24,2.240835883336975e+24,2.4736455143076295e+24
2088.0,1.3462884804766617e+24,1.5881407450416503e+24,1.910483748123244e+24,2.261862310712883e+24,2.500083821831285e+24
2089.0,1.3560502053058366e+24,1.6029602030406408e+24,1.927988051437066e+24,2.2826479182491404e+24,2.5302792838368143e+24
2090.0,1.3681805968815043e+24,1.6188953804930177e+24,1.946535564495675e+24,2.3072302372819322e+24,2.5575914931449443e+24
2091.0,1.3842131928501875e+24,1.6351713562436313e+24,1.965828246612149e+24,2.326821351040579e+24,2.5869761449901146e+24
2092.0,1.3989894531467263e+24,1.6512937879456164e+24,1.9865536713713732e+24,2.3497660217845066e+24,2.6152036648222583e+24
2093.0,1.4144944643525097e+24,1.6668582551092572e+24,2.006448385290427e+24,2.3750072079237275e+24,2.6455210560025904e+24
2094.0,1.424993152561592e+24,1.6836078113299241e+24,2.0239433126795707e+24,2.3983419372616947e+24,2.671028138878222e+24
2095.0,1.4351816827726988e+24,1.7001765198508394e+24,2.0431377046538318e+24,2.424095769636594e+24,2.6995406372176986e+24
2096.0,1.4469906748590605e+24,1.7157973002332038e+24,2.061505612099292e+24,2.451442423453909e+24,2.72987080498154e+24
2097.0,1.4555635461268642e+24,1.7287503740285112e+24,2.0787602968690878e+24,2.4774759420346487e+24,2.758743834761029e+24
2098.0,1.4697526837879059e+24,1.741274864737561e+24,2.0992616499779536e+24,2.502587863263015e+24,2.7866258509089286e+24
2099.0,1.4819489825514277e+24,1.7553093029639332e+24,2.1143054985960492e+24,2.526778830700735e+24,2.813363814882651e+24
2100.0,1.4965334102014906e+24,1.76802557434173e+24,2.1343873230665441e+24,2.546299321950798e+24,2.839337989553217e+24
2101.0,1.511995703564496e+24,1.7827333211437568e+24,2.1538535646389125e+24,2.5718183113037933e+24,2.86755219575242e+24
2102.0,1.5253970884945736e+24,1.79608850139942e+24,2.1727242805510485e+24,2.5937256197231633e+24,2.895763608109349e+24
2103.0,1.535444928884284e+24,1.8120482910387123e+24,2.1899815529432423e+24,2.6165867491563745e+24,2.9242821030550514e+24
2104.0,1.543386784299396e+24,1.8283560526638286e+24,2.210148944111779e+24,2.6377795030236354e+24,2.9517777708114806e+24
2105.0,1.5519987976761412e+24,1.843131987148022e+24,2.2282829627276722e+24,2.662382578111213e+24,2.979259212050311e+24
2106.0,1.5637269893437106e+24,1.8553181300864614e+24,2.2452631783115702e+24,2.685192452443772e+24,3.007898553404682e+24
2107.0,1.5749520167375945e+24,1.8664745188184825e+24,2.260184027281229e+24,2.706367020235786e+24,3.032698275027445e+24
2108.0,1.5812710314226477e+24,1.8772799050716705e+24,2.2792766942298111e+24,2.7251459763722555e+24,3.059275584530434e+24
2109.0,1.5954138077433476e+24,1.8901153267311124e+24,2.2978248667775398e+24,2.7431248529418273e+24,3.0840581892244796e+24
2110.0,1.6051771873015253e+24,1.9050677193340256e+24,2.315160338630356e+24,2.766149681742378e+24,3.1071584191729704e+24
2111.0,1.6134911317435218e+24,1.9201186093951168e+24,2.3302283789602895e+24,2.7876762390095037e+24,3.13477837623355e+24
2112.0,1.6227007971870467e+24,1.9362859306671832e+24,2.3485350456501193e+24,2.812748673473066e+24,3.16503314867972e+24
2113.0,1.633296075691562e+24,1.9491356781582783e+24,2.3687253275443393e+24,2.8338315565498083e+24,3.193707968664014e+24
2114.0,1.6396050383409436e+24,1.961231483515942e+24,2.386418342616106e+24,2.855072474558992e+24,3.219720061895443e+24
2115.0,1.6530233771302105e+24,1.9738488364735992e+24,2.4057388385479398e+24,2.878321503841718e+24,3.2436901111813826e+24
2116.0,1.6627927879141578e+24,1.9865880840896942e+24,2.424831913313467e+24,2.897612218506843e+24,3.267127199170395e+24
2117.0,1.672543768122679e+24,1.9996278887575542e+24,2.444422218416166e+24,2.9188116230420757e+24,3.289373369601852e+24
2118.0,1.6826657806506082e+24,2.0146763850747665e+24,2.46305403148484e+24,2.93821803198932e+24,3.313103768310075e+24
2119.0,1.6919369926715804e+24,2.029173008624202e+24,2.4803304349887034e+24,2.9559274418168416e+24,3.338543472522001e+24
2120.0,1.698969857075089e+24,2.0418242412671926e+24,2.493791417455253e+24,2.9767581331485065e+24,3.3615303433853363e+24
2121.0,1.7055284535571363e+24,2.0556695690731693e+24,2.506757393502992e+24,2.997827612209397e+24,3.3887449636664254e+24
2122.0,1.7126325721522046e+24,2.0654237129075302e+24,2.522778531096638e+24,3.0188745185572213e+24,3.415631060840593e+24
2123.0,1.7209090262534445e+24,2.0765084392508118e+24,2.5391743146795793e+24,3.040074778675813e+24,3.443078282265079e+24
2124.0,1.7309541342156619e+24,2.0886728590381148e+24,2.55543526640562e+24,3.0618399889941793e+24,3.465156147598347e+24
2125.0,1.7411562972437313e+24,2.0989890427676653e+24,2.571526209837277e+24,3.0853578178194987e+24,3.491082087270925e+24
2126.0,1.7511302117831246e+24,2.1094495038377464e+24,2.5858191158236114e+24,3.1064946256006437e+24,3.5157838622438734e+24
2127.0,1.7562248552295873e+24,2.1190308800176404e+24,2.6007880154630407e+24,3.126906648240229e+24,3.538540239979806e+24
2128.0,1.76072976440774e+24,2.1298381655329455e+24,2.61598781782602e+24,3.148062028940741e+24,3.5622283455511033e+24
2129.0,1.7706956283457348e+24,2.13959683340713e+24,2.628266411235468e+24,3.165066163118334e+24,3.5911511008597754e+24
2130.0,1.7798773329318846e+24,2.1487905737607481e+24,2.6408718088145066e+24,3.181164080228521e+24,3.612654332729447e+24
2131.0,1.7880273001561757e+24,2.1556100945400286e+24,2.6573351535091587e+24,3.199749049553192e+24,3.6374617855210674e+24
2132.0,1.7978548506914973e+24,2.165290472133188e+24,2.671167252276494e+24,3.2200626369086514e+24,3.663865480720801e+24
2133.0,1.7988710578883595e+24,2.1769624413497934e+24,2.6879872344690064e+24,3.2373067149738446e+24,3.68609266634801e+24
2134.0,1.8078749362638912e+24,2.1886028163366415e+24,2.705356273861795e+24,3.2576369478393916e+24,3.70917231261195e+24
2135.0,1.8176520336656563e+24,2.1997471970621383e+24,2.722007863228166e+24,3.2797612514377327e+24,3.7309416367036225e+24
2136.0,1.8264193011821132e+24,2.2075523190973453e+24,2.737309620501058e+24,3.299827689815243e+24,3.7551473272470597e+24
2137.0,1.8300169081751036e+24,2.2140005727864444e+24,2.7495939651827037e+24,3.317964457538309e+24,3.778535334041062e+24
2138.0,1.8355687464639353e+24,2.2189539496874743e+24,2.76488801764835e+24,3.333848053265718e+24,3.8012451738324897e+24
2139.0,1.8344370717776598e+24,2.2286882133759686e+24,2.7781537803019317e+24,3.35061790147319e+24,3.8225039473057913e+24
2140.0,1.8404043301365214e+24,2.2391574647186254e+24,2.79174751763084e+24,3.3688155571507144e+24,3.8440538994860807e+24
2141.0,1.8478501531334727e+24,2.2504699659340342e+24,2.801959997550444e+24,3.389147663322085e+24,3.8673684954726973e+24
2142.0,1.8558334345781034e+24,2.2585725390123738e+24,2.8167559705624785e+24,3.4070428942118854e+24,3.8901487336150885e+24
2143.0,1.8644139672490133e+24,2.2651930766909362e+24,2.832035556244908e+24,3.4267525553824516e+24,3.915384761644362e+24
2144.0,1.8733073080819062e+24,2.278340094989637e+24,2.8444507821567097e+24,3.444406106579165e+24,3.938281735871838e+24
2145.0,1.8816023826410887e+24,2.289996564743055e+24,2.862099975343079e+24,3.4614722626421967e+24,3.9625856233654084e+24
2146.0,1.8899993250641483e+24,2.2997010671318863e+24,2.876376469546364e+24,3.479307150094454e+24,3.9788792004821756e+24
2147.0,1.8990110185025957e+24,2.3079999347462382e+24,2.8912947842518576e+24,3.4952964588545184e+24,4.0001039297445226e+24
2148.0,1.9068847402599898e+24,2.320257594266792e+24,2.9057752293134294e+24,3.513358319038427e+24,4.017764704460633e+24
2149.0,1.9144643883520274e+24,2.3303488721866787e+24,2.9171847189441287e+24,3.5284691060892185e+24,4.0329750987020395e+24
2150.0,1.9224071342185148e+24,2.3381651401357362e+24,2.9299112297513896e+24,3.5427558728014923e+24,4.055609146914033e+24
2151.0,1.9300460600127286e+24,2.3479413519886395e+24,2.94412059616788e+24,3.5579267411518015e+24,4.076605883267472e+24
2152.0,1.938510265554412e+24,2.3548028367384255e+24,2.957101863712518e+24,3.5784435215993636e+24,4.0982187545885196e+24
2153.0,1.9422950509611113e+24,2.360341178288031e+24,2.969530385414003e+24,3.600213880018075e+24,4.117782271900278e+24
2154.0,1.945031849236473e+24,2.3667921724207144e+24,2.9828028398748895e+24,3.620205380177766e+24,4.136415587127438e+24
2155.0,1.947576256132134e+24,2.378764723230702e+24,2.9968908877830803e+24,3.641252942350463e+24,4.160519527143114e+24
2156.0,1.957081934980933e+24,2.3914541944694187e+24,3.0129839670745505e+24,3.658980679901496e+24,4.1841144167885213e+24
2157.0,1.9680231936401045e+24,2.4017736598422027e+24,3.0306728435083046e+24,3.6747042041145225e+24,4.207567270782079e+24
2158.0,1.9766960230350938e+24,2.4113102024173575e+24,3.0408398118385e+24,3.6930962803421187e+24,4.231782751068138e+24
2159.0,1.9819979336795737e+24,2.420128059335045e+24,3.0554199998462956e+24,3.7116643045409827e+24,4.2567383463830025e+24
2160.0,1.9842272373951595e+24,2.4287661760840725e+24,3.0687102492739914e+24,3.726465185076126e+24,4.27957864061047e+24
2161.0,1.9842775060939552e+24,2.4381964807824834e+24,3.0819882262411933e+24,3.74369221253339e+24,4.3035352420443644e+24
2162.0,1.985669028840789e+24,2.4473466444558577e+24,3.0920935181882914e+24,3.7626134823942346e+24,4.3253958842422634e+24
2163.0,1.9890251149148088e+24,2.458082489296363e+24,3.107242268353622e+24,3.7845163681042864e+24,4.347355347730093e+24
2164.0,1.9954065872397874e+24,2.4619333546876583e+24,3.123730853079983e+24,3.8078529760290373e+24,4.369641278077452e+24
2165.0,2.0017769001046482e+24,2.46691702158079e+24,3.1413341019351656e+24,3.8292392406932365e+24,4.392719347976378e+24
2166.0,2.0080330842558295e+24,2.474723046911939e+24,3.1510876855411117e+24,3.8475960048366065e+24,4.4150756365468945e+24
2167.0,2.0121350094288946e+24,2.483828988274957e+24,3.164485509668878e+24,3.861337194001201e+24,4.435306061817663e+24
2168.0,2.0177709105956433e+24,2.4928305415406954e+24,3.1804070050415226e+24,3.875808108858827e+24,4.4559644245894115e+24
2169.0,2.024886240530204e+24,2.501393881429105e+24,3.1922572109157753e+24,3.8890912982859244e+24,4.4823687117922397e+24
2170.0,2.0308470611111505e+24,2.5116870062564205e+24,3.203344834390942e+24,3.9019831710736824e+24,4.505666704322399e+24
2171.0,2.0319727435912698e+24,2.5172572164172574e+24,3.2144908654851814e+24,3.919225070861588e+24,4.528646844862921e+24
2172.0,2.0315564820535013e+24,2.5262265750255924e+24,3.2244296655599216e+24,3.9362792269790603e+24,4.548881676480257e+24
2173.0,2.0358525372306008e+24,2.532446997513028e+24,3.234044106966159e+24,3.952231856608238e+24,4.5651493156572555e+24
2174.0,2.0488624660182994e+24,2.541632698975092e+24,3.245240460457287e+24,3.972125945242159e+24,4.5854316744235884e+24
2175.0,2.0555581232801355e+24,2.5528615028695204e+24,3.258621731479193e+24,3.989645211941353e+24,4.6084165982725547e+24
2176.0,2.0591211791371224e+24,2.5625172319073635e+24,3.272903168889587e+24,4.0087612199137026e+24,4.630759342066413e+24
2177.0,2.069755131107262e+24,2.571155790558652e+24,3.2871419875053767e+24,4.023613430762196e+24,4.6483524842015774e+24
2178.0,2.0764692696522365e+24,2.577402146691047e+24,3.299745072185617e+24,4.043200168818584e+24,4.670706484510641e+24
2179.0,2.08150995073445e+24,2.584204574444261e+24,3.311958051253049e+24,4.0601746736644625e+24,4.690886967623063e+24
2180.0,2.0898803169943047e+24,2.593319799692133e+24,3.321016150029611e+24,4.074906810419701e+24,4.7111657258324877e+24
2181.0,2.094596421855506e+24,2.6032844255795703e+24,3.332963201679337e+24,4.089559564313265e+24,4.731691988679286e+24
2182.0,2.097845103885967e+24,2.608674644674324e+24,3.3453450157294185e+24,4.1039100007307345e+24,4.753466613521732e+24
2183.0,2.1025429052455747e+24,2.6203116797140294e+24,3.351618027643436e+24,4.117093549946405e+24,4.773683540679763e+24
2184.0,2.1065628743390271e+24,2.6276127257711036e+24,3.3672189659414e+24,4.1329738333908976e+24,4.79501144429313e+24
2185.0,2.113150343151731e+24,2.63390842816167e+24,3.3770100521172177e+24,4.1503469899323514e+24,4.8166230161823545e+24
2186.0,2.119537520578422e+24,2.6412165625700784e+24,3.3902734822294563e+24,4.168623574280356e+24,4.835691857100227e+24
2187.0,2.130228211991321e+24,2.651197787251887e+24,3.4043362914719166e+24,4.18538196683195e+24,4.856455919779244e+24
2188.0,2.1399320480186394e+24,2.6588109705148336e+24,3.414726181875892e+24,4.20333945585615e+24,4.875014777431768e+24
2189.0,2.147441845041965e+24,2.6625174052083497e+24,3.425678595939948e+24,4.220884863803949e+24,4.892422828502278e+24
2190.0,2.157512078810213e+24,2.667754362584948e+24,3.434182641782963e+24,4.2380240047032155e+24,4.912716799331353e+24
2191.0,2.164475091419057e+24,2.676759971511478e+24,3.443104336782477e+24,4.253074478610495e+24,4.935160219056305e+24
2192.0,2.1673885803513347e+24,2.6854837168759387e+24,3.454453088213411e+24,4.2712006942801767e+24,4.953461640938337e+24
2193.0,2.1686706867887071e+24,2.692731693030614e+24,3.4647684103422484e+24,4.2913760700619754e+24,4.970031649885172e+24
2194.0,2.1703718555368964e+24,2.6981323156693666e+24,3.476545493880714e+24,4.3078268526555264e+24,4.98612392551107e+24
2195.0,2.1729878801981175e+24,2.7027673169387155e+24,3.4874690696701965e+24,4.3216956909324547e+24,5.00154046583157e+24
2196.0,2.1794478041458157e+24,2.7075842660136176e+24,3.4956932442743377e+24,4.3316057185499444e+24,5.017339300629143e+24
2197.0,2.185412625025283e+24,2.712968729871036e+24,3.507146684630294e+24,4.347960454354593e+24,5.034120913694181e+24
2198.0,2.1959188532281838e+24,2.719416341481782e+24,3.5186542322999576e+24,4.3628599376320013e+24,5.055656242470446e+24
2199.0,2.2028646837884806e+24,2.725071164386151e+24,3.5288008800708576e+24,4.379591643543755e+24,5.070716277056707e+24
2200.0,2.2042731870601965e+24,2.7307069116237663e+24,3.538682057840221e+24,4.391298107931903e+24,5.087876922032086e+24
2201.0,2.2097172727841793e+24,2.735116925644822e+24,3.550176519170725e+24,4.401664864663555e+24,5.110940932986903e+24
2202.0,2.2149623535688334e+24,2.740748093590458e+24,3.559582184492664e+24,4.41166653104939e+24,5.12695168657186e+24
2203.0,2.2211203236436744e+24,2.747676538826517e+24,3.5704650829176674e+24,4.4221877286097775e+24,5.138191547358812e+24
2204.0,2.2291761598769343e+24,2.7524768526372047e+24,3.578192835775274e+24,4.4342877542586235e+24,5.147953026940273e+24
2205.0,2.2332019033779498e+24,2.7599304443345863e+24,3.5866330733815053e+24,4.4460907469662935e+24,5.161102866199862e+24
2206.0,2.236849671757661e+24,2.7726529313378376e+24,3.5943796710071295e+24,4.4596125884256514e+24,5.17449186963072e+24
2207.0,2.2348418564597967e+24,2.7792764266593017e+24,3.599841532008498e+24,4.4735130975230606e+24,5.191877504484992e+24
2208.0,2.2370159229515608e+24,2.7827432625082406e+24,3.6093218377932837e+24,4.488115783534e+24,5.2131291706303e+24
2209.0,2.2385968263279974e+24,2.7888549259362017e+24,3.6237130300946614e+24,4.5016778485223746e+24,5.235177686466775e+24
2210.0,2.248118842552372e+24,2.7959693719455236e+24,3.6333538049925485e+24,4.5151313928372696e+24,5.254801923658959e+24
2211.0,2.2526164719135917e+24,2.80626780826417e+24,3.6457051479020644e+24,4.5302322194324025e+24,5.275674940343236e+24
2212.0,2.2536707642959485e+24,2.8122450580728134e+24,3.65698916941544e+24,4.545675822681313e+24,5.293148174194629e+24
2213.0,2.25538467652324e+24,2.814190035678576e+24,3.667885617071408e+24,4.5572072936024107e+24,5.307489280575431e+24
2214.0,2.2581783306645942e+24,2.821184706917688e+24,3.679671591615966e+24,4.5676844705610173e+24,5.323864164951044e+24
2215.0,2.2607990315018103e+24,2.829276014493703e+24,3.691500779388309e+24,4.5807303157726803e+24,5.339850862956071e+24
2216.0,2.262778133007517e+24,2.837339899772584e+24,3.693600714749059e+24,4.593738346497576e+24,5.354114639335205e+24
2217.0,2.2635115686286133e+24,2.842061785131933e+24,3.69580210205121e+24,4.606840396463493e+24,5.366107160000742e+24
2218.0,2.2744219194523526e+24,2.848753964895646e+24,3.7031980385356247e+24,4.619671190351054e+24,5.377222476563104e+24
2219.0,2.278787579098764e+24,2.849517214334047e+24,3.7124280745068693e+24,4.6347188539169707e+24,5.389973446751157e+24
2220.0,2.2771200396913793e+24,2.852401234529669e+24,3.7221057818061343e+24,4.6507112371797815e+24,5.407721364761643e+24
2221.0,2.2788997225328285e+24,2.8558734141164496e+24,3.733072700901348e+24,4.667073914666877e+24,5.427429613589016e+24
2222.0,2.2809047765226846e+24,2.8645433306995897e+24,3.74507886324748e+24,4.6824575480691725e+24,5.448495244196953e+24
2223.0,2.2834207466226652e+24,2.8740169748209317e+24,3.755528492509384e+24,4.6960168781657074e+24,5.469900505407776e+24
2224.0,2.2891528004738234e+24,2.8817454587294317e+24,3.75966136105622e+24,4.708339334334594e+24,5.490267185187339e+24
2225.0,2.2959197555045514e+24,2.8871510886628853e+24,3.765520520476017e+24,4.71809294060265e+24,5.510831063926526e+24
2226.0,2.3001746179507694e+24,2.8900397886083883e+24,3.7742950732928266e+24,4.7265264529707405e+24,5.530410870037157e+24
2227.0,2.3021474104246763e+24,2.891118664081264e+24,3.7848776327645894e+24,4.742825456895597e+24,5.550700734373126e+24
2228.0,2.306139975575266e+24,2.892666833641336e+24,3.7944740676864273e+24,4.7555702954258823e+24,5.571214784067233e+24
2229.0,2.3108527020207518e+24,2.899819507226434e+24,3.8040599612836726e+24,4.765893503900976e+24,5.587041859492526e+24
2230.0,2.3157207160279985e+24,2.903782734104187e+24,3.8154599328326405e+24,4.776031468378604e+24,5.599036559780688e+24
2231.0,2.3222239615020274e+24,2.913530009321056e+24,3.825962521107241e+24,4.785478031988588e+24,5.619689966500943e+24
2232.0,2.3280491268127355e+24,2.9174371196982364e+24,3.8319202105020993e+24,4.794566951659901e+24,5.640555310515212e+24
2233.0,2.3301497505808056e+24,2.918338262498049e+24,3.839332657499794e+24,4.803227286312876e+24,5.653430588154561e+24
2234.0,2.3339257951777418e+24,2.9208182915257905e+24,3.845127948099608e+24,4.8112412747844147e+24,5.670742644012228e+24
2235.0,2.3324689929741912e+24,2.926902336099159e+24,3.8526177809485186e+24,4.8202204035550795e+24,5.690852098147192e+24
2236.0,2.3282573240582136e+24,2.9283237788915376e+24,3.856618525377432e+24,4.829999779750229e+24,5.710627772451978e+24
2237.0,2.3283249233062462e+24,2.930676935889054e+24,3.8604944393273615e+24,4.839429782013939e+24,5.7282168046038e+24
2238.0,2.3282065152782538e+24,2.932747032794025e+24,3.8639669207988277e+24,4.848308905494408e+24,5.741623340901243e+24
2239.0,2.3296517691931567e+24,2.9358545337303567e+24,3.871799039063557e+24,4.860529034701337e+24,5.755218778729788e+24
2240.0,2.3303997928891131e+24,2.93783245228112e+24,3.883723893597968e+24,4.870792746711116e+24,5.769083766364907e+24
2241.0,2.3314006744780426e+24,2.941244168081432e+24,3.897398071681527e+24,4.881199812842943e+24,5.784373293863815e+24
2242.0,2.334544657289101e+24,2.9470226928848713e+24,3.9082283174830367e+24,4.893199450523515e+24,5.797406079259692e+24
2243.0,2.339261958027287e+24,2.952409674748261e+24,3.912654744068473e+24,4.906261465731003e+24,5.813207689541029e+24
2244.0,2.3412200824472527e+24,2.95368327293553e+24,3.9167882151692256e+24,4.921521510957173e+24,5.827699349720385e+24
2245.0,2.3455939543555953e+24,2.9586620420120994e+24,3.921049226079882e+24,4.932054511066867e+24,5.84096523166031e+24
2246.0,2.3484445528841754e+24,2.961312047039675e+24,3.931389654465453e+24,4.941522143409118e+24,5.855045380635306e+24
2247.0,2.3523279376721622e+24,2.963119228960235e+24,3.9354131281128e+24,4.951099181361498e+24,5.866461935183708e+24
2248.0,2.3532946448575754e+24,2.9663422326381247e+24,3.9417568134296827e+24,4.959329382017022e+24,5.879114831101316e+24
2249.0,2.3614267443510862e+24,2.96866468309665e+24,3.947664012230342e+24,4.969463289634898e+24,5.891520654990873e+24
2250.0,2.3646293817169726e+24,2.968470235520593e+24,3.955830520141415e+24,4.981935890471164e+24,5.903051455606325e+24
2251.0,2.3655211520563836e+24,2.968465702955193e+24,3.9607233407909925e+24,4.992479868415768e+24,5.914306224926037e+24
2252.0,2.3631097907533015e+24,2.9702502080877713e+24,3.966632423638087e+24,5.005821930179339e+24,5.926800440497785e+24
2253.0,2.3626672033123132e+24,2.9731543125453307e+24,3.9744341722668666e+24,5.01994117599117e+24,5.936437096307201e+24
2254.0,2.3614110633619767e+24,2.976564681804977e+24,3.9828616054071886e+24,5.029413285990756e+24,5.947062480891157e+24
2255.0,2.3623564780928896e+24,2.980340333090381e+24,3.992123616639497e+24,5.039601392808418e+24,5.957811833235765e+24
2256.0,2.3611118814381038e+24,2.987280410831857e+24,4.0016673530327895e+24,5.052094717300611e+24,5.970653511921005e+24
2257.0,2.3596600453913578e+24,2.989613387422793e+24,4.01187491618261e+24,5.065879958938833e+24,5.98298374468105e+24
2258.0,2.3582702926092488e+24,2.99097793512222e+24,4.0186490641372173e+24,5.074838897660687e+24,5.995897778706565e+24
2259.0,2.3574511815357744e+24,2.9964451460432574e+24,4.0296312632368874e+24,5.084049365256818e+24,6.00967649737323e+24
2260.0,2.3552193220533513e+24,3.00022351619179e+24,4.032921150547074e+24,5.094033911066642e+24,6.019654404980568e+24
2261.0,2.3548126549238947e+24,3.003659975214952e+24,4.038134882265708e+24,5.101992000886453e+24,6.030055469281272e+24
2262.0,2.35292250245222e+24,3.008884137451114e+24,4.046008215833418e+24,5.113753434334823e+24,6.039099239118861e+24
2263.0,2.3516801989305852e+24,3.013720564302059e+24,4.0516055260293936e+24,5.123966684709401e+24,6.04679551843944e+24
2264.0,2.3508696042808013e+24,3.018707697482906e+24,4.0562613594859763e+24,5.131663608701845e+24,6.055213091221589e+24
2265.0,2.3484117422622908e+24,3.0214416312513054e+24,4.056609503066078e+24,5.140410539171929e+24,6.066977516110052e+24
2266.0,2.3466388767756393e+24,3.026553572348898e+24,4.0596681897518705e+24,5.149958257689338e+24,6.079177693623173e+24
2267.0,2.3450815838483887e+24,3.03178119323296e+24,4.0638850043752457e+24,5.1595695255618e+24,6.089303733932802e+24
2268.0,2.3440910820376821e+24,3.040180081860271e+24,4.07352762530089e+24,5.169370972730783e+24,6.102538131604062e+24
2269.0,2.3437143300346226e+24,3.0456507798482294e+24,4.07773395180429e+24,5.179673119447615e+24,6.117151225963179e+24
2270.0,2.3430646999491043e+24,3.0496837837952483e+24,4.083272703728566e+24,5.189718478966778e+24,6.130941372870065e+24
2271.0,2.3408660988009195e+24,3.052565778586549e+24,4.0886731396501295e+24,5.195752809041872e+24,6.14552435226666e+24
2272.0,2.3390310492599368e+24,3.054613351547105e+24,4.0977288865566024e+24,5.205046081328874e+24,6.159349071241916e+24
2273.0,2.336863555092917e+24,3.0541037021575113e+24,4.106337794085107e+24,5.214228625560758e+24,6.172037173927015e+24
2274.0,2.336501960374775e+24,3.0536762568367814e+24,4.1055286292052584e+24,5.222266793777268e+24,6.184379329354239e+24
2275.0,2.3356025566335954e+24,3.0576829745193595e+24,4.1125234220016723e+24,5.227031326029849e+24,6.200628896837303e+24
2276.0,2.333723999851081e+24,3.0589250061669845e+24,4.1194945900691494e+24,5.233821645820596e+24,6.21335900185486e+24
2277.0,2.3324558643201913e+24,3.0608994385486877e+24,4.1239924399712905e+24,5.244013277054682e+24,6.227503129061731e+24
2278.0,2.3313212072773465e+24,3.0636744775195057e+24,4.1313033787289076e+24,5.253487983514732e+24,6.24211549057754e+24
2279.0,2.3309237466825246e+24,3.063548793904337e+24,4.135352160797784e+24,5.260970511764116e+24,6.258078446002119e+24
2280.0,2.328851918353175e+24,3.063381642420822e+24,4.1386285522216146e+24,5.270161086778194e+24,6.271335336127653e+24
2281.0,2.3269818449749296e+24,3.0669788510110525e+24,4.139729409417197e+24,5.277378153792259e+24,6.283129837729518e+24
2282.0,2.325668912420215e+24,3.0766654593236983e+24,4.1420562232934986e+24,5.286771343325641e+24,6.296221605920006e+24
2283.0,2.3261547835947335e+24,3.081609017708078e+24,4.1438474989826456e+24,5.294740970018575e+24,6.305294610755682e+24
2284.0,2.3249568634107493e+24,3.0832878928556805e+24,4.1490577584999626e+24,5.30382580369406e+24,6.314980494408491e+24
2285.0,2.321814493197855e+24,3.083793930495584e+24,4.1535356549380983e+24,5.312592713921113e+24,6.325056014643723e+24
2286.0,2.318186229918037e+24,3.078540002656165e+24,4.1587398444710216e+24,5.320457431888495e+24,6.334867623268212e+24
2287.0,2.3160618592166603e+24,3.0828976698591854e+24,4.165337176985757e+24,5.332114098597647e+24,6.343226802300162e+24
2288.0,2.3129893254376947e+24,3.0887121720613244e+24,4.1700342853407744e+24,5.341994164381709e+24,6.350679306444631e+24
2289.0,2.3121492932660422e+24,3.0936046793445804e+24,4.1724605400889914e+24,5.35003189600807e+24,6.358763081345919e+24
2290.0,2.3107588396838992e+24,3.092904782346202e+24,4.175257136477344e+24,5.353981304004106e+24,6.369496660096551e+24
2291.0,2.3090169928944846e+24,3.093078596381409e+24,4.181074042178766e+24,5.35855954620264e+24,6.379645023324622e+24
2292.0,2.306434459535516e+24,3.094013727108202e+24,4.183080823244298e+24,5.366768049826121e+24,6.38982480531739e+24
2293.0,2.309439000639985e+24,3.09735006343064e+24,4.1865801485158255e+24,5.373404616014677e+24,6.400084380448727e+24
2294.0,2.3119493391204164e+24,3.0951952398680984e+24,4.1926937975449724e+24,5.379954310120548e+24,6.408541247272455e+24
2295.0,2.313643244759129e+24,3.0948456452958226e+24,4.199929714466706e+24,5.385746241584478e+24,6.416170035613929e+24
2296.0,2.314270839497417e+24,3.095800063817819e+24,4.205012818007676e+24,5.394285456943613e+24,6.426083939658089e+24
2297.0,2.3123943570799036e+24,3.096020798834148e+24,4.209939895139698e+24,5.401884878436241e+24,6.435421661220995e+24
2298.0,2.3111953358395755e+24,3.0979060677084553e+24,4.2097302958751126e+24,5.407222915238376e+24,6.446311731442075e+24
2299.0,2.3125496363416497e+24,3.099626583373615e+24,4.216336522422923e+24,5.418018893779879e+24,6.456526089611967e+24
2300.0,2.3125117815830334e+24,3.0976661273480504e+24,4.222716564594193e+24,5.427825111467811e+24,6.467082015412478e+24
2301.0,2.312565132175747e+24,3.096086978348588e+24,4.2296628206010745e+24,5.434269507029159e+24,6.47624268973219e+24
2302.0,2.313856504695835e+24,3.0961377852973364e+24,4.2328842962315704e+24,5.442859384711735e+24,6.485100662608031e+24
2303.0,2.314357732265771e+24,3.0968718026839366e+24,4.2358009342655116e+24,5.454525420204502e+24,6.49385091752722e+24
2304.0,2.3153887456156544e+24,3.09729145812623e+24,4.23821872184195e+24,5.466260492771608e+24,6.504911797418628e+24
2305.0,2.318805042632375e+24,3.0977046249366757e+24,4.24138976808264e+24,5.470224850209371e+24,6.51463359245105e+24
2306.0,2.3211443982850315e+24,3.099043870681156e+24,4.2401829621603476e+24,5.474342177811181e+24,6.524408111646719e+24
2307.0,2.3228315926806192e+24,3.0999887484943354e+24,4.242281652612938e+24,5.478324022102667e+24,6.533951593671544e+24
2308.0,2.3246019299248852e+24,3.1019078184596193e+24,4.2464776919850175e+24,5.486024373860823e+24,6.542596448467669e+24
2309.0,2.3293048637098784e+24,3.103587052693228e+24,4.257865997345417e+24,5.494408198917529e+24,6.550306168671025e+24
2310.0,2.3304497888957714e+24,3.10579969824927e+24,4.264350220071007e+24,5.499218726287733e+24,6.559515009428993e+24
2311.0,2.3328314193203228e+24,3.1080876333234883e+24,4.264538338232015e+24,5.503772171779154e+24,6.568235860946467e+24
2312.0,2.337835600943068e+24,3.1105409285896907e+24,4.2658905342293384e+24,5.511163890075184e+24,6.579511957280924e+24
2313.0,2.3343645565808005e+24,3.109468358203802e+24,4.272897179347024e+24,5.511896780300821e+24,6.588533773919195e+24
2314.0,2.342559757812631e+24,3.108130135084416e+24,4.2757880047157327e+24,5.517845662633699e+24,6.596343605964221e+24
2315.0,2.3512073606064797e+24,3.1102845189660916e+24,4.2817951366216536e+24,5.521391675525727e+24,6.603768245978614e+24
2316.0,2.3552600949311608e+24,3.112732809715647e+24,4.2878927494010267e+24,5.524773170116336e+24,6.612134768788775e+24
2317.0,2.3612085527062685e+24,3.112125702970408e+24,4.2943092495789235e+24,5.529065319687263e+24,6.619043874994481e+24
2318.0,2.3659287182657378e+24,3.1170097475403463e+24,4.302792016631985e+24,5.532773112499901e+24,6.625827658097794e+24
2319.0,2.3654866538870385e+24,3.1224318135104516e+24,4.311831247172979e+24,5.538549912346612e+24,6.634791351315234e+24
2320.0,2.361893849934969e+24,3.124507585824801e+24,4.3138057441391314e+24,5.543522104414422e+24,6.642437346228537e+24
2321.0,2.35919812689619e+24,3.1269602805819545e+24,4.31622442665846e+24,5.551670669853139e+24,6.652411501223308e+24
2322.0,2.3566849624707116e+24,3.1277281480363425e+24,4.322031140873578e+24,5.561723727892548e+24,6.663440453211022e+24
2323.0,2.3581069144118154e+24,3.1310509481544307e+24,4.3245260856904995e+24,5.571773782651172e+24,6.674682784013046e+24
2324.0,2.3645672976380986e+24,3.132883477137595e+24,4.3271343533471983e+24,5.582954698241646e+24,6.684468298540227e+24
2325.0,2.365323380411653e+24,3.134254171792536e+24,4.328407972714185e+24,5.587912322071375e+24,6.693513356690254e+24
2326.0,2.3643862928322704e+24,3.13600085059975e+24,4.33147596291024e+24,5.591045323658396e+24,6.700450770962549e+24
2327.0,2.366078318459013e+24,3.1385263684644537e+24,4.336920193811776e+24,5.591502517996707e+24,6.710172799152234e+24
2328.0,2.3669371857930596e+24,3.138670460933152e+24,4.3437417289420097e+24,5.593920016623805e+24,6.72117265188078e+24
2329.0,2.3662897954560242e+24,3.1376009685388626e+24,4.3470564001550726e+24,5.600144239316648e+24,6.731889243312088e+24
2330.0,2.3642212594214793e+24,3.136632196813322e+24,4.350764803628438e+24,5.607369239797197e+24,6.741745395998217e+24
2331.0,2.3606595623350782e+24,3.136830742140347e+24,4.35579907728904e+24,5.609527607365448e+24,6.75452705790384e+24
2332.0,2.3594917722907356e+24,3.137126219165227e+24,4.360084818081683e+24,5.612537818652834e+24,6.766762534344138e+24
2333.0,2.3568145857936036e+24,3.1371690816472654e+24,4.3627651656551855e+24,5.614940077988185e+24,6.776517802192459e+24
2334.0,2.3546944803395535e+24,3.137508374840948e+24,4.370061395594227e+24,5.61930348637455e+24,6.786393910972105e+24
2335.0,2.3555700834823424e+24,3.1377994111779566e+24,4.3763762894023816e+24,5.62472565386701e+24,6.795895376854087e+24
2336.0,2.3564573742042632e+24,3.138412487353864e+24,4.3824359792606067e+24,5.62911005365006e+24,6.804893007092014e+24
2337.0,2.3576987485389013e+24,3.137425242030788e+24,4.387578423344205e+24,5.635763917514582e+24,6.815438927975576e+24
2338.0,2.357437270782919e+24,3.1383262975929424e+24,4.389926777234013e+24,5.64218082183638e+24,6.827398148557103e+24
2339.0,2.3576826823223445e+24,3.1401298200495037e+24,4.3932959220536334e+24,5.648091475935912e+24,6.839766504662972e+24
2340.0,2.3567517976619201e+24,3.140035144964336e+24,4.401183743602842e+24,5.655015193239152e+24,6.8521296535818e+24
2341.0,2.3561378984750326e+24,3.139958008449854e+24,4.4013441697912234e+24,5.66200913425563e+24,6.865053490563017e+24
2342.0,2.356653878415827e+24,3.1408823252886796e+24,4.403830801665297e+24,5.670538297203141e+24,6.875878525020379e+24
2343.0,2.3547966979003899e+24,3.141249787486552e+24,4.410934954129549e+24,5.677825529369242e+24,6.884974638531756e+24
2344.0,2.354836782974845e+24,3.1436900758850905e+24,4.4122737987972235e+24,5.683865290823009e+24,6.893154077437224e+24
2345.0,2.3544375192672032e+24,3.145171347906082e+24,4.415887973503192e+24,5.691212544768572e+24,6.903921784401196e+24
2346.0,2.351597158367388e+24,3.147722407040907e+24,4.416671527856299e+24,5.698351167647572e+24,6.912361641562232e+24
2347.0,2.3477472540210214e+24,3.1473433407384623e+24,4.417567850854697e+24,5.705077268072441e+24,6.920388429451571e+24
2348.0,2.3429229375584783e+24,3.149494821677414e+24,4.4190002124269816e+24,5.71276424563824e+24,6.926390300581221e+24
2349.0,2.338669223691725e+24,3.154998751872154e+24,4.421017870624244e+24,5.721190815387861e+24,6.933613128791789e+24
2350.0,2.332816697408628e+24,3.159638603912139e+24,4.423031649155015e+24,5.727398153588027e+24,6.941088149084743e+24
2351.0,2.3294687473911182e+24,3.1646330114197053e+24,4.424206748647541e+24,5.733940535306684e+24,6.946351361332326e+24
2352.0,2.3265432304097698e+24,3.16809109135024e+24,4.4254551486129664e+24,5.740322088765732e+24,6.954903255119024e+24
2353.0,2.3247103350721973e+24,3.1682539777731993e+24,4.4269754284960156e+24,5.745962378872913e+24,6.962072330137667e+24
2354.0,2.3245076966226336e+24,3.1620662953747695e+24,4.427272536913301e+24,5.753776423619162e+24,6.966270225687237e+24
2355.0,2.3219311040535766e+24,3.1601920982252854e+24,4.4280669582850554e+24,5.76053701032308e+24,6.97098291975097e+24
2356.0,2.3208792105819768e+24,3.160640873582912e+24,4.4289484701605524e+24,5.765635459358417e+24,6.975974592582286e+24
2357.0,2.3223256719908157e+24,3.1593513993306224e+24,4.4305425502754347e+24,5.769992066789308e+24,6.983580664122614e+24
2358.0,2.326455395724016e+24,3.159655351559338e+24,4.438353218626174e+24,5.774055910503122e+24,6.990597918312835e+24
2359.0,2.3290926718957402e+24,3.1597953224983864e+24,4.443799683344059e+24,5.780926070735802e+24,6.995784892572374e+24
2360.0,2.3319360318873882e+24,3.160334097451024e+24,4.4489731972102397e+24,5.786433841015009e+24,6.999870341555716e+24
2361.0,2.3344569295318457e+24,3.161500454287294e+24,4.454683189831308e+24,5.790561439270412e+24,7.003777063852764e+24
2362.0,2.336892778151945e+24,3.161898041416046e+24,4.460393320890413e+24,5.797514452996985e+24,7.012518293094468e+24
2363.0,2.3393519512129158e+24,3.1616978341149137e+24,4.4582323045650505e+24,5.804840557682916e+24,7.026717933361479e+24
2364.0,2.3420405719592053e+24,3.160384485514422e+24,4.460889813556226e+24,5.811721382767014e+24,7.041054242439445e+24
2365.0,2.3438152070880783e+24,3.160061201762415e+24,4.4653402892514227e+24,5.819756502659233e+24,7.049615970705742e+24
2366.0,2.3425903015625835e+24,3.1595281935825495e+24,4.4703479031169284e+24,5.823300054430568e+24,7.059276476369091e+24
2367.0,2.3424727907054657e+24,3.160511213540663e+24,4.470652506727145e+24,5.830403619955677e+24,7.068067397225404e+24
2368.0,2.3404278551873773e+24,3.159232825507528e+24,4.47300170985108e+24,5.835823520143243e+24,7.079021308979177e+24
2369.0,2.338645673038437e+24,3.15354413821423e+24,4.477216377320876e+24,5.84285777687078e+24,7.088603147966318e+24
2370.0,2.3356240785359784e+24,3.150361706368148e+24,4.4847777692611246e+24,5.847556554250739e+24,7.098075755379621e+24
2371.0,2.338610213268444e+24,3.150081333543494e+24,4.4908477894817303e+24,5.853261054922585e+24,7.105603863679801e+24
2372.0,2.3418590734910172e+24,3.14958985650493e+24,4.4928818283182254e+24,5.857052387015693e+24,7.11486372017784e+24
2373.0,2.3464132632472222e+24,3.1510515516141526e+24,4.496224298513551e+24,5.866698758942713e+24,7.122387426199021e+24
2374.0,2.353197118335056e+24,3.157240893874659e+24,4.4984475928736746e+24,5.874304275310937e+24,7.130048431577831e+24
2375.0,2.3553524216376456e+24,3.164599888577133e+24,4.502801584507638e+24,5.878414534261624e+24,7.134259242152032e+24
2376.0,2.3539243619931475e+24,3.1711657740634665e+24,4.50714224075418e+24,5.881880958741182e+24,7.141558489076742e+24
2377.0,2.352117451705587e+24,3.1758722095102485e+24,4.5084110518233276e+24,5.88704678414429e+24,7.149839930675648e+24
2378.0,2.3519077216997422e+24,3.1799302529909725e+24,4.509058066043254e+24,5.896127680178009e+24,7.157389814235394e+24
2379.0,2.35233044510465e+24,3.1803831709177056e+24,4.5100462235889264e+24,5.902440771749024e+24,7.16855421486268e+24
2380.0,2.353770317819702e+24,3.1787022462495085e+24,4.513003537014024e+24,5.90327243554117e+24,7.183374557519933e+24
2381.0,2.3544585631038638e+24,3.177596423311206e+24,4.51639645444378e+24,5.907455299627302e+24,7.189009006453524e+24
2382.0,2.358967589879219e+24,3.1761030806743113e+24,4.521085767927049e+24,5.908517208239309e+24,7.195075880348326e+24
2383.0,2.363947480445959e+24,3.176568201555137e+24,4.526590696103465e+24,5.9115706880143e+24,7.201876707625191e+24
2384.0,2.362064770818692e+24,3.176189131202806e+24,4.529420268268658e+24,5.917149590068625e+24,7.210994534268489e+24
2385.0,2.360292035446794e+24,3.174545425143463e+24,4.530428777516111e+24,5.923161522513454e+24,7.219841410903707e+24
2386.0,2.361787972464856e+24,3.172161925057757e+24,4.5319150682802644e+24,5.926909390696364e+24,7.226758891176654e+24
2387.0,2.362620435603532e+24,3.1736111977216167e+24,4.530983275050961e+24,5.934844076257547e+24,7.23462027257481e+24
2388.0,2.3630250017911242e+24,3.173552580393622e+24,4.5326527226929143e+24,5.942933003295978e+24,7.241326442244975e+24
2389.0,2.3646580261558736e+24,3.1768151940091935e+24,4.534325234326419e+24,5.952402153402338e+24,7.249931781621175e+24
2390.0,2.3659932661669564e+24,3.1780122482496304e+24,4.533142416585269e+24,5.955743225633286e+24,7.256730444710418e+24
2391.0,2.3595655262042823e+24,3.1796402599472744e+24,4.53316327999078e+24,5.956492581371474e+24,7.26510334858651e+24
2392.0,2.3617112577058888e+24,3.184042465962746e+24,4.5324983437516287e+24,5.960462324147308e+24,7.270189462106516e+24
2393.0,2.366236343589466e+24,3.184285404249546e+24,4.534247252026431e+24,5.966089238060546e+24,7.274546936240073e+24
2394.0,2.367213115230799e+24,3.186771302936826e+24,4.5384360638306853e+24,5.97416087097418e+24,7.282083018043215e+24
2395.0,2.3693215895221377e+24,3.188966830953724e+24,4.543303057769495e+24,5.980622909351681e+24,7.286509450423783e+24
2396.0,2.3730920004137134e+24,3.1887294002346786e+24,4.5473386814258093e+24,5.98707121759211e+24,7.289548454603331e+24
2397.0,2.3748370455635636e+24,3.18790218014346e+24,4.549038909194945e+24,5.991919136107723e+24,7.294244343792005e+24
2398.0,2.374932664614243e+24,3.1869004469209465e+24,4.5525769842765093e+24,5.996905025710315e+24,7.302765697692888e+24
2399.0,2.3728499268651933e+24,3.185105512917813e+24,4.556632181717846e+24,6.001793470419169e+24,7.312523152874047e+24
2400.0,2.370950421019666e+24,3.1844068731787097e+24,4.559164346714877e+24,6.007197857340093e+24,7.319985333725035e+24
2401.0,2.3719593179613568e+24,3.18348548367871e+24,4.5597530677713804e+24,6.013507632777925e+24,7.327986539584074e+24
2402.0,2.3758738448632755e+24,3.1827758386501763e+24,4.5627783582711573e+24,6.018140359571807e+24,7.33291698891209e+24
2403.0,2.3779328248360175e+24,3.181391751291747e+24,4.563714119287384e+24,6.023651520012379e+24,7.341944638654731e+24
2404.0,2.372376836881963e+24,3.1808797591439407e+24,4.566972806921196e+24,6.027941326843962e+24,7.348120393511313e+24
2405.0,2.3741276034497895e+24,3.1801987777791983e+24,4.567675010442123e+24,6.031999867224254e+24,7.356910559837951e+24
2406.0,2.378438788810855e+24,3.176982984316206e+24,4.5680992193141713e+24,6.038994449617493e+24,7.361295188522921e+24
2407.0,2.3745205898933497e+24,3.1732116943947505e+24,4.568503318394444e+24,6.047403356163956e+24,7.365917972585536e+24
2408.0,2.3730595047800507e+24,3.1686385495091914e+24,4.5685053287262316e+24,6.052492121958238e+24,7.372785207849604e+24
2409.0,2.370159152552069e+24,3.1680510332613484e+24,4.5700271547910455e+24,6.055052421613097e+24,7.377746973635679e+24
2410.0,2.368733727376215e+24,3.1674618364695773e+24,4.573394659905977e+24,6.055804550624975e+24,7.384854629817222e+24
2411.0,2.3652748839054312e+24,3.170884619305181e+24,4.574533375417174e+24,6.060688723327121e+24,7.391164099235316e+24
2412.0,2.3592400558524188e+24,3.175164135748195e+24,4.5751665030698765e+24,6.064516079095795e+24,7.398224634790143e+24
2413.0,2.3549956955559916e+24,3.178425429980071e+24,4.5722456659863213e+24,6.069500842015424e+24,7.40730823783443e+24
2414.0,2.3543084812269645e+24,3.178556821206038e+24,4.575335635705156e+24,6.07465829552303e+24,7.417457643687129e+24
2415.0,2.3530450127978674e+24,3.179334999635255e+24,4.5798613783998923e+24,6.080211886724364e+24,7.426053803504264e+24
2416.0,2.3528001811633955e+24,3.180987887031366e+24,4.5820753779011976e+24,6.082721400413806e+24,7.436807462710773e+24
2417.0,2.3518672332365848e+24,3.184101909530179e+24,4.5837746288500355e+24,6.087554844721619e+24,7.447979151379933e+24
2418.0,2.3481450036383288e+24,3.187125066458547e+24,4.586510302321043e+24,6.094415980776367e+24,7.452540069541571e+24
2419.0,2.3440309396660856e+24,3.187475436188725e+24,4.5918036411010113e+24,6.10092019833424e+24,7.45949775852829e+24
2420.0,2.3435214003998715e+24,3.186334545060774e+24,4.5945246360650083e+24,6.105690483917259e+24,7.462031988691952e+24
2421.0,2.33914723134746e+24,3.185385725856259e+24,4.593429704339991e+24,6.108346145789949e+24,7.469770699193312e+24
2422.0,2.336080507687828e+24,3.185086891084053e+24,4.5926624394665247e+24,6.109952220736997e+24,7.475940659032088e+24
2423.0,2.334599410260522e+24,3.1847019591860665e+24,4.594988072051311e+24,6.115584112444946e+24,7.477932866601124e+24
2424.0,2.331827420090949e+24,3.1868538437894075e+24,4.594740068873957e+24,6.122576010201609e+24,7.482895417325222e+24
2425.0,2.3291274887220065e+24,3.191522614905213e+24,4.595108364604059e+24,6.126703607099538e+24,7.489607522743697e+24
2426.0,2.3275211991611898e+24,3.191025729473561e+24,4.597116840483764e+24,6.131953961401333e+24,7.496342246855391e+24
2427.0,2.3273572150680486e+24,3.191148615022839e+24,4.602758540295756e+24,6.13550271460238e+24,7.500489826071432e+24
2428.0,2.326056407438473e+24,3.1912679698537465e+24,4.6022945397926445e+24,6.137473906305598e+24,7.508106833455201e+24
2429.0,2.325212702348718e+24,3.1915177753981596e+24,4.60281240653381e+24,6.140797256026743e+24,7.516486921901725e+24
2430.0,2.324795139074714e+24,3.19591828449871e+24,4.602974738245739e+24,6.14455208108978e+24,7.521766918397738e+24
2431.0,2.3247813716093322e+24,3.1991794079270646e+24,4.6026065111691973e+24,6.14908517895165e+24,7.531794573405231e+24
2432.0,2.327576602124819e+24,3.2014102276249966e+24,4.603645370252543e+24,6.15202482323304e+24,7.535664233751721e+24
2433.0,2.3240944204445192e+24,3.204215813646527e+24,4.6038490807133875e+24,6.156037224199679e+24,7.538284896432295e+24
2434.0,2.3237487334008993e+24,3.2060514395451304e+24,4.6038271315949073e+24,6.161428704383462e+24,7.541693853514701e+24
2435.0,2.3218130982971405e+24,3.20778800059494e+24,4.607364511845411e+24,6.165017989649005e+24,7.551619385016828e+24
2436.0,2.3206778056535527e+24,3.206326632442906e+24,4.607999199802585e+24,6.167240382160023e+24,7.562217120499483e+24
2437.0,2.319396172501131e+24,3.2050633324134205e+24,4.610664818750138e+24,6.167906521211175e+24,7.570048316445004e+24
2438.0,2.3230576935722707e+24,3.205827800942186e+24,4.610831159825838e+24,6.170163927299502e+24,7.578048943014249e+24
2439.0,2.3238722022164e+24,3.2088853969483665e+24,4.6144769740187964e+24,6.173800729748429e+24,7.583895597081116e+24
2440.0,2.3214821219171094e+24,3.214031838667829e+24,4.61496826929832e+24,6.176294920099256e+24,7.590423452973129e+24
2441.0,2.327341201537463e+24,3.214831709385668e+24,4.6205225215902993e+24,6.181416469069456e+24,7.600244923929576e+24
2442.0,2.3267990277370526e+24,3.212500934090815e+24,4.622687977090953e+24,6.18291827869412e+24,7.608588772509845e+24
2443.0,2.324659469160491e+24,3.2105426820961423e+24,4.622713787734687e+24,6.189256343288229e+24,7.613627586785657e+24
2444.0,2.3211618413940354e+24,3.214462769306635e+24,4.6246177471172943e+24,6.193812965581939e+24,7.621835540539714e+24
2445.0,2.319416788893047e+24,3.215917312333987e+24,4.630835774930318e+24,6.20525603459142e+24,7.631858535237725e+24
2446.0,2.3243628457795077e+24,3.2137773451204277e+24,4.6329045963308093e+24,6.210562123415487e+24,7.639799924288061e+24
2447.0,2.323892814451574e+24,3.210973636693546e+24,4.6316574727364735e+24,6.216528490766872e+24,7.645874825391219e+24
2448.0,2.3233912248158522e+24,3.211502136604837e+24,4.637820461777524e+24,6.221469551657253e+24,7.651986812488141e+24
2449.0,2.3258407735836775e+24,3.212421382241487e+24,4.642069746143071e+24,6.226923716079737e+24,7.658172399628175e+24
2450.0,2.3245069577397153e+24,3.213427887462351e+24,4.643111819444886e+24,6.232860361991702e+24,7.663800812923777e+24
2451.0,2.320318161557118e+24,3.216016444199882e+24,4.642775748793446e+24,6.237902310513653e+24,7.66916244058995e+24
2452.0,2.318585695203946e+24,3.2170619504999956e+24,4.6426250305090007e+24,6.243617201580961e+24,7.675176503743928e+24
2453.0,2.31588920078082e+24,3.2164389043369633e+24,4.642794409284982e+24,6.250732185345859e+24,7.683394220825936e+24
2454.0,2.3184992937895388e+24,3.218765361973839e+24,4.648502649487224e+24,6.255032880436905e+24,7.691103230896479e+24
2455.0,2.3223263280684723e+24,3.215691619744943e+24,4.652429041344355e+24,6.258668094040262e+24,7.699558813294422e+24
2456.0,2.3239175989434646e+24,3.2144069423645336e+24,4.6581121410895974e+24,6.262048249485058e+24,7.706791070099591e+24
2457.0,2.3256892689939324e+24,3.212844506252584e+24,4.6588296575889944e+24,6.26395806392037e+24,7.714048153803007e+24
2458.0,2.3314225800958404e+24,3.21053820865999e+24,4.656539076161368e+24,6.265601132754947e+24,7.721181757273651e+24
2459.0,2.3362468405085052e+24,3.2088331785192234e+24,4.65458130320538e+24,6.268089962326337e+24,7.728741860093363e+24
2460.0,2.3352989268496489e+24,3.2095052024199673e+24,4.6521075890050505e+24,6.270626484242087e+24,7.736178902574611e+24
2461.0,2.3296582067470883e+24,3.2116193914233284e+24,4.6542385123825627e+24,6.271310136237129e+24,7.74173454511719e+24
2462.0,2.329827274545028e+24,3.2144803181768344e+24,4.652608499253185e+24,6.270975108577296e+24,7.74852248929896e+24
2463.0,2.3246562429232098e+24,3.214988271000986e+24,4.65384396857746e+24,6.275954860927848e+24,7.750802222255671e+24
2464.0,2.322595644839598e+24,3.216971263236706e+24,4.6515049167018625e+24,6.281451836124677e+24,7.753930761845048e+24
2465.0,2.3154159768658214e+24,3.2172855643461477e+24,4.65195590479623e+24,6.287903085680355e+24,7.757056877861838e+24
2466.0,2.3157878281934438e+24,3.2185974815413783e+24,4.651274389603801e+24,6.292953750563652e+24,7.759819298637518e+24
2467.0,2.3126658879927435e+24,3.2209014886190226e+24,4.6512762077239346e+24,6.297005436505545e+24,7.761910084623391e+24
2468.0,2.3110755602915855e+24,3.2227583475221626e+24,4.6572314350592195e+24,6.299302282269936e+24,7.762151642612965e+24
2469.0,2.309786677888549e+24,3.223917742803765e+24,4.660572442222403e+24,6.301783535685473e+24,7.762120878399058e+24
2470.0,2.3041724708034507e+24,3.2229229870026684e+24,4.6634547564571277e+24,6.305916368140685e+24,7.764967395597636e+24
2471.0,2.3060973749367648e+24,3.227691576864357e+24,4.6771750341262256e+24,6.312109835770297e+24,7.76615216890006e+24
2472.0,2.3072408700492788e+24,3.22539833250889e+24,4.6803736554047213e+24,6.317903163225531e+24,7.770554769162022e+24
2473.0,2.3074180197513145e+24,3.2237422616141847e+24,4.681840644353317e+24,6.322385058100473e+24,7.778751713894167e+24
2474.0,2.3060077390079007e+24,3.2237435734671616e+24,4.6850317470116204e+24,6.32666001918146e+24,7.787088484556846e+24
2475.0,2.300227874832561e+24,3.22599055713463e+24,4.686326714521702e+24,6.330114153048242e+24,7.796089909395723e+24
2476.0,2.2921689236673547e+24,3.2261750962159407e+24,4.688013776706157e+24,6.333434283530881e+24,7.801048758361474e+24
2477.0,2.2905622932985777e+24,3.2274814551681736e+24,4.6894683275902244e+24,6.338227343036699e+24,7.806925171608975e+24
2478.0,2.2926010367426682e+24,3.2287688522550224e+24,4.690918379167824e+24,6.341049367568636e+24,7.812289919801557e+24
2479.0,2.2920619504568276e+24,3.2300054930154297e+24,4.692289991180093e+24,6.341018090711404e+24,7.818727998478918e+24
2480.0,2.2922329232772926e+24,3.2329054583538535e+24,4.693973102628963e+24,6.344969839006733e+24,7.825117991390136e+24
2481.0,2.2908300980925228e+24,3.2346129143270764e+24,4.6996398739826977e+24,6.346368912004746e+24,7.832807584547002e+24
2482.0,2.289976820869889e+24,3.2349391969449153e+24,4.697448060389657e+24,6.35095701492469e+24,7.838737597904464e+24
2483.0,2.288198834969222e+24,3.233202336857626e+24,4.6985552207952867e+24,6.3497944486605e+24,7.844305425295017e+24
2484.0,2.284447883323893e+24,3.2305120402530464e+24,4.6996948781480795e+24,6.350872146659957e+24,7.851423122686775e+24
2485.0,2.2826738643749717e+24,3.2293002510093346e+24,4.702063262283293e+24,6.351985941453546e+24,7.85452608531005e+24
2486.0,2.2840589560779532e+24,3.228426309428611e+24,4.7056575470338775e+24,6.354758323489076e+24,7.859615102787429e+24
2487.0,2.2861213753946532e+24,3.2263100125118416e+24,4.7090297735841254e+24,6.362376085902664e+24,7.863008163307125e+24
2488.0,2.2872948821253004e+24,3.2259647392711733e+24,4.7140003869521223e+24,6.367603745596445e+24,7.865510504149024e+24
2489.0,2.2869216243899832e+24,3.224927130924036e+24,4.7171900016782063e+24,6.370812731729307e+24,7.868772999445785e+24
2490.0,2.2854428457209554e+24,3.2244277934188095e+24,4.7188658396556846e+24,6.369043052941073e+24,7.873813017095038e+24
2491.0,2.2844116367201953e+24,3.225816347206082e+24,4.719137118316845e+24,6.372407017973086e+24,7.877375788892672e+24
2492.0,2.2840670876993993e+24,3.228773121487811e+24,4.7219621023272424e+24,6.374705580445082e+24,7.880510688872801e+24
2493.0,2.281671795787506e+24,3.2327667185666816e+24,4.7236659853280756e+24,6.376959305119718e+24,7.882029954364262e+24
2494.0,2.2845957673822278e+24,3.2361364679569187e+24,4.7236119554601146e+24,6.37725673372492e+24,7.886419361096453e+24
2495.0,2.2828018640457146e+24,3.2343388610463494e+24,4.7222616808752843e+24,6.374148672703718e+24,7.89013550786243e+24
2496.0,2.281531518203265e+24,3.235915464409124e+24,4.721392752672072e+24,6.372956107080688e+24,7.894451714603326e+24
2497.0,2.2799392403026332e+24,3.234079714962302e+24,4.7237103378237214e+24,6.378458576316611e+24,7.903315380441023e+24
2498.0,2.279643602239266e+24,3.231218022955286e+24,4.726320952942873e+24,6.384449900037547e+24,7.910206220273495e+24
2499.0,2.278997919141449e+24,3.229493113313894e+24,4.7307661861841497e+24,6.39257224209176e+24,7.910977816968619e+24
2500.0,2.27934053748667e+24,3.228600745042571e+24,4.7332373163372223e+24,6.398805003629618e+24,7.913375052967956e+24
