Run,Ocean.Depth of warm surface ocean layer[1],Ocean.Thickness of intermediate ocean layer[1],Ocean.Depth of cold surface ocean layer[1],Ocean.Reference overturning strength in Sv[1],Ocean.Reference intermediate to warm surface ocean mixing strength[1],Ocean.Reference cold surface to deep ocean mixing strength[1],Ocean.Reference strength of biological carbon pump in low latitude ocean[1],Ocean.Reference strength of biological carbon pump in high latitude ocean[1],Ocean.High latitude carbon pump transfer efficiency[1],Forest.Young mature forest biomass ratio[1],Crop.normal harvest index for food crops[1],Crop.sensitivity of effect of crop yield on harvest index[1],Crop.crop yield 1980 reference[1],Crop.harvest index for feed crops[1],Crop.sensitivity of effect of crop residue production on field fraction[1],soil carbon decay.cropland litter input share slow soil carbon[1],soil carbon decay.grassland litter input share slow soil carbon[1],soil carbon decay.mature forest litter input share slow soil carbon[1],soil carbon decay.young forest litter input share slow soil carbon[1],soil carbon decay.natural decay rate fast soil carbon[1],soil carbon decay.natural decay rate litter carbon[1],soil carbon decay.natural decay rate slow soil carbon[1],soil carbon decay.e0[1],soil carbon decay.temp_response[1],degraded land soil carbon.degraded land productivity reduction factor[1],Land Use.forest recovery time[1],Forest.tree net primary production in 1750[1],Grass.grass net primary production in 1750[1],Ocean.Atmospheric CO2 Concentration 1750[1]
Run 1,175.93329860934978,932.5777852138875,398.2071166266453,21.66942932355765,56.85972588784141,15.243309311814514,0.7292218098521059,7.801870795286078,0.2637235401750604,0.579988341811827,0.4292247590806657,0.05757149821794099,5.993388717353204,0.7161008533369401,0.21820504859882503,0.01754117061814645,0.021369186749998582,0.03282135481906291,0.024392074819407042,0.032787113620187464,0.6549456420620474,0.0011549066612362537,295.919733081582,56.16110536974732,0.0936625346884766,58.79133707413027,0.006375743865964643,0.004562882625495883,279.93985690157655
Run 2,358.92543060007944,737.2952540373931,201.1336385780095,23.626199748367256,63.75901344117004,29.249897901851398,2.665861674175007,11.831010415531834,0.14966985095383023,0.32558655235363776,0.41863566223414467,0.07526364902502959,5.813951094802348,0.6661015149440492,0.41567268422633036,0.028180746061999024,0.013111630225848414,0.02405018965138844,0.028938821372501845,0.0337833366442315,0.6543836195708023,0.0008362396561131812,299.65190197624804,55.92434390232689,0.051601269780728536,56.84900754372082,0.007813122583302773,0.004042587619761021,278.8522417440592
Run 3,95.24712889407208,951.2379989010063,493.94205087422205,29.987584250374915,80.67991036412134,13.826509650109475,0.8876107021662397,8.514599171842121,0.23781125375005058,0.3673398258849627,0.40216439253958947,0.06321626706020635,5.667828444208261,0.5646831899114385,0.47763112119920925,0.027373858880272363,0.014732314337193908,0.032569951718853365,0.025196138983897526,0.032494855737953535,0.7315220418438906,0.001024582101472338,299.4245093593034,57.721332723833186,0.08097880247192113,61.49232888782867,0.00509112101980632,0.004564895040418239,277.0872016251293
Run 4,419.3579999843868,951.5155528051165,298.8640217656191,11.440434897466748,71.89458531815207,12.247966414645902,1.5475471907873657,9.712261494298204,0.4643563793252252,0.48476030401117143,0.4051918721159825,0.0896890120308786,6.459878438193906,0.7812673467375479,0.5413153400739167,0.01567639987160699,0.013269240499067714,0.03254336022746057,0.026668300255348713,0.03203705087382641,0.6885916259066303,0.001047358898778375,295.55890991359337,55.96752802288706,0.06005450326126496,51.876524383226226,0.008879310901763273,0.003712188636991446,278.9395812955851
Run 5,87.010391535652,311.41316575060347,258.54572144674097,24.988331302506104,62.724339568216934,10.629590208481837,0.14000983319881644,5.103141015748872,0.28683341497888937,0.5748256385807249,0.44582308287512407,0.07578594359510876,5.964456726107373,0.5387931738823126,0.2422051973434564,0.029485214274087047,0.01651130595864459,0.034154661117146476,0.02563341949004977,0.030729374259701257,0.7324931490689435,0.0009087486026382314,293.6227667457816,59.280775759315794,0.014006420366027403,56.75872346695237,0.00776113666025028,0.0041410234925374646,277.49737429669034
Run 6,76.97318626303135,933.7095878177805,85.49539823526324,14.10137246517051,70.6072491635502,23.744371317432556,2.5678022064163755,7.985390994444832,0.2806283732762266,0.3045197749518472,0.4384638895825734,0.0502947090692622,6.023556261759473,0.5461774744170886,0.2221539324018893,0.019599288867569963,0.02758221087489661,0.018776802612837318,0.022543569083506847,0.025915968894866883,0.7842707566179884,0.0010394592322161516,294.7648860344819,55.95824424890897,0.08906999595449676,69.64505554798772,0.007009826166370126,0.0038192144857393203,277.02455407613854
Run 7,270.2094696613905,383.91251568233935,195.39285789686267,20.412323999205114,79.08763579749134,24.611921436436315,0.8749155352260105,7.838986833739155,0.19507502793138035,0.6338288027939545,0.4442591768047095,0.07542915063479103,6.134595801446334,0.6537893556431846,0.7074249350580739,0.02713556959924806,0.02671181996298501,0.026514580991886885,0.01953601671290455,0.033424382162734474,0.6674943629906744,0.0010028814919867818,292.3079766374447,58.30571621216692,0.07544823249069241,64.45584498556033,0.008698142408470616,0.0038140781439327228,275.7520635275081
Run 8,98.97410903372504,381.2673940065216,479.0710248169503,25.21296100329416,59.04809698013769,16.58002403546585,0.6123113082606677,5.67539793506389,0.31863901988371357,0.31477187359384945,0.400176379076145,0.05783641822077479,5.738788053375054,0.7162538777007442,0.3217810256177377,0.016644104325192262,0.01897786837599052,0.025316428587985433,0.029416893295241303,0.031210987887547142,0.7613391105301246,0.0009790078258076103,294.56967635169974,56.350761772869184,0.03295611186054366,57.834755676374584,0.009407637296484389,0.003733847991846609,277.06263033771546
Run 9,90.2111596512064,580.633193960691,125.42486603479239,12.191873095683007,62.12429832154635,22.00834760776894,1.278719961669903,8.064290388492473,0.2382513292157741,0.44877757150952996,0.44038774566689737,0.052469233835465486,6.17106715912572,0.5394137133681103,0.22354645615826604,0.02729554303308749,0.02641178874762655,0.0311677900404318,0.031227889722801903,0.028803911833200004,0.7227140031198069,0.0008336442507926769,291.1945094184244,58.382500499106584,0.026659415339217667,50.34459972250448,0.006805673575697638,0.004522770336255572,278.6922703281989
Run 10,76.52203608812877,895.8757219994321,248.83522222155656,18.814676795487983,82.4301567516469,26.552275509130304,2.4552277425090896,5.314739390498322,0.24698833275935916,0.6493363142944338,0.41459879688941875,0.0660081699122522,5.756120357729381,0.7308128531566237,0.2379395742195488,0.028031741678236598,0.020411616925124616,0.031720095899215706,0.033998858080846246,0.028153428981500712,0.7955476810581411,0.000808524568859287,293.66707964028643,59.79437969779705,0.0886726635794153,65.97627966239475,0.006804041931965023,0.0047709224362386775,276.1781806637388
Run 11,247.78749825736574,910.5983714718715,98.68687827292064,16.451110974566035,65.51809633029492,13.719405566671842,2.7143077368472635,5.299106423361891,0.47523865787861863,0.3643642706810928,0.41327436513368826,0.09691213653685384,5.688798991583697,0.617616059799727,0.23596870229716518,0.016294576367618475,0.010380296832450165,0.022838406891437076,0.011774010255770937,0.031324483112708995,0.6468365518882769,0.001011196283743591,295.06444396793154,56.79015278862653,0.047359278936474895,52.886682896179295,0.006265137925495873,0.004716235915320551,275.89018981140373
Run 12,422.58075498700265,737.5513445862082,139.79956205230917,11.40259945863657,80.97834461185644,11.340527454727539,0.03644719060627499,8.281793578206807,0.2813355255734532,0.413119404808851,0.425022023795002,0.07704703533457866,6.433784655273665,0.5645002001416558,0.5659650702037837,0.017417857273243936,0.02786629012333707,0.03348172477412506,0.020227008179479273,0.027644677886661192,0.7209307222860434,0.0008137520341091996,295.4430539417313,59.78872909774874,0.012552127595525878,68.22209057467876,0.006584762600312219,0.003944504614701978,277.75473293978183
Run 13,437.97348195349963,745.0748004165705,161.226862007043,13.750445252693162,85.37193920504711,17.096183400795297,2.856254492098585,10.463546640427522,0.27051625246855515,0.41585601097807734,0.4459088601246018,0.09474312331279276,5.532417546579328,0.7166287815593099,0.3903527127751607,0.013890678519905044,0.014432087620173945,0.020186204389922423,0.021725033036017888,0.025963050994399415,0.6863828642195288,0.0010475189115379045,299.6216286718169,57.562596031667255,0.056500531087270725,53.7189619965144,0.007781660888207262,0.004363394733115989,279.1507955797497
Run 14,312.32690824627804,845.4151659131013,290.1784254447771,21.905267149421334,65.41947623550983,26.305697756326424,2.7775213032520583,6.090406015838778,0.22816979137082774,0.6185757556763969,0.4432496291403791,0.08929111663829735,6.3539616865658575,0.5154894130254469,0.23128275803517245,0.028232035949239613,0.014537040807413052,0.017649544172935943,0.023454195767365106,0.029145402237472147,0.7689333914500007,0.0011059914837607495,299.4102043684325,59.20471816387086,0.018722996262107598,62.40963002091524,0.007196853373433246,0.004121289069042024,278.1208628439668
Run 15,307.25405321898256,604.2411713539417,428.30901107127727,17.366246725343963,53.78543356395867,14.808314261106206,0.5344563259212826,5.595595786624978,0.3714355774510911,0.5132692022074968,0.4469845252973823,0.08667011365602975,5.888240380708761,0.6392602108697987,0.5175700514973867,0.013323711340976447,0.02085607958770945,0.026443418082660083,0.014048765613749799,0.0320927612892847,0.6752833095345304,0.0010616323012202097,291.4379509339969,59.34858921282755,0.06946032185692923,69.06018406732215,0.009493474618618564,0.004929558803244885,280.1236816041278
Run 16,129.04656939237427,902.6172672196875,465.01460332815975,15.34477744878248,76.26881461473982,11.132661138016049,1.0054893399550318,5.569671446039873,0.442398038844273,0.415244498995813,0.44712105785756223,0.06716060941996292,6.457011394613212,0.7496363670558849,0.5905878185814044,0.014573444263004475,0.022887546474623464,0.01984335237289339,0.03461070670300146,0.03094501322162844,0.6375426074713604,0.0009072554478278383,294.1463188786233,56.99550270385113,0.06243947479561114,55.69596575987864,0.008127686685090903,0.0037497416820047283,277.03752913789066
Run 17,111.32034948476122,464.09883925362533,452.17537252096673,17.013949330190297,78.25505662958939,17.3187611400882,0.6506317785362254,7.34711718622297,0.14433192405553333,0.620457711392432,0.42607159657809746,0.05553805824009758,6.467625701761886,0.7641695325863758,0.662890790210594,0.024559422734103317,0.025047446871547335,0.0266099925859413,0.013363831733527513,0.030803699845714398,0.6993221767635315,0.0011212290344776012,297.00337802013536,58.799361768666735,0.025991764426488782,59.285411788892695,0.008714371041684524,0.003645767009863578,278.7995243938198
Run 18,96.94132964880731,780.7806230086524,215.14812964965984,12.471673507400162,56.001804120216114,15.501031995548523,1.1620155635678697,9.280549344981097,0.40462113671881783,0.6765948583297812,0.41783211996735736,0.09089095431507871,6.197600080612965,0.6237971138296294,0.5532026578583414,0.01950153017129788,0.0197976166945745,0.02676196298064782,0.013724479920896829,0.02667314123932998,0.7477094331989267,0.0010587502739497596,296.0329895398905,55.43458827046566,0.011657431369120957,61.411329393837015,0.006181651013906641,0.003679407492192149,279.47888678011543
Run 19,343.99244081398945,925.4174553069378,296.99360525508445,29.806681028163723,56.47080412060038,12.75661297748399,2.78109504116839,5.7454002565241575,0.3747670969727541,0.41493206619077827,0.4235690890805509,0.09129659945431509,6.406534800832856,0.5813510618867507,0.6435702457376353,0.015869776747985696,0.013641618885482513,0.020333129020335444,0.027961194381291424,0.030905870874329472,0.7982751139210233,0.0008760735834466287,293.71767383002106,57.85113019358197,0.08187059445978319,67.06975575534207,0.006530621826608892,0.004699246266359898,281.60378721665853
Run 20,337.4433149015842,321.63052017183776,208.48511106598062,18.089226434280448,55.58031726486183,13.03256789637079,1.07053601535783,11.834183185608076,0.258284819263797,0.6059630610755034,0.42514210361012106,0.0699393468646005,5.855143610335572,0.7453701321172813,0.3700773628763278,0.025912461717503853,0.0168726288584492,0.015775806754549638,0.03007072715862858,0.03485404154178609,0.6764039597191553,0.000807247968454605,292.12631339225834,56.26695252844726,0.061975366749281474,63.89562892558324,0.008282058390295544,0.003504339705554742,277.77619665902324
Run 21,213.32671519300615,504.0947546535453,466.2365149749542,20.538387231878374,70.44152758267953,15.129773153776707,1.3299467721276284,7.120761828370229,0.1512501822212593,0.6507621152695918,0.44935010989659824,0.07817659613428887,5.622029225557702,0.6687367500508257,0.7424679774688616,0.026129513529246452,0.011964965345521467,0.03154225191682315,0.01834169097831214,0.030980651789046708,0.699471359322152,0.0009061285010280861,293.5753153456042,59.05167634266018,0.04809629069414246,58.89446563806402,0.009100417527581915,0.004260528577109413,279.22615383500863
Run 22,319.5908327583198,838.1486171288842,216.13751320970795,16.369976144505777,88.60136168414394,20.110631750446103,0.34464968325823686,9.729920976110897,0.1266352405039425,0.6382341694968374,0.439557034119417,0.05773481373543159,6.266260288341906,0.6202430669258095,0.08106121531715454,0.025032954124415203,0.015468001531780075,0.015455380611833738,0.016920913240771586,0.030360930256784824,0.6081206717731743,0.0011119328178545373,292.5168440467972,55.94319375988463,0.020429984197155394,58.08748875463934,0.007609987437902015,0.004217924863883792,278.4521790624762
Run 23,493.6403017014185,557.7038404571488,295.36554466589087,16.80118368683303,74.87006617028261,25.993384672129523,0.8670071004786442,11.743875491502667,0.26241203527975215,0.3672071379582076,0.430016967271974,0.05484415225650756,5.736973462951423,0.7345563020689996,0.38864403195968067,0.010594317625351018,0.012622333744013055,0.017146887804276152,0.02636786605916184,0.03389601705710094,0.7438707081871747,0.0010436571463544664,291.6698781345774,59.93068502636614,0.025624582261724215,63.21424596047852,0.005761049092243965,0.003888577438104652,277.0262330151832
Run 24,384.25223798039787,501.2470691176375,403.4354774722643,21.8737539602649,68.07771382900857,25.11845284479187,0.7175482142219022,6.354763979273082,0.2937583940404223,0.3427780279200036,0.4085729825431457,0.09259710137629266,5.678679647121272,0.7012603907844923,0.6519629995379472,0.013184054039237364,0.01323144214244129,0.024905144691228568,0.025231922926705952,0.031007474163974303,0.7534213398999802,0.0008160408592409314,293.76616904395263,55.28463165707658,0.04800448875789239,59.98304517514216,0.007118620953701507,0.004385543678236588,276.89555503749517
Run 25,385.54150603127175,624.5830692171891,281.6168130057781,25.076393076263656,60.42478182783242,20.10172094364306,1.170810054215273,4.010972135753066,0.36606022990916887,0.5711975197847139,0.4230377251722696,0.09714634022950015,6.279673264721573,0.571899842856066,0.5781615154608187,0.029905056094342117,0.01752172629725968,0.02506857407742577,0.028717992499906968,0.02618372540338591,0.6111417366913261,0.0011369941618267546,294.1144194878275,59.728044322295744,0.0694569832845103,65.26420912160162,0.007141638160601192,0.004155989362290879,277.004389473896
Run 26,406.777245544405,454.0101960349417,282.0529963965521,17.959130869313217,74.75989606791919,26.017711507678502,2.353707980833465,4.631571028668131,0.3678061568121914,0.4148648592539604,0.4402943493740824,0.0810063852760558,5.896365136108214,0.5017602421335244,0.3437566644613149,0.02603230499017057,0.027193259113943297,0.022602220995651377,0.023140479210027754,0.029961288831585584,0.7717913122351551,0.0011235107909585214,292.95227977936247,59.64916989020073,0.027396619371137167,67.49485575888374,0.005619786049999213,0.0036454694528221115,278.0147937729557
Run 27,265.0020283214675,829.2847047051735,457.2071527651469,21.833941981739095,57.88533372712831,17.250248342033846,2.8972529564461613,10.744798689366998,0.3261541475396326,0.5527863007352489,0.4138765495803382,0.09798439426962592,6.163099895164439,0.5886942440337047,0.16498910124825006,0.01938153476286019,0.0169397667270215,0.021900436138925575,0.027938927327847696,0.029003282505772627,0.7435253645001139,0.0009296718503177887,299.19250914787193,57.6112832833139,0.0872794870445905,66.2331123114574,0.005448259245227052,0.0045065379347112,276.98442768971273
Run 28,317.8998879423379,748.7756256245668,70.98096146494211,23.003588442151457,87.49286420097536,28.94246637201802,2.1067614631624134,7.242839044187778,0.44411594220625383,0.36126592099261545,0.40843266870655454,0.09096579054515568,6.448553912943224,0.5085279898104185,0.7473671838161255,0.014265334759891344,0.012829347585772153,0.03254710416099534,0.023104076664854013,0.033282642120213556,0.6347436359035039,0.0011268381925714087,294.14064882593163,56.708999986564244,0.060963874582310965,68.78952954270252,0.005884356750124092,0.0036837126739517026,278.626593785267
Run 29,210.49926750873527,869.888497379337,459.30797468729867,11.859728470536764,60.07271487632295,28.825401327416746,1.3867806641457967,10.96825170863448,0.27619105202384353,0.4000873506281163,0.428153967487849,0.060003333894896864,5.760231500732757,0.7709672212279484,0.2259732677995416,0.01223290882514831,0.020450497483106605,0.03329162000501465,0.018751146174009047,0.034242190970419965,0.722095311132395,0.0009957918964762,299.6217709452188,57.01583412790926,0.05571668909822659,58.13842825009337,0.0052352846520909505,0.004098970939928411,277.41383912560275
Run 30,254.6402070079397,497.8269594624043,381.9150422742799,25.903446508827457,51.23897771148753,10.889439495247979,2.576249481840014,6.516172448409405,0.4396613418094021,0.3971252766148503,0.43195507782522674,0.05536281817986147,5.709348575571737,0.6897775245665505,0.36797781246274,0.023728424574479285,0.011053159066096021,0.027438661811878373,0.028366411847308474,0.02945853480862297,0.6391687491669111,0.001147969262935641,291.1330539831336,57.500909169047254,0.09955142347415831,58.553318711029846,0.007205359543451801,0.003703465085522838,280.267197264705
Run 31,420.72211678927295,545.3118129690215,253.85005413199167,14.548510894153338,64.87151839546458,12.562950285246128,2.989628093159153,10.391346265555907,0.490049945016918,0.3101060050888553,0.42938598751416956,0.09350993949398348,6.131019863230605,0.6838447640756549,0.11534122581486975,0.02538073105760165,0.02700773092628342,0.032684371953070473,0.028213211132140814,0.028014395750821375,0.6182780110902288,0.001124641501243837,298.13739443431103,59.96969257339124,0.04222727787456048,67.49012122299605,0.007552495449979894,0.0044154247402422055,281.17453195642884
Run 32,392.11017865901755,820.3792193631517,328.49551189810086,12.941180495726881,68.00836648240131,10.240915007557781,2.9569679300297658,5.216619461061325,0.23085977114702827,0.4927293813351648,0.44715635198815057,0.07266352137088332,5.992634950735284,0.5782263231939947,0.4173282044381771,0.029663669574750508,0.014357641991938383,0.020426246715682547,0.034643979708992724,0.03388002550851986,0.7270065319299727,0.0009156438793558226,298.29170627298987,55.7385824204342,0.06485279284278243,57.35208775205825,0.007539293648826113,0.004262878065305355,280.40385384812606
Run 33,378.1163710987507,417.69608640419426,263.8995180721443,26.365049821519086,87.19591466637019,22.02366935305897,0.29930608672203907,11.49218578486571,0.2549829723587337,0.6727400433463471,0.40775063124753136,0.0597163918097508,6.050947305688436,0.6536218820593431,0.025041056803537937,0.02787508540013916,0.01611735909730813,0.01949173786929126,0.032858881914005746,0.032033402718759006,0.7648750733741005,0.0008062019253373718,290.93821843141427,55.17082866786585,0.021310197599354545,54.1372441240093,0.008230308756315202,0.004082893994023708,279.80449224640046
Run 34,230.90108569648123,428.5262614684908,444.40088489198104,25.330382989517407,76.51048358928941,26.710223337845363,2.4095384590645583,7.124877708555594,0.29745518773470725,0.45320567532478073,0.4411854017956394,0.05382401542875367,5.509973457075644,0.7366582256943427,0.6333313645286663,0.02954453801349617,0.018304647180154402,0.030403569439659002,0.02053766950099616,0.03050707985582975,0.6341328099074545,0.0008781890426662146,291.89878001592905,57.03458520571106,0.0829871520242905,51.44317710923289,0.009368725158701064,0.0047631219898512725,276.31545158481157
Run 35,353.0806297247496,359.02481173700846,322.22761297881743,25.825483083163505,67.73187120810789,11.48637029430596,1.138869775946111,6.487088019013436,0.24195339818077716,0.4525947659945001,0.4256346574567459,0.07093036906698644,6.182886608094353,0.5998358703217738,0.07529411671569422,0.01591524459084857,0.022624851340290332,0.025057979550359762,0.03488845648053932,0.028566128272554493,0.6794786504251942,0.0008338255531621472,290.04507675001474,59.028566727981506,0.06133079367173648,51.01123591529597,0.006305182288227405,0.004697848628064689,277.05052771620836
Run 36,240.4894282616754,492.6742083227981,397.7165612606851,16.4753396185928,53.54560869250107,23.622841672122952,1.6139610440896717,10.779621758572803,0.4442084840158146,0.4228856335943283,0.41236034533693083,0.07458645920785618,6.205857355719981,0.6591038130944504,0.1462175112106081,0.02286251526883735,0.014667772426829994,0.02669276268951468,0.021647230837987724,0.02945662885420486,0.6944738997164254,0.0009083932609155011,299.5597361930073,58.318000190537674,0.0168575715745738,51.08183676833339,0.005717479119839721,0.00403530688056667,278.7254621401197
Run 37,190.01806585646275,912.1765926197731,354.78157277860976,27.75492704412497,71.03361287080384,14.577199065087058,2.9838887014364373,10.70350151564572,0.45032020326103006,0.3683157089413919,0.42438629237994396,0.09230635484710646,6.2684103684811125,0.5620046153932061,0.1288629468906651,0.015889600385213597,0.020846539910448297,0.018781411389255268,0.026335698652853082,0.030079139039859214,0.6074897276443781,0.0011084842435408787,294.7257974375469,56.79203604446459,0.018709962919413386,53.57766374713145,0.006450491123576424,0.0039002911483188396,280.9921319840372
Run 38,159.01858008473533,522.4619966589561,288.59144558206117,23.048666584954727,82.56038164657033,10.476574497423009,0.531663680252712,6.753396413774087,0.2566024655047269,0.4869487138675729,0.41290901055450613,0.06108988678957077,5.749239179787147,0.5114174203930459,0.2548915461087227,0.017392002144618588,0.022532115909452012,0.026482775294328055,0.019881488752769502,0.026036438188874512,0.6886259258261337,0.0008132685815500823,297.60959870645405,55.67855697962311,0.025772803033802305,56.75332933770234,0.0075337408929423075,0.0035984603715920496,277.4968575930448
Run 39,85.29167320756517,353.0660335715032,257.3356670272475,23.94075132006118,62.941559787555136,21.28923693790982,0.7885457675807543,8.572718173258059,0.11588446279492214,0.30825622569457806,0.43589398682223884,0.09172884571849559,6.393111424011697,0.5841282617259141,0.35461952011974285,0.013136375364506563,0.013666685683689062,0.032463304375066754,0.020705122784815694,0.027085840747814137,0.6957952795795859,0.0009341937121809341,294.62863603781017,56.97329917646395,0.06684828325819589,61.152364239911705,0.006585135887860567,0.004604477522434779,281.2060094835703
Run 40,318.9385647190837,478.0248103685765,224.61816924788653,13.047389768192554,80.35435706119934,11.628243508026475,1.5249536245275417,9.86894205936616,0.3647338429127204,0.5311853630331589,0.41256090790251576,0.051936510939569885,5.682677794612964,0.7798970370547917,0.08548271262153809,0.025863447031768995,0.024374374194622177,0.02823484355258144,0.012650323334500899,0.02963529928644507,0.6012780641436513,0.0008917123454921968,293.66893097684573,56.17010931562901,0.09521797724920632,67.41506513071862,0.007868945073273837,0.004628523818750207,279.09682399413344
Run 41,202.1269288706361,651.998430984097,418.7847042412794,25.197347602014197,57.80812110111825,13.904093246276958,2.5827729908914736,10.655471759643328,0.28189989746931393,0.434390992217494,0.4372995645105996,0.05660522087417202,6.334712808081313,0.618723583082937,0.4806617118506765,0.027736670270355722,0.017913678385239985,0.030589660093716633,0.025496224026740427,0.02817479034474643,0.7479317569308797,0.0011654052094817449,291.09549091022626,56.8351043317087,0.018966837635902116,50.13489579649799,0.0057834353691178335,0.0037044266420856405,277.73611489480027
Run 42,440.30180459862737,852.8046464444419,158.68449749146447,12.358564335134666,81.76785864116496,21.515235378778947,0.3194826634180691,4.313184670672673,0.26506098053498045,0.6196796422949757,0.4408502387148575,0.06390219590559175,6.044981539135373,0.7139618055633657,0.6679870564785242,0.014046300789730053,0.011997627461279931,0.021066329455731964,0.030289152836258083,0.0309341660124199,0.7342767684165388,0.0010144824654694743,299.884378604789,58.90958547790353,0.05250779988810497,55.61415322290899,0.006862405615088212,0.0040156572835082305,276.0633430509947
Run 43,147.96853235627694,699.0179666335807,260.1689720204445,27.625974583046414,86.37887211294878,22.023141006524767,0.6984621271114584,6.317756189229821,0.33419508456466807,0.6857725630999659,0.42148275962833415,0.08015980724869295,5.540313862610661,0.6052266750747054,0.33381447661121455,0.016046444385800496,0.014597066808172843,0.027209269119752535,0.016256990077356998,0.03248833618611458,0.6251148005527002,0.001037766320246078,294.590141972786,58.63478287473003,0.03575524243228607,61.95715277862123,0.007911966453043422,0.004230263213368438,276.10689031944923
Run 44,390.4905481101955,910.4160336750703,87.23086412395278,17.591333781127894,55.31341446466434,11.480518324456451,1.16351480437591,10.210471093724838,0.2581400464690521,0.678158534502465,0.40970721773058283,0.09756706949684167,5.5952905261594665,0.5261430098248523,0.45877707673846396,0.01652283699165055,0.029199481546772717,0.024988555810971112,0.03179364410736719,0.03381301786451997,0.7691426488104398,0.0011207949363411785,298.3457354746638,57.95747855393155,0.01721530144235907,59.788821186953626,0.009092537752193536,0.003676844923662996,277.7480629438109
Run 45,376.9422822853614,613.7355239932951,499.103778110602,22.788468349516375,60.66162284773498,14.78422802646816,2.1961203792813064,6.3267346424370485,0.4083308519128229,0.4828707173253678,0.42069726176767624,0.09333895375675677,5.913966858747512,0.7239608049155795,0.3586610007735609,0.027352326928744015,0.028772565522756435,0.02394491096352019,0.0126416419549299,0.02750469509958226,0.6503105365944855,0.0011398075492962663,293.6785895647109,59.344541634221954,0.02957618125302674,67.79575869964425,0.007563593689712643,0.0038968882936739097,278.1629686923263
Run 46,423.1413668562068,936.2508605436782,377.42505726288925,29.56545828051182,58.108289066682275,12.638585486883258,2.376865881670021,11.463316845261843,0.10431446831272245,0.6404968702149576,0.4346128024445575,0.08840762890863642,6.042336597403173,0.7989735253439936,0.7212347357318991,0.025033377273200534,0.012431837892409564,0.03038349735095259,0.025133395191963386,0.028912690991939625,0.7010090736990783,0.0011554012667278593,291.81800969777237,55.89962208244749,0.057235689174483975,69.79397983859421,0.009329427331876911,0.0037487535524647958,276.5467698598543
Run 47,385.30921779927473,717.1089207625669,403.83795368552177,27.566175366692526,79.83934042381792,20.094581298666675,0.26868652737199183,8.975577358304616,0.38057388503689904,0.35750100350962,0.40121159160867814,0.05661024031143646,5.717947923362791,0.7550316496406414,0.21569724681943903,0.018781583020576406,0.01794478547088666,0.02903910882384591,0.029797904927361826,0.03492356192981495,0.6577613344760884,0.0009544538815145962,298.05261936493997,55.39831090959837,0.09738887182396658,57.4202864682676,0.00543007950681438,0.0047297785048752445,280.1079560459484
Run 48,302.38060464114847,830.4573941363665,190.04635336307425,17.523573391698662,87.79773937495185,14.030968096978453,0.20883874640671607,4.884280951567253,0.2987198611304165,0.44931299455991125,0.4398506031532017,0.062039922026152626,5.580241395208062,0.6334988719760309,0.04174092837209045,0.01042956713136153,0.028173596029764165,0.03042776027684688,0.02726229438902024,0.025239678933663433,0.6267170106213948,0.0008708066776359464,291.6119139731653,59.5592996753865,0.0859775570333479,62.187788336927596,0.006523569768027106,0.004142990650175769,277.8906724925127
Run 49,278.9273376346032,738.00805611751,360.608337721933,11.201635617227932,69.91986644109414,13.545568858995004,0.6507991381441329,7.215462587003148,0.2168155473717402,0.6380184809692488,0.4024806214640998,0.07636590537425696,6.1445495767904905,0.6093909565421821,0.2863938729294022,0.016035633120027388,0.01745229270670645,0.023254770071074328,0.023093152885806878,0.03354885907713895,0.7055897452267698,0.0008977591308341227,299.33022232573995,55.80580980913771,0.020300406927222542,60.34130921378949,0.009115901433082661,0.004271998115208081,278.3171131136883
Run 50,177.08876638958859,520.4517450068885,434.6972515003589,22.322995832921514,70.74546541027163,26.55521969891989,2.3486508032839106,7.027500314548116,0.2046402578370119,0.49942809342410965,0.4085362539866329,0.05170030385286433,6.123529196136183,0.7634173114782445,0.337027908750667,0.014272518643874127,0.017020161890351763,0.022938678203560874,0.020965132245219675,0.02977235908872752,0.7391432628097419,0.0009070342463143006,290.39145309243963,56.00936332274164,0.06001937649381369,67.95509026479606,0.007826018079683212,0.004861527194210564,277.11447237243937
Run 51,101.21461121584088,763.6604459161526,342.52485289033365,28.987610755451247,81.4055904278267,26.715845821405907,0.22192726457906065,9.837508534675365,0.1741028939984172,0.4098357542943084,0.4309756202483593,0.0787322604643091,5.688100873912997,0.5145102368578852,0.53173819017468,0.018892432097123657,0.02605533728063169,0.03371493465861122,0.03042130186679281,0.025036108501313676,0.7392282221646798,0.0008256524414251087,294.92025548461737,56.66639075676473,0.017071028695155813,62.269799929236854,0.006116346199140829,0.004219204250278311,278.4060870804176
Run 52,403.9215342891657,752.3300503817354,238.5541481842001,20.26829193527261,71.27920605172389,23.724290285089822,0.8286235398696848,5.323115769371269,0.14928457062169598,0.47579633622309647,0.4416463973582154,0.06476647247650545,6.177195133779275,0.6798169532783068,0.05257317044330273,0.0288428296811094,0.018662121051346608,0.031413201377225135,0.027463738417664807,0.03239356488642521,0.6296704965367278,0.000916795250512504,291.50355865348536,59.98398803492714,0.08905843418153421,51.30879620575224,0.005979564036388447,0.003733315516071813,278.3968102169367
Run 53,294.29222376466987,657.1380112373494,82.96704782062845,12.483464410429093,75.99362026255675,19.74595135706144,1.423557752085988,8.669716351037806,0.319476749105712,0.42270584935011857,0.4495945458946024,0.09634002245147794,5.523360109822365,0.668429375814086,0.7332995093398057,0.01855071266161755,0.016071120162929962,0.025133618251746148,0.029026551993907863,0.029099087690798938,0.6014499616475929,0.000800409176107041,295.6405025168317,56.91072994352196,0.024591087067373257,51.48639761301242,0.006502776290187447,0.00474267479077377,278.9863880897722
Run 54,406.0193723020945,605.6822550346283,352.5446857705475,27.598280636964297,71.90231545567903,22.424371346974297,1.1958030835676368,8.895952864370049,0.40390457783580813,0.5000077906165123,0.4010599117331009,0.0905346041777657,5.535815815729343,0.5827332049144297,0.5735967500038803,0.024664980090940807,0.021462566867583216,0.03407383664772988,0.026382743177116703,0.03363063667275332,0.6456387163846017,0.0011365993924242071,294.2876866474634,57.92837840096782,0.04777924049072563,63.394821156233654,0.008596509725184758,0.004212935224149736,277.20756622838115
Run 55,402.9955856592664,720.8389438189117,468.85014391149025,12.237746231964712,83.95192224244289,23.319453381713867,0.2972950628270664,10.128507218268048,0.17562768732196854,0.606419923780426,0.41604031916203976,0.0501038812521976,5.673664838911913,0.79330637512939,0.548995220198125,0.01725157350398046,0.018159001341665603,0.01714103591861742,0.034340137233569414,0.031419469217428685,0.7695296001242544,0.0011233134735619918,298.63759265437204,57.62709820396447,0.08758123640684624,58.45031575148615,0.0067999712534612105,0.0038090244905014618,275.2816612791911
Run 56,217.7037875169193,392.06702216344667,272.678711503429,14.549099332854404,79.20557852223739,20.509952377844535,0.05304870203776846,10.454750247593058,0.24773915376810593,0.5393738833910251,0.40187184029448997,0.078199382923554,5.575848207078693,0.7322447838591946,0.050949430375684085,0.02656553365516949,0.011163745784407535,0.03067557203480608,0.015412210206459626,0.0327243934884588,0.6459389447641866,0.0008601668775878081,297.7335056093352,56.17580796809597,0.02961161355818641,56.35471250484204,0.006206795301436394,0.004646875560641675,277.6070513920837
Run 57,149.00315806901858,693.4635015086154,119.05469523816099,11.397626189247603,55.92357267684672,23.63961041483379,1.516414506997552,9.275591686221663,0.23888552670625973,0.5730574234137749,0.44352833674531605,0.07314451428980882,6.487559874869246,0.7795570717098125,0.40068853305312857,0.014104217746055797,0.026138032595995793,0.01865989108435903,0.010941193136352544,0.03438709947213375,0.6964005608667001,0.0008064611364400691,295.90774422496463,57.14475569688833,0.012017712828498943,57.773913152266104,0.00594952412289463,0.004841424137923799,278.0817231204511
Run 58,469.5293453421901,819.850143812187,121.48510849835209,24.461963984032217,82.56632516584881,26.0814093887843,1.6147374892503281,8.674593923657401,0.1266048789530274,0.33047903871735346,0.42732053906599704,0.057344578593857935,6.257543571256007,0.5239052850416889,0.6724078142200642,0.012521171090274497,0.019431825812632596,0.015111577079511235,0.012333532017711719,0.026328413564709382,0.6471195991312343,0.0011143459370381767,299.0585270869261,59.843497581501786,0.04212159168205091,63.65348462552022,0.00532448966345682,0.004744905966324061,282.1140768625223
Run 59,478.6273970639849,417.16413474014945,288.2765524651911,23.807432616828912,60.22457387995961,22.02447422467344,0.2541047011245673,4.293352694352692,0.47655404230508447,0.4061293016188327,0.43338850169361454,0.0850378879589215,6.483252778615162,0.6314824256952154,0.01705316866589196,0.024161299028384833,0.02722346504385874,0.033374417068129665,0.03381168335841291,0.03128310029745668,0.7061697692519343,0.0008946975565401417,296.3385963376039,59.324586540800404,0.050678335632282336,58.508826191588135,0.005169775086018881,0.003901707012165356,279.639677231965
Run 60,237.7885657956373,760.4875949582988,324.3153389091037,12.191806086729304,65.54829709047641,19.175901894360937,2.4388028184490134,5.50120029192786,0.39325703275282675,0.5509754918891838,0.41173449545233826,0.05144416355584649,5.591914197634426,0.7826731408510226,0.05510391555460731,0.018564120112245633,0.018565553504293723,0.021146242084501665,0.023392004851869028,0.03317404103526944,0.6078280375010776,0.0009441156348212805,294.707309952688,55.28835358410828,0.08547721385020765,54.545861454894904,0.008032725994821074,0.004757928170956387,277.9175179098429
Run 61,209.80106659594958,987.2209871764367,449.7719089463087,27.813839320797936,69.43094558583935,23.867606579454232,0.8740701959769704,6.94668884394238,0.2665651616054058,0.5394944909107953,0.44210905555896884,0.059485912018947505,5.804043002736735,0.5798483087671362,0.5824930059951068,0.022858621560544183,0.01333472140374578,0.024277703580527703,0.017767330655231832,0.030869368050368304,0.7283329310787795,0.0011950699293429155,290.7810383934341,59.44477053041469,0.03532162263998212,66.13444034779482,0.009259284913991049,0.004308879208234784,279.9245449281299
Run 62,237.6722916798264,753.1453780389311,176.1218002476669,26.695517167897183,77.19367636141297,16.023652380043018,2.7219417001040735,6.798992583571369,0.2509937128791047,0.6867849310302088,0.40140896537188575,0.060648775614828225,6.27085497034056,0.5231419826336665,0.15804952426857766,0.012602498669741552,0.015135008453488547,0.015147913006884898,0.031283046646649014,0.02947655719395139,0.7603675118052757,0.0011627584351366137,291.5521720014306,56.3835981295353,0.04684677315721011,58.57173499945766,0.005460300938772902,0.004107704668992288,279.1125123237342
Run 63,242.16753699888565,810.5891304838877,274.8494363446031,14.84779165166961,87.84145461990568,25.314084220868935,0.9544831586937319,9.408792939106927,0.12075727891622622,0.5726827131279508,0.40305695044047457,0.0519119291307836,6.055054371217057,0.523057752486792,0.21726259294811018,0.011087412505833671,0.025944719793827925,0.02563277330012545,0.034471456152529965,0.03033078452969515,0.7232287116684679,0.0011042807216553575,297.0071328859646,58.58628773287662,0.025990199046819276,54.64822377582499,0.007729180095322407,0.003936471197466978,276.9410412174409
Run 64,116.78623274292342,486.4007347409323,455.25157912409384,13.374285993493945,50.925119461202,21.099342765370228,0.045127749830986774,11.248387482211632,0.4801231346807032,0.5121962535857885,0.4213367550883391,0.0530506992705244,6.193962813929355,0.6982539635579399,0.1286649499922215,0.012896797655085042,0.01822551534460396,0.015985150494447473,0.030026519788757353,0.03111508836625567,0.6849827771308281,0.0010398827382554932,293.7795239269933,55.37802021208191,0.09054403393727826,60.23250760256587,0.0066627056823512585,0.0036667783778788184,282.6711043055505
Run 65,476.6792976962584,717.81666317545,415.5448919442784,25.433789759698314,77.60801666479776,18.46249102787624,2.211423901365783,4.121910960985231,0.4854885837455237,0.3558627279709342,0.4455960908740148,0.056345240118646334,6.229313658568421,0.7187273108938801,0.014442471515117405,0.01270199685128434,0.010430229227926618,0.015397146049857481,0.012466778368060687,0.025332540735739265,0.7112906281031612,0.0010155108190410876,295.5031926121502,56.724542350917574,0.09686246736167711,58.65894940528401,0.007815163825841404,0.0046555176461311205,278.0589770607291
Run 66,367.12633798068686,756.2081844967738,221.95607876748946,23.54648124093699,89.49242752214926,17.498237155359256,0.6930809649052162,5.690760427978298,0.15835589367258535,0.4122645262721476,0.41572858584228634,0.0645660956966051,6.423694550874206,0.5101155952080817,0.6728398683402375,0.027865931225557847,0.022155842570589855,0.021142419188528123,0.027246180624698205,0.027500062438763066,0.618495902088981,0.0009388739954836882,296.36501021871925,56.06931388788127,0.06527490628852115,64.1697854912856,0.006354183672525358,0.004394200907778647,273.21195386420635
Run 67,246.85457610626247,504.75538816749463,422.01497668654486,22.29119968324737,62.15953600736414,13.89616027156178,2.1561515263067212,4.981944669329229,0.14619137248216652,0.4164493289772023,0.4016071420581481,0.07048552421947894,6.079788791659622,0.7223057672513051,0.04189467614151632,0.01411815592421249,0.017967618097318273,0.022908187191842427,0.023102569224519663,0.028977079365024347,0.6419424582436314,0.0010771748993914562,291.4790107230835,56.19128635154459,0.03302242148246322,55.12888369513904,0.008354122325969656,0.004453742015008689,275.54844543955005
Run 68,288.6143370258141,321.7981098731443,397.0510904347767,21.791189644370007,77.00098176113853,10.406226173287859,1.8135185679950503,10.311560199069248,0.34724436983724694,0.5286669223859385,0.4036752195437162,0.08070881669770187,6.091636907068162,0.7600366236690846,0.32738139477243,0.020450401345411023,0.012791351690005883,0.03234270748067617,0.02969589382608122,0.027534753592515955,0.7092635762772057,0.0009929719717635844,292.53403447424034,55.151843189958456,0.042789797783837256,60.36347286765242,0.005044866359977332,0.00398210313327475,277.5749894428009
Run 69,346.7800133493549,699.0085174959577,235.63222050808218,21.14355597017387,82.24881731247507,12.49656957041918,1.6237683222997794,11.203654111440228,0.34336316540976264,0.6437888632224162,0.4469861633317114,0.07967247193348087,6.34880412567664,0.6572267667859164,0.5796160647530249,0.020257826302740062,0.0289223534312006,0.026717911220696944,0.013750845790017657,0.027753571272252624,0.6527686418148965,0.001146520791491992,293.23691297236684,57.16698706744609,0.042830003790541075,54.97163656587016,0.008514113791181253,0.0044748488122819995,278.0706828918059
Run 70,367.45879947750865,617.0720030431064,340.9200851596352,14.624702198753587,58.326763610389676,20.85881881856846,1.4043685461762083,5.699716201412325,0.2707632997478324,0.4084119454451615,0.41435655514433445,0.09085469142681363,5.543691665443459,0.7679247053268208,0.654737182711594,0.02910051018370114,0.025964215715305203,0.0338222028320611,0.02488600498939479,0.02652400650477583,0.7155781280967858,0.001019282981712728,296.05907083575664,58.52425344695855,0.062053601967936835,51.644239549348,0.008817597752854638,0.004619947779108108,280.19742015722727
Run 71,89.89325649703986,547.3506088790829,81.93797748164347,13.892552568582355,82.68052896150759,10.621790990717235,1.8673935422284,6.106194226803376,0.44172665679979994,0.3723481665754126,0.40164732041123175,0.08451788320270884,5.870383718128472,0.7269727096636548,0.42753488806617806,0.012455029580610823,0.027095376963136436,0.026238624297732986,0.030380007974050778,0.026909979128788897,0.6732501555860443,0.0008364251504064413,293.5160667662673,59.59614766925024,0.022290778732687314,64.3031239625386,0.006302233109641365,0.0040772933534215655,278.20974764144154
Run 72,183.4463398572888,940.7142798886518,161.88226473428398,15.560315725054231,81.22152790136253,15.877227809171204,1.7433925918603688,8.903256882537168,0.32306923170026197,0.5266958400133424,0.40809261931294455,0.09589020192345636,5.848585834755678,0.5752781404987577,0.2127802747638396,0.02183431095269984,0.01663250092333055,0.029779164707999534,0.032821443539497355,0.030131135471251534,0.6286440360272705,0.00118654756693499,296.3025711940642,57.36004283000853,0.04565524831732616,55.31738260881981,0.00706921174211825,0.003919048108715149,280.9427204920813
Run 73,130.20004095338874,463.45535445861964,474.6520591670452,19.358502896417995,88.01170414701116,16.13090537799004,2.4415380704541865,7.430834066463987,0.37137547555239814,0.5062833211404344,0.42718921555218803,0.07228903785226665,6.09183134351997,0.7791775089384834,0.44989838009464744,0.01115498286257197,0.013824094374175219,0.026763051860524405,0.012704162874615224,0.02622437619923216,0.7749887090332019,0.0011541063658824608,290.54362039299224,56.45557521569782,0.06940644845796588,53.62583586322776,0.00616240922437523,0.004981238546764647,279.0140638403185
Run 74,278.25692596486783,487.1526172955048,243.01346229267622,18.648518931774078,89.51182735393837,17.145959000281792,2.612787620654981,9.914505365184962,0.17297028117824,0.350353262679535,0.41634237828001985,0.0904555326907274,5.687967391853502,0.7425464352812212,0.17009146443288206,0.023577038925440472,0.010152862143046185,0.026514221475536233,0.023547914325069867,0.032626903956372855,0.6903641312110301,0.0008067680369880616,291.5232563185244,59.28618017512055,0.05279477487593645,53.1811884868029,0.006233310812160473,0.004826465861064103,280.0472377347337
Run 75,160.8032418745656,581.5053111868673,341.34547368966287,27.769030097206876,64.10229419464423,28.035695504054694,0.9792004905154433,9.78715579168843,0.146902180682284,0.3809463583324748,0.41037178197960195,0.05002335661368045,5.981064647354631,0.6441625901123769,0.11090687763859225,0.019157667957934763,0.017228775172701456,0.03308634807017351,0.01300498044093631,0.02832410598000841,0.7942688762805392,0.0009149331091741048,290.4594571904423,59.71786501645482,0.05404247292713322,64.9461878153539,0.00942842578689876,0.00461259833503299,275.671755717832
Run 76,475.01967449825725,669.5553131829926,450.4730625138595,18.900313065371652,60.358722349337434,12.920984588560628,2.885138886474467,9.492583808701257,0.16785480946692838,0.3892462348794121,0.43273804227015505,0.07465587765457735,5.749537436664905,0.6691290453694505,0.4790748606499986,0.025232992735425605,0.02325646665688919,0.01747307399557056,0.022405769327238964,0.025791890345382984,0.7337534887172698,0.0010253851177642694,291.38711178529286,58.05928742939914,0.07905593376476186,53.10134527897868,0.007278122368646209,0.004285775253694737,277.923780476676
Run 77,392.1342633295467,329.94748435815154,302.97342265348925,15.693089269572988,61.04510064815888,20.465750306477076,2.1807355477931956,7.221553665196624,0.49168180273074524,0.38635498873636936,0.4158581534177389,0.08786612469132375,5.80814945003791,0.7519117726867648,0.652794838602518,0.028072168392637396,0.017454749095883015,0.032680674368274765,0.02879559202779565,0.03330156859226094,0.75913965377973,0.0011582616165188462,291.8335614045432,59.71344731578312,0.07791837641143762,55.842096514982735,0.005943646295765605,0.004904003252177274,281.1801030228254
Run 78,100.87186592368099,426.9772682946437,361.87228934549506,22.1957675759956,76.94308424947683,13.481013183300899,2.168157192341222,4.252309269869168,0.3427005523523554,0.5145429568640415,0.4175603424615527,0.06903223728290929,5.612078563555672,0.551686955113952,0.5098984514923319,0.01903419129773965,0.020890151654596668,0.018294773754101136,0.020604521008356823,0.02797782941635232,0.6877425647109875,0.0010715190384670227,296.28884327114207,55.37760294813671,0.029533581375610955,58.47559430839101,0.005556427855911177,0.0049910467981668,277.7440225967547
Run 79,269.7295409811202,985.7907975985607,66.69153947916553,24.271840908468263,69.26432252742126,20.192205429043945,0.9862528341876036,5.413427914373557,0.4836582099997272,0.4385375526943058,0.40264144452210643,0.09221931833933286,5.708163764039165,0.5157320328558013,0.05441376675562398,0.021108425031636263,0.014747361494717014,0.030695991754946514,0.02853308854355501,0.03405409481353283,0.7131872712325786,0.0009693404968703574,291.0677014770537,55.99905128382862,0.06246244490156392,57.116460867894844,0.005912402945013736,0.00480449406973615,276.6159039476608
Run 80,144.39848920035993,813.533262128907,105.00367226616946,24.983612375960956,78.37969804723267,27.051442005932035,0.29712206898726157,6.4555020451714,0.24679265765708017,0.5358122672761192,0.42610228299513253,0.08367234139477503,6.0150474480875005,0.5263901770941471,0.5588823089311713,0.02538390931111479,0.02916546428887422,0.021388032308070164,0.030816206906551104,0.028349930908886285,0.7146047404004395,0.001112936459636863,293.4270555100113,55.8053582644747,0.09249270452673305,56.590908823357196,0.008866971399935596,0.00447508315023756,280.0470891149127
Run 81,286.1524090536677,702.8667216995877,420.2915324022055,11.052459476026147,77.16100616940786,26.12059773934484,0.3309403248048205,11.475067893760192,0.4586499196662541,0.316519964500489,0.4196191103210001,0.05494939903845409,5.743943218276206,0.6709105857678899,0.6712764919126614,0.029748259166439542,0.02001441610835754,0.02180271063067142,0.029031606758349662,0.03495121200007395,0.679055633328446,0.0010791154591825326,298.6218719403838,55.59940904973581,0.06999223667217712,64.01732455203299,0.005952431562114222,0.004612743689851193,281.3905478485483
Run 82,493.1963811743855,774.6728071789687,486.74562761298654,16.29106769438151,62.766021584203656,26.604921202913246,2.4120660371519653,10.003345536216369,0.33611144211403665,0.5384570326188844,0.4079575210779231,0.06966075782532749,6.190441435925168,0.7763301308470445,0.2924034959847678,0.023307786472709778,0.011630796055272887,0.023705766427552073,0.031259445659259935,0.029016289128828983,0.7955059158754791,0.0008543671902698254,294.6305563708782,57.91392714091826,0.05353605145997869,50.845085126358036,0.008896239851165768,0.0039299997205245385,279.07866824773356
Run 83,175.84682425418376,996.5529229397526,499.2852039106642,18.709883668318703,55.41786452933067,10.087798413527842,2.0338288866091543,8.314124358459736,0.18226582314900697,0.6633649264954447,0.4454547874655151,0.08020839390882659,5.975091069205199,0.5173944874346224,0.1150385131786821,0.026542987671217738,0.029108601587767714,0.025464993398871583,0.010791109500221732,0.029397700216490304,0.7658275068844034,0.0011872516814321827,294.94363801703065,55.79860028570926,0.08776601687801973,67.74775102505734,0.006421647999918941,0.003744127580747237,277.08608273002915
Run 84,437.98608751263407,594.3115913375286,384.4516965733455,28.011703544221305,66.76634067444056,21.16656633909203,2.4108825315597002,9.74195919758197,0.44162411669154644,0.5656176512950816,0.44251595348650347,0.07808433084750628,5.833215974388868,0.781265491929263,0.10786929982719201,0.010159179144044907,0.016665633451667477,0.02726613881075047,0.027294352405513096,0.034541810327868655,0.681122789452304,0.0009842989933731572,296.36117271895546,55.55373301999553,0.044676302405515136,53.075034922186354,0.0080586073776959,0.0038226684571467744,275.5831133597735
Run 85,82.02098957236554,793.7509307250301,407.08972435899835,22.78764697696217,56.806958586630486,29.183154552824064,2.370302565129292,8.440081425825749,0.2277834743287643,0.4990448871728371,0.4000727307839298,0.07129040475886098,6.062621289061276,0.5269801733597916,0.7330300915639545,0.027651908056661068,0.010968346216095003,0.018358956190875544,0.012213310316317663,0.03125635938656694,0.7106356759647173,0.0008094349562702364,290.9063793098756,58.136554571691164,0.056888262238166315,52.52462865722059,0.006146472245252482,0.0042345183309039375,277.91618309511017
Run 86,421.57253629987275,717.9242065129605,488.5000530119557,24.10075463644639,62.580504205607106,19.6493658914382,1.2850116752832232,4.979446817939385,0.44259409869150246,0.30485133797258107,0.4188953041956335,0.09686526183819218,5.792659058617433,0.5412556218376083,0.44435838153289886,0.01240409841609075,0.02640315759816935,0.029676034549743692,0.020173770457376634,0.0287219899289764,0.7124221172395945,0.0010381478783715848,291.18468139005176,58.824709839987335,0.07580219893432975,66.69593489284637,0.00788468935637917,0.0046805631070928255,278.12477091690283
Run 87,493.4668589040559,527.8898849298373,349.6546980700348,16.020886293785303,54.51417544792088,28.09471055211567,2.189716111497459,6.0263934473587275,0.4546374646410182,0.5167990156116035,0.4013434164400522,0.0665866340329434,6.401396674917264,0.5095910752960553,0.6579337535278681,0.011118050364035294,0.02490630404234121,0.025980377827914042,0.017680753470586497,0.02671134375130253,0.72669977886566,0.0010724243885099998,296.8280163669704,56.2273208740618,0.08962668080711886,66.71668857382471,0.008071938002546273,0.003963320380557616,272.95900577015203
Run 88,233.2878891764308,592.176142888542,401.05937067099575,12.131060604868047,64.89821675249854,15.577667789589704,1.9903919623275144,10.290364434090264,0.24342226244736734,0.31899738456702076,0.41001881408905,0.07889614466411748,6.392490150650199,0.7177141219679257,0.4074174313147567,0.012041253487282967,0.023717093163718728,0.025639543607717693,0.011293681175589395,0.025221738010055447,0.7881674001955709,0.0009735462949000058,291.99062817521667,56.70372599921965,0.02282526642220773,63.00189292521364,0.007444939845643582,0.0046698248210584915,278.9821420496383
Run 89,402.8818020033753,723.9035936297186,90.44698269699411,27.460003518405905,52.97093981253658,26.026626311051402,2.5636259300119373,5.100143324998033,0.3249010571421035,0.5715340415366295,0.4153385097066521,0.07023826530749862,6.4526092309030405,0.6609368071724222,0.28299260622226974,0.02458851909054368,0.024368580607444415,0.024455012963980567,0.024393793145751203,0.0278341359356675,0.7190523066275529,0.0009568273873476862,290.02770927315214,56.75209846791879,0.023030722979357494,67.3169039541886,0.009191949747697744,0.003704200551373694,278.4065228166412
Run 90,384.2058389462289,577.8608498459971,425.3829259732688,16.308729538942615,75.82050376722675,20.21037565533598,0.2922526378355348,7.090595778302525,0.1234933780113689,0.6923446748563307,0.4091492774576783,0.06746023332518733,6.224263000872254,0.7775816174728618,0.5261783118498254,0.014553080850987428,0.016445595492136277,0.025557779610313122,0.03184690468597409,0.03156609463966853,0.6844999493598857,0.0011494881425565331,295.7544951328076,58.035492366001996,0.09425037406618005,69.51700898686103,0.008621821331464857,0.004443311592314162,278.4849322639609
Run 91,240.23499225115455,342.44726430606045,364.38264005359486,10.830408748742963,72.68407438056298,19.672640671495763,2.2795892675933684,7.874939106397202,0.20655403654922902,0.31856364228854916,0.40034337491531446,0.09119930844095217,6.095339890368736,0.7608929298268681,0.2466901869495748,0.023252414393728833,0.024171900519832284,0.020974820615245235,0.03048191146737203,0.031734086165334456,0.7540201368678128,0.0010529268764987597,292.63446429832476,59.3179041897399,0.06241211757676882,62.92670683043782,0.007166174659416735,0.004780113873056881,275.1779729052464
Run 92,175.0170210951802,391.5795591365354,198.73774885689892,14.73895442100773,62.56275920920473,18.139336308819146,0.36684059058383,8.719277677055906,0.35115701392098175,0.40394035800546607,0.40883594232537196,0.05832439024796959,5.5837423065130345,0.5964522280776123,0.05906159697695007,0.024013671359779123,0.010789349572812402,0.01664466036744989,0.028925545112898646,0.03356258112143956,0.7228511976711828,0.0008516435540464617,295.9309085077176,57.81550876710624,0.03358670912397828,59.55238551735142,0.005091736377129334,0.004649585899958847,277.3556166678583
Run 93,379.7293889304336,394.12496382275924,277.08112565500653,20.376118786360934,67.2104108914011,17.933382036900976,0.6203873526751399,6.121639053992216,0.17455834033517637,0.49632004523143025,0.4087326711249803,0.05220711324549738,5.939255490904092,0.5671476377842305,0.45399175442413703,0.025053763159304028,0.029705234050319704,0.03475802995803193,0.010674341537921144,0.03338769475689764,0.658490378785496,0.0010878568063933127,290.2316340802742,58.608836111130856,0.046550071341733286,60.87043301971318,0.00793294251169262,0.004444831466733233,274.53485198928445
Run 94,409.97582253115877,656.7885404774768,246.558930293238,14.389725526913534,87.44814319620038,15.866889745289965,2.4330366767101843,9.669483549613712,0.2715012091133061,0.32376557575842174,0.42718865236855064,0.08114381214330696,6.14663567316786,0.568894969925227,0.16057418500432677,0.017304093744103084,0.02278162812347353,0.023752826941815443,0.03294700938335371,0.026404187494582263,0.7801606792351888,0.0009177769874021886,290.22872917728165,59.66347135868202,0.05205533266703191,51.31151649255143,0.0077122999245201485,0.004266075272738196,278.44420381882037
Run 95,376.1259615899072,300.43684263669985,184.51759053060442,13.314895233169448,89.0282029053586,26.523783219671508,2.1695463947359994,9.246338951541109,0.11964515852694504,0.30050022279029653,0.43669698204689344,0.0826316183115835,5.615613957782133,0.6449387838003939,0.4387605451220367,0.014613667903065671,0.01806055579633952,0.018532323862350576,0.016873708652709464,0.02911771816589123,0.6604481487202695,0.0009962486298435444,291.5863253763955,59.87214829996325,0.07268921483902238,68.9683998549175,0.0061546797435194115,0.00395577730270168,275.4390489694222
Run 96,166.75513322485205,976.0734389482409,436.35567709944115,16.296231237467147,85.73089223782343,24.86527759027778,0.9090704995017049,11.501330679849906,0.3837835180247028,0.3395199394233681,0.4306990679605218,0.06442633773095896,5.609930245787761,0.7333596530189068,0.7362867408761923,0.021530813623895716,0.01953011877632725,0.02420926214915469,0.023937839181426966,0.03239334398494133,0.6923859680975576,0.0008456534174810808,296.50463217636775,57.914188505652234,0.08205122627684869,54.40738360127705,0.00629017541115662,0.004425891872561841,279.07307765126905
Run 97,339.0347945762519,519.4679604366063,456.5429039119272,10.520950200062716,76.24442565138213,10.819696810439892,1.4357165696924412,5.617058483818759,0.3857476340615892,0.5471463028643624,0.40324096133734155,0.08334860824963677,6.429193035650288,0.6498548812737552,0.6658627588852462,0.029468142537981294,0.018840298069867284,0.01858374623738828,0.01646664781827108,0.03482094658911494,0.6917146367950748,0.0010098046393693624,292.11674376725784,56.77128740166017,0.04064924678525511,63.910085995257845,0.006701017934072745,0.0048323680497246845,278.9370990747068
Run 98,125.91610784463691,610.8246532294422,486.0861848027093,19.876213359696454,52.843127225989626,10.610605621179946,1.1633589705977427,4.655620558549793,0.33990268105562693,0.3597790418837712,0.4497809399087686,0.07348091573328765,5.774786949570476,0.6120137030828784,0.22200578382099792,0.013355338308648698,0.016458680811446046,0.029649844897612583,0.020524041636095315,0.03392760421669738,0.7453500054698017,0.0008287323364185103,299.7516679607707,55.797210784378706,0.05662891968599015,51.40373652623454,0.00846980645842489,0.004407150266577508,276.9903755237349
Run 99,279.7701419121836,722.6756912961741,161.6121351628533,29.204849121705216,70.65347296521999,10.003043882858854,1.24807596457301,5.062182112082481,0.2506564261379124,0.5922523792306099,0.4201160445356486,0.0974244237125288,5.579948169032578,0.7750898072832549,0.05288378630536561,0.015466193459616157,0.01862714132729973,0.02804744867508406,0.03166581472679841,0.02620867002844033,0.6004369789315495,0.0008984013753687846,299.71620729847916,55.62222450856222,0.03584473015488723,54.5686965575796,0.006107673107187901,0.00423178016645284,277.21886557611816
Run 100,71.00572633963391,430.7190053746489,74.73586311530765,20.494337628065956,68.14793308064102,24.938513975383167,0.26610740337757965,8.168973398799771,0.39458139568125494,0.627420781517894,0.4090614080741489,0.06824175884603258,5.518911010263944,0.5226530414973531,0.6988866213882434,0.010312822022296542,0.014251354543411652,0.0165741087654702,0.031804231971231854,0.026605562545906344,0.6388430059552342,0.0008228193151821975,298.7515905033317,55.74743339680677,0.05916084685046118,68.43758490007524,0.0057604269194602015,0.004579760473775359,279.0195719860027
