Year,Emissions.CO2 Emissions from Fossil use,Emissions.Total CH4 Emissions,Emissions.Total SO2 Emissions,Emissions.Total N2O Emissions,Emissions.N2O non AFOLU Emissions,Emissions.HFC134a eq Emissions
1750,9.505619891242851,19.019783117809567,2.4400484348220126,86.02230753848028,9.627595522302384,0.0
1751,9.505963229138915,18.91510886993145,2.408379138223796,87.64746362383482,9.809482592041858,0.0
1752,9.510002042484,18.88971181188677,2.397116044064474,89.30332258588894,9.994805920197232,0.0
1753,9.510345380380064,19.121377231171937,2.4106933649875284,90.99046447147384,10.183630425467337,0.0
1754,9.514384193725146,19.50906106501577,2.462065253289928,92.70948028581832,10.376022253012149,0.0
1755,9.518423007070217,19.50045493331169,2.442355143653155,94.46097219957755,10.572048797623424,0.0
1756,10.16917002399398,19.46253659981589,2.4191843248007623,96.2455537597732,10.77177872733308,0.0
1757,10.173208837339072,20.02354066414417,2.507464693488836,98.06385010471888,10.975282007467564,0.0
1758,10.177247650684128,19.93400532918585,2.4797438257676383,99.9164981830059,11.182629925156697,0.0
1759,10.18128646402922,20.14146621388408,2.473528034680374,101.804146976626,11.393895114305533,0.0
1760,10.181629801925288,20.416797144500503,2.4977451961387147,103.7274577283096,11.609151581037976,0.0
1761,11.146511591992294,20.45599016898809,2.509181763168119,105.68710417315891,11.828474729621124,0.0
1762,11.15056976531388,20.45168738197681,2.466504132620002,107.68377277465716,12.05194138887933,0.0
1763,11.15462793863545,20.54517933681397,2.4809921662006778,109.7181629651364,12.279629839107336,1.8880658180558742e-06
1764,11.158686111957016,20.26091721016315,2.4218679309291047,111.79098739078844,12.511619839491829,1.556607236882099e-05
1765,11.162744285278576,20.91915499807752,2.4975540657053723,113.90297216130466,12.74799265605103,3.216390716421616e-05
1766,12.44543696396138,20.853591900632743,2.484408321807168,116.05485710423191,12.988831090102208,3.8479955685754934e-05
1767,12.449495137282948,20.999179455660748,2.482742877953473,118.24739602413388,13.2342195072669,4.120294710262103e-05
1768,12.453553310604535,21.659452113517297,2.585377496021171,120.48135696664856,13.484243867024183,4.362080581410591e-05
1769,12.457611483926115,21.496335350339965,2.542757581499459,122.75752248753436,13.738991752822251,4.601851196139021e-05
1770,12.461669657247674,21.63439757224449,2.551004694202496,125.07668992679912,13.998552402758865,4.845530624147954e-05
1771,13.8109015662802,21.42892110132936,2.4564243021424623,127.43967168800816,14.263016740841415,5.085406344763853e-05
1772,13.814980411869085,21.39461571539237,2.4318788124626445,129.8472955228687,14.532477408837602,5.329839078987125e-05
1773,13.819059257457972,21.59523139318095,2.4375705286194296,132.3004048211914,14.807028798727778,5.5737871791844334e-05
1774,13.823138103046867,22.25970772945681,2.5289119722989657,134.79985890632915,15.08676708577045,5.8143202113613994e-05
1775,13.82721694863575,22.200963290559795,2.497313042888125,137.34653333619792,15.371790262192436,6.052060042549825e-05
1776,15.250358366648666,22.141942125209106,2.4666720786648364,139.9413202099844,15.6621981715155,6.29804342727266e-05
1777,15.254437212237557,22.568710059808843,2.521353634336916,142.58512848064805,15.958092543531516,6.53902037233393e-05
1778,15.25851605782646,22.856080929571224,2.560565943809508,145.27888427332695,16.259577029938374,6.783764836903914e-05
1779,15.26259490341535,22.820635694370733,2.5037124487048943,148.0235312097591,16.566757240649125,7.02529529868436e-05
1780,15.27036922445326,23.24616665378551,2.545624084919035,150.820030738833,16.879740780787113,7.266877053562417e-05
1781,17.074168355278587,23.249655483903965,2.5510926411828296,153.66936247338256,17.19863728838001,7.501217787350634e-05
1782,17.07827094243073,23.34175811891444,2.5181732450692373,156.57252453334536,17.52355847276597,7.754598621387028e-05
1783,17.08606900503191,23.379916787266467,2.5134612747885146,159.53053389540378,17.854618153725387,7.995155170167437e-05
1784,17.090171592184056,23.29404230240209,2.4783164405613816,162.54442674923126,18.1919323013519,8.240594197476147e-05
1785,17.101945736123064,23.80210553725873,2.5291906045378845,165.61525886046954,18.53561907667672,8.485902461670991e-05
1786,19.40463405256618,23.831994998220747,2.5238744052770934,168.7441059405628,18.88579887306035,8.722376673669401e-05
1787,19.412432115167352,24.17652817967206,2.558671151927712,171.9320640235792,19.24259435836637,8.965113203116024e-05
1788,19.416534702319485,24.855928924260272,2.648030358272221,175.18024985015091,19.606130517931952,9.209971516507218e-05
1789,19.424332764920667,24.717072836600927,2.597817353803489,178.48980125866842,19.976534698350147,9.442010689514334e-05
1790,19.43213082752183,24.942208573783372,2.6055361625440803,181.86187758386453,20.353936652079383,9.694182811508342e-05
1791,21.694191817995858,24.778432167331214,2.5655352132834346,185.2976600629292,20.738468582895717,9.927890959514964e-05
1792,22.34876642876083,24.818892944319888,2.555885905296148,188.79835224929636,21.13026519220372,0.00010180016088414845
1793,22.371745683867907,25.03153140920904,2.5493745985836123,192.36518043424823,21.5294637262224,0.00010429826632667039
1794,22.32534354653756,25.76753777758947,2.642660372712238,195.99939407648515,21.93620402406245,0.00010666383399281271
1795,22.33821727595412,25.77334281488129,2.6101635634209632,199.70226623981,22.35062856671189,0.00010895750944450654
1796,23.439214593904296,25.74058406529963,2.568822151347849,203.4750940390821,22.772882526947065,0.00011148349387475021
1797,24.59806209925703,26.23006225836581,2.640239462115646,207.3191990945968,23.20311382018663,0.00011387485732394137
1798,25.616857924286627,26.546440122432795,2.684800165763159,211.23592799504732,23.641473156306304,0.00011636467983393559
1799,26.981443026950863,26.706488169365446,2.661313715429832,215.22665276923576,24.088114092432445,0.0001182562477597572
1800,28.7778053925269,27.056343077702923,2.6985937954486108,219.2927713666932,24.543193086733076,0.00012159715885131269
1801,28.554696107145105,27.12488718150826,2.688431218390064,223.43570814738135,25.006869553225133,0.00012343642946258514
1802,37.07238349413012,27.33978431554748,2.727330113471008,227.65691438064584,25.479305917617147,0.00012608510862225947
1803,32.115052234148855,27.320499854247757,2.67587199588858,231.9578687535943,25.960667674206885,0.00012844295957597628
1804,35.05259221861568,27.46474997353236,2.6917820167323114,236.340077889081,26.45112344385398,0.00013093912049181675
1805,34.26830496047014,27.95079819780367,2.7297852284332054,240.8050768734757,26.95084503304774,0.00013336866811476357
1806,35.86203937905529,28.13437244680133,2.7363256272318086,245.35442979440427,27.46000749409091,0.00013569513718741965
1807,38.3672604417311,28.45865602722048,2.7751216953268134,249.98973028864765,27.978789186420432,0.0001380950785449476
1808,35.856927524412626,29.185241168144344,2.846709201622861,254.71260210039253,28.507371839086694,0.00014058284554258364
1809,35.88850330801779,29.128658126909023,2.8018920476325544,259.5246996500284,29.04594061441317,0.00014281428739817354
1810,38.15672600158097,29.42453241885191,2.82398353235988,264.4277086136904,29.59468417285869,0.0001453863520372517
1811,40.36351490342033,29.40578755819684,2.803000630901314,269.4233465137509,30.153794739105155,0.00014762611427609695
1812,41.75970724451375,29.420298496849927,2.785422830614805,274.51336332046753,30.723468169393776,0.0001502155494383283
1813,41.95454083933808,29.7784760297943,2.7962887210753067,279.69954206499654,31.303904020133444,0.00015275331574538767
1814,42.887637597185424,30.547851858136703,2.8937253673868346,284.9836994639884,31.89530561780527,0.0001550691785964633
1815,44.3182407396715,30.644339540877155,2.881174396667863,290.36768655598274,32.497880130187795,0.00015733418733192777
1816,49.03968263785045,30.79985621905832,2.8945196297552065,295.8533893498271,33.11183863892778,0.00015983424532025326
1817,51.19270203822854,31.198395410103,2.9394259653777777,301.4427294853444,33.73739621348203,0.00016218936443312078
1818,51.50323307965797,31.68760831940507,3.00197823341283,307.1376649064832,34.37477198645616,0.00016473141556822967
1819,51.74568402079672,31.84544135012051,2.956182587777584,312.9401905471849,35.024189230366694,0.000167084682442339
1820,52.536188666166254,32.333394668843965,2.995581552829647,318.852339030208,35.68587543585331,0.00016941571714101618
1821,53.36192137594931,32.52138863261211,3.0073087305857005,324.8761813791553,36.36006239136876,0.00017166017376757563
1822,55.45545553908207,32.73451051970765,2.99428323979268,331.01382774395324,37.04698626437427,0.00017441415589509483
1823,58.77093689865056,32.75571508609182,2.994537839050356,337.26742814003603,37.74688768406895,0.00017672855017224193
1824,60.46706103892188,33.05197869569693,3.0211119809130493,343.63917320149545,38.46001182568207,0.00017928566935844915
1825,63.11152300049372,33.52533881675272,3.071614761914363,350.1312949484597,39.186608496357934,0.00018166470836219564
1826,63.69625002551382,33.74810290483613,3.0591930934332394,356.74606756896884,39.92693222266317,0.0001839763389301125
1827,68.30482987530272,34.15505001036133,3.127305636807274,363.4858082156222,40.681242339747314,0.0001863580836288704
1828,68.98226920380725,34.99912851284667,3.2310008822057386,370.3528778172763,41.44980308218786,0.00018883999786229277
1829,68.39394371528422,35.0164051294104,3.189500783985872,377.3496819060771,42.2328836765515,0.0001909818400952783
1830,91.36832944303303,35.40215533786149,3.406492166875057,384.4786714601173,43.030758435704136,0.00019362752960891283
1831,86.70145062998854,35.37418704933364,3.3168917025616285,391.7423437620133,43.843706854902535,0.00019582692672985647
1832,86.79580075587685,35.562723492003244,3.316047923811443,399.1432432737022,44.672013709701474,0.0001984537142515927
1833,88.77741696436878,35.98083111069253,3.342535309207534,406.6839625277659,45.51596915571049,0.00020100945796933543
1834,90.52129829779416,36.76106096531176,3.4371764833811347,414.36714303559467,46.37586883023531,0.0002027951554234593
1835,92.61388732182812,36.88278972577237,3.43109153314582,422.1954762127074,47.252013955839466,0.00020592407075169564
1836,107.07903985017182,37.24729235142932,3.5606120619485004,430.1717043215536,48.1447114458625,0.0002080236976386486
1837,107.22316166862704,37.69980677552597,3.5905748734495657,438.2986214321273,49.05427401193156,0.00021030339728224522
1838,110.99128842241184,38.242109615281024,3.6773493839788993,446.5790744007285,49.98102027350422,0.00021290788548761818
1839,114.73585303910576,38.51117555601762,3.6804199625611256,455.0159638672159,50.92527486948073,0.0002152289903021951
1840,122.91642713139277,38.88776194382017,3.7424452069524783,463.6122452711005,51.88736857192493,0.00021752789472280883
1841,126.79434586668684,39.38162316774325,3.826558744119807,472.3709298868343,52.867638401933576,0.00021973237916326778
1842,134.2652382555226,39.618728876147166,3.856907997872313,481.2950858786597,53.866427747694765,0.00022252136747389557
1843,137.23492960494733,39.6532638222405,3.8533093925905946,490.3878393753855,54.88408648477663,0.0002243808185023074
1844,146.01709233738427,40.04426499219912,3.976687412934379,499.65237556546936,55.92097109868867,0.00022792915719601074
1845,160.47390306954614,40.66967666700967,4.15428124651865,509.091939812788,56.97744480975851,0.00022982489774588496
1846,161.9589046391713,40.975199745155024,4.138125135238822,518.7098387934867,58.05387770036785,0.00023208926412146097
1847,173.931547660701,41.61647167525484,4.301750207921762,528.5094416543077,59.15064684459219,0.00023445325660949968
1848,172.6606739956153,42.449470629613735,4.401966128843545,538.4941811928003,60.26813644028974,0.00023692166572085007
1849,179.01348729147213,42.63396460567202,4.442860300051104,548.667555059829,61.40673794368583,0.00025575897590354577
1850,188.2971892915022,43.142363653343445,4.544463775546904,559.0331269848,62.566850206499886,0.00038143335892218644
1851,188.94731012415812,43.15191370777477,4.5065997179040895,571.5715188356,62.54493667519998,0.0005153791880776565
1852,196.569620882664,43.34412933408961,4.548173376622195,585.1317127862999,64.68829855379994,0.0005544457589538752
1853,205.03437818073465,43.88435962687079,4.645593816185576,597.206708427,65.7338765924,0.000577193943086545
1854,241.471087383668,44.80907906406347,5.062418700342138,609.7889384575999,67.51047429089994,0.0005997520786902021
1855,243.9077243416637,44.9570538963326,5.055876658386677,620.8449041582,69.08816637940004,0.0006224310090080379
1856,260.8928804939152,45.32147323346321,5.188552235176194,630.3639650386999,68.88184784779986,0.0006456304382178987
1857,263.45150898261613,46.01300693840024,5.285746479984215,640.2819202991,70.72092459619992,0.0006700941310213846
1858,267.60777029654656,46.54057728835799,5.3613428075002,648.1239126195001,70.03458979450009,0.0006938407155112795
1859,285.2848881882301,46.94962615479032,5.522088205892609,655.1625586096999,71.33677277259991,0.0007180440705945497
1860,314.4307082512235,47.37614022716783,5.787726354552483,661.0624675498999,71.5504080006999,0.0007424199184412631
1861,331.4036247223157,48.23468669993056,5.933301365192519,665.15888078,71.66558130869997,0.0012728541823840214
1862,336.63652412522435,49.13056211810905,5.943503850094243,669.2572620000001,71.43721761660002,0.0013335757250384783
1863,357.2415719165729,49.710222528728,6.119347249550137,673.1290102099999,71.53942210449998,0.000888283194873505
1864,383.7596460235925,50.66032472624755,6.376488796870201,677.1849363201,71.82441860249996,0.0009144776621597968
1865,406.520184025051,51.98007509857536,6.64379561561145,680.9942922301,71.83342079040007,0.0009407790029823068
1866,420.4531020747053,52.74699292831513,6.765960834568206,684.6173553401001,71.72940238830003,0.0014730760507848818
1867,449.195302727825,53.9410217812425,7.119763794229744,688.4915933501001,71.83860958620004,0.001535043849145944
1868,460.2890533707007,55.287673564162375,7.325189710974375,693.5563405601999,71.98392197419999,0.0010913716171359702
1869,488.4396241025042,55.83359728305401,7.571114078764871,697.4433647801999,71.90885148209985,0.001119921239827733
1870,500.8359387643198,56.9965923070036,7.762947987099056,701.7352482102999,72.0188708003,0.0016540266022637723
1871,532.2577502725627,57.57401422057298,8.019553553652756,713.8267220509999,72.94825402900004,0.00171734270750248
1872,587.5811859353356,58.18710545429253,8.48727315533725,739.7925122527,76.47242729870011,0.0012762703462788876
1873,623.305759245324,59.62016165313301,8.932963275339493,775.9784934352001,80.64112496920006,0.0018119891631101762
1874,590.022181224642,60.88850035180588,8.75070146459621,819.7215684281998,86.79922734919992,0.001876877209389237
1875,634.8985489837439,61.44717029579096,9.09083843679748,867.5279967715999,93.21142917059991,0.001941944975258384
1876,644.7162037693784,62.60294810766919,9.26618957848136,915.7927965251,98.76402721210006,0.002008643050751384
1877,658.9603312260903,63.64524258623489,9.510372735561647,961.8957032583,104.82873303329994,0.00207491935815711
1878,662.4475459391701,64.71120382869425,9.59766004197736,1001.9468371312,108.4608114841999,0.0021424084116373966
1879,707.8810191692077,65.90279841258594,10.093523219758184,1035.2681933234005,113.24282316440016,0.002210046136468326
1880,803.759667839386,66.66498430210106,10.936322336520524,1057.0300940048005,115.71122453380003,0.002277744299037302
1881,825.3182472592117,67.70670094788971,11.293506730684229,1069.3775926056,116.69402711259995,0.002346096295959797
1882,868.2868736487579,68.57787523920716,11.738848201266975,1082.9192388862002,119.6610254712003,0.002922740514663648
1883,919.3900693514222,69.18597910133236,12.254384026795949,1093.3152895568,120.07885902980016,0.0030270361940327646
1884,926.55488681631,70.48060514662333,12.467245528478312,1102.4560381272,120.90556928820016,0.002627128239497207
1885,932.3926773436464,71.60546241341835,12.570266226675043,1112.1977865776,122.3779497156001,0.0026979273427350865
1886,946.6222191668428,72.58254388217381,12.686263225278177,1119.6480017279998,120.819139254,0.0032753961660135452
1887,992.9671993131536,73.77743063310328,13.190955216647929,1128.4210779784,121.7081525924001,0.0033826011767777837
1888,1095.757641894575,75.11035553057255,14.34215496072484,1137.8598364388995,123.70817214089983,0.003490657757211443
1889,1097.1201592020911,75.9296001940716,14.33482126267808,1148.1349188993004,124.5023154793001,0.003598732926247935
1890,1191.9929685378445,77.07862319106741,15.43278649207452,1187.2523611699,131.90205016489992,0.003708992959045797
1891,1247.575064702637,77.68229292407419,16.026797541235865,1205.0604078505005,134.05836187450012,0.003822287364415829
1892,1256.70753689652,78.54558088981553,16.30684661199453,1222.7773400311,136.4774351841,0.003938611577702704
1893,1238.1078978437354,79.81501328862245,16.215991510549767,1240.7784830117,140.41805199270007,0.004054535373309105
1894,1286.676887389371,81.38345626276687,16.796573244078445,1260.0639709922998,143.83649069229995,0.004677444698377645
1895,1362.1187957936836,82.23116014335764,17.66577430948931,1277.162714483,146.52748170099986,0.004830184295275186
1896,1405.9557640537669,83.00005426186281,18.15088035932663,1294.7834371737,150.67548317969948,0.004479637494044966
1897,1473.038386097507,84.39253635318506,19.011129160615837,1311.3342798643996,154.2523138783997,0.0051062554879620385
1898,1551.1755446467898,85.36127162189973,19.98900756541145,1326.5243872753,157.40680858730008,0.005263662451057917
1899,1697.800965876801,86.70543386559314,21.642463314519087,1341.4157593860998,161.44755079709967,0.005422118653008338
1900,1788.8209389436147,87.61328845020651,22.66210070818357,1356.1629601771,166.52026483610013,0.0056188346938727506
1901,1848.660825522177,88.39116711070807,23.51382736732285,1369.1033723782,171.5788119941999,0.019141559885760967
1902,1903.112290049174,89.26282464192792,24.163401119203183,1384.5154813794998,176.13328963349997,0.03627691111792592
1903,2075.742537501805,89.89074056747505,26.047680304321677,1399.3553779808997,182.56555098289985,0.04165261993589013
1904,2107.614100896002,91.35674942842638,26.50752099131453,1415.5977556825003,187.9219228225,0.04902197448470443
1905,2243.7267128686976,92.4013243220992,28.1580284765171,1432.5630821842,195.5500119712002,0.0632206256411242
1906,2360.9161104099794,93.2499831638467,29.48689883596641,1449.9517987859,202.40695999990035,0.08462828954323853
1907,2663.7445589385597,94.5608019449233,32.47930467684103,1466.7515752876002,208.5319099396,0.11130322751701996
1908,2576.958063520148,95.71237193404863,31.1328570372851,1483.1246563894,214.0436256584001,0.11095907322584007
1909,2672.675264874804,96.46669460330284,32.691010925715105,1499.1008974911,219.19658278709997,0.13822069562626346
1910,2805.9632504058786,97.77187102780432,34.19279814080697,1515.9448328926997,226.16179300669964,0.22081814596801635
1911,2861.986256767045,98.4293811567004,34.43465077956312,1533.7058148942,228.04994302520012,0.26181989396572514
1912,3004.722071779436,99.26614632335712,35.92235270992954,1559.2342549957998,233.5371936338001,0.30081491445785885
1913,3259.6494608068774,100.61255837319116,38.08608969798272,1589.1170288973,237.77899994229995,0.3601460112273101
1914,2973.6665402766857,102.28405865111168,35.13405679461169,1621.6230606987997,241.0939290407996,0.39593107850984377
1915,2942.519810470517,103.0579197466507,35.09148717862071,1656.9581757,244.5519162389998,0.4434340023406934
1916,3170.958207253671,104.0889435206624,38.07157452770289,1693.364384602,249.689312428,0.5596672324446405
1917,3285.6216442218943,105.4397414501963,39.75198229077258,1728.658904703,252.116437925,0.6901960713303572
1918,3251.813367074211,106.74593160054404,39.42498449874762,1761.607494605,255.469756024,0.755885588667644
1919,2861.4210084405945,108.0951070437788,33.93663047851452,1791.4698467070002,258.53019871300035,0.7665492186831563
1920,3309.215240097431,109.13363853305732,37.54682245999263,1818.808185808,262.431281511,0.7871618616246476
1921,2908.9688897985466,109.80934796264432,32.04941278054283,1843.60698111,266.81478631000004,0.6769909977704313
1922,3092.4139992625346,110.48581040150992,33.84898546620051,1867.742388511,269.658289707,0.6231693227462856
1923,3516.25242540537,112.25356413194692,39.38589958706581,1893.417387913,274.45989720599994,0.8633562369663331
1924,3555.8300563616726,112.63350596587964,38.982972280573016,1920.280892515,277.9897424050004,1.0821138055467905
1925,3604.712597949596,113.6704269189651,39.41628780998716,1944.746823117,282.41706649399987,1.1753106211561941
1926,3558.8870224750517,114.54563027246536,39.55611645919673,1968.032742418,285.09684858100024,1.2627157609018538
1927,3928.221559555052,115.74747998347532,42.21370855415179,1990.26940782,289.65845378000006,1.3984152818291369
1928,3943.582918503044,116.7958666079441,42.06447172030944,2010.725377121,293.581132068,1.5932468955586223
1929,4239.58622471837,118.0199977157874,44.73465018561838,2028.074719023,296.1623855459999,1.802703491243919
1930,3931.5348799967705,119.67017881003574,41.51990606932174,2043.0677807240008,300.73337703400057,1.8193798821192735
1931,3549.6455181382203,119.90750782308882,36.63913266166543,2053.983826126,303.2866834120002,1.6632266919370076
1932,3225.7182395467908,121.42198728704908,32.251895421366335,2064.648995327,309.1971066900002,1.4670619469560042
1933,3383.9424868643987,122.34376589659304,33.93713756563494,2073.5596315279995,315.51276367699967,1.3738421965604952
1934,3666.9673367819296,123.95329985100088,37.30163266035201,2083.434566629,325.5942207440001,1.4864816625730244
1935,3849.855802224696,124.8946043872966,40.09333853070194,2093.473151729,336.9412559200003,1.7896516313335056
1936,4215.45707271199,126.46470475438792,43.12786142043625,2103.27340593,346.8691663869996,2.2118341715749157
1937,4511.311211107546,127.18233706750796,46.39105112796913,2115.583882032,359.3154269560001,2.6650713101946515
1938,4255.96843867095,127.90539303616418,43.01883965710126,2129.097792433,370.454329023,3.0848451847280196
1939,4516.846720106666,129.50135676592018,45.9488545379652,2147.484085035,383.23261466099984,3.5319236302869395
1940,4882.854452426038,130.13499426241637,50.23977106039386,2167.531924737,395.715395959,3.8987231727838765
1941,4973.871648052171,132.2180939399341,52.14654754131045,2242.1203195410003,409.574188159,4.468960409890045
1942,4980.163241406385,134.70602408126945,53.32090163909221,2403.5636976499995,429.6617991639999,5.5260309757759964
1943,5141.019628817479,136.62968688428126,54.13624125624317,2636.053052463,456.4370542729996,6.941954958495258
1944,5085.933086352678,138.93105622391963,53.073505040535714,2912.496904077,481.61834348300033,7.141584314478596
1945,4327.405026380107,141.02296395690516,46.7569020311827,3215.8730337940005,512.1966900960005,5.294745783898361
1946,4742.566944249697,142.70640224525258,46.202503687994174,3522.872150911,542.8397661089994,4.216100289926143
1947,5313.062133092379,144.7944964951042,51.876230112361256,3815.763524827,577.0293328099999,4.78460261448562
1948,5649.648193895278,147.27202945137043,54.2400156975523,4068.702450543,606.7944942020004,5.382329756580519
1949,5551.76102167083,150.21571488778258,52.31608637500197,4264.104068156001,635.1854133900009,5.558610769821168
1950,6213.731175741306,152.20100844625213,58.20628819753501,4378.4987146660005,660.3503229650005,5.796669813279552
1951,6659.606041065716,155.27193516536855,60.663231512792365,4447.580050173,689.2407206370003,6.497206616196154
1952,6786.099891797026,160.57335760480584,61.4498930861673,4514.631057479,722.9380966870006,7.216033537658696
1953,6984.021272212278,165.68183230817434,62.68709013819596,4585.338771385,767.5753429269998,7.773539774596465
1954,7165.186494854506,170.37100791893153,63.10483375289556,4658.918555989001,815.1804885640001,8.305627149037726
1955,7837.469427759453,174.7404470567501,69.00315621483612,4738.573835594,870.807293992,8.732748213555535
1956,8395.391090472882,180.671117460758,74.12190737350447,4819.784587299,924.18766331,9.098241888717677
1957,8738.87258426779,186.0555677386444,77.62640658359288,4906.311841004001,984.3066076280004,9.324989909198148
1958,9040.538849588274,188.38553994967657,78.56142199356961,5002.815188009001,1045.477918136,9.574622365144073
1959,9541.019562638574,192.68675731110375,82.51022591859517,5106.721646316,1103.277710345,10.09971719150434
1960,9998.246946524006,197.26110047577143,85.80760420569459,5222.367036224001,1164.8599991260005,10.901594210298827
1961,10084.929428517677,205.13834130452685,96.59080751826748,5570.292268933999,1229.9445679689998,11.800112930955947
1962,10511.070556386998,207.2122991826155,98.59311393203902,5779.894617848,1304.2825471799993,12.782336868990113
1963,11125.941126809785,216.1922655897532,101.67847108515984,5976.276517865001,1388.6517320660005,13.714789059017656
1964,11702.72338418647,216.5561629558192,105.49869079223198,6199.344235183999,1478.5183047330002,14.509756351319037
1965,12246.75033387149,222.666415702745,107.9591805044858,6465.560236103001,1571.4528230300018,15.395566158269618
1966,12831.86689595858,226.3106958020585,110.36645496630516,6773.507547123001,1666.782499639001,16.478926167550433
1967,13287.15772480886,232.33314648826575,109.35519326684204,7041.513557943,1759.7530520700004,18.06123501541722
1968,14051.668413799567,235.33540266621625,113.55959768195832,7256.009223461,1845.0443566800004,19.727390107647985
1969,14883.396807382682,239.18485161256535,116.75347887979434,7435.615435577,1926.528322391,21.229603712489684
1970,15843.285019524576,244.4183955462925,122.86787802343206,7406.667102285999,1863.3795671979992,23.090875461400863
1971,16527.550099634947,249.2895330837902,123.2413270963095,7327.060018163999,1821.0350943159992,25.289990428101504
1972,17246.695642406547,257.2102054265862,126.7324978756456,7746.900966143001,1960.188101575001,27.56562672856689
1973,18233.00875050532,260.2947249743578,132.4288265395,7935.570129016,2026.4933217480009,30.06858708520184
1974,18132.22699535329,261.8082770537653,130.53960340695352,7909.792366794,2045.446562436,33.0693818151466
1975,18060.67209074829,263.0585486452576,128.16559132593756,8180.647431373,2038.5689476349996,35.03863265268844
1976,19035.556334567314,269.9482096580869,134.0976168733828,8409.325612562,2137.2363205239985,36.92881728778884
1977,19657.66065284009,274.0301524027072,135.3432377512975,8640.444044551,2220.576312463001,40.51529593041882
1978,20454.216964332376,276.33335446294114,135.83417396469358,8837.869319450998,2250.0124458029986,46.879880224703705
1979,20999.96015693616,281.6000656120118,138.02440074525126,9123.75591774,2331.708957972,52.90907031366791
1980,20707.595338894927,283.3464702351544,137.3534112392945,9227.258503439998,2259.5116269819973,56.024639795141695
1981,20298.599212495,279.78942071631377,133.16990108345564,9121.12526974,2194.8102850570026,57.88153539694616
1982,20071.086666767103,287.6693153882337,130.86045303509695,9494.515702535002,2311.7510004970027,58.13144571608959
1983,20092.38693630408,281.617658355317,128.90373447756497,9530.292752735,2219.882243511999,59.027988588202135
1984,20590.54238517373,285.00304516787423,130.4163406761621,9421.164119735,2162.5929890669995,62.724787808055716
1985,20810.00575113212,285.6752697155976,130.744205181854,9421.444216635,2132.2499594810006,66.76053519278715
1986,21196.382640676227,290.8084487539618,130.75455769844152,9620.413269135,2172.1055507559995,69.30618674785953
1987,21774.340960278307,295.0485146932872,133.23433411785436,9977.11727844,2268.980046675,73.38809032196068
1988,22475.378575347084,298.68549508376714,134.3653494746133,9722.719931646,2137.856467225999,78.30192638340122
1989,22760.31988168612,302.164174394028,134.41616789400453,9842.472009051,2172.8922469050003,81.97759655801127
1990,22671.239207930063,305.27255465213847,133.9791277858574,9862.303868651,2156.149777668,86.43828009297768
1991,22683.40316298831,318.7311920514537,132.7375511716136,9968.816852048,2212.0978652369995,90.76810567451828
1992,22521.36802154585,299.4017954744593,128.2477767678287,9990.075746651,2271.472126397998,95.25348824400476
1993,22695.36268126985,299.4425140657421,126.19423016578818,9915.093855454004,2129.7850832110003,102.1051158008091
1994,22866.39316554965,310.25183676250725,123.44841524770855,10121.031398150995,2247.6069518279983,115.58981185236654
1995,23369.590160570453,305.40958889562864,121.082118475163,10218.833691847998,2219.927480154998,133.04730573748157
1996,23860.59967240361,307.29120752307955,119.11420647057,10278.763319346,2260.334072146001,150.14517149703778
1997,24092.172889675425,331.28891975653016,119.55004809486935,10590.220331843,2680.414917912998,168.64581548615578
1998,24150.38625357241,315.332621195414,117.02616704771498,10128.407161145,2274.480190385,185.09448617568043
1999,24410.082568218026,309.40837085260006,110.87411893093665,9868.586122143,2076.8375850229977,205.91365433352522
2000,25259.64138333597,310.18680982649335,111.14860426813186,9603.18708684,2013.52022839,234.37437394510386
2001,25493.87141652609,312.89637869980686,111.9237248560712,9722.247312129995,2018.8124425199985,248.68704043063298
2002,26010.04666526674,322.2788312475723,111.20156334370368,9991.772281121,2096.451498690999,255.34881073931024
2003,27207.371705321853,328.12422419548386,115.10387816360677,10099.786880807002,2040.1962729470004,275.7549483686752
2004,28629.01551698461,338.9417722149104,120.49372604696684,10354.570880397,2110.2035329870005,309.16178838419023
2005,29658.164262890437,346.39555462360056,124.9806757834322,10516.570551088,2138.615621427999,328.6135891675029
2006,30627.93466835418,356.46968956461853,125.89628423514212,10802.561733786,2250.947393325999,336.1940209824151
2007,31811.600941935307,355.0225755363805,125.08757397121607,10363.481326285002,2138.787844942001,353.9134235127122
2008,32002.12180529916,360.4917104977002,122.36065090038171,10429.681447884,1967.93215008,357.0181328683714
2009,31459.235187293594,364.2003633816462,117.25939145993684,10546.741937483,1935.903495979,377.9045058876234
2010,32890.39779695888,370.8962527865861,116.3174480659564,10539.817000082,1936.506830522599,423.35882999103825
2011,33917.99126456451,372.6576831783338,117.48575892006976,10446.428334966002,1949.514974756001,435.66631665184997
2012,34396.87387802417,380.80976664436446,115.66957640847058,10593.897728360002,1956.8261582600007,484.9748417477263
2013,35396.33970060967,381.5943928175861,114.64817742063164,10759.046875754,1966.7575229640013,506.22333751570994
2014,35615.57672537688,387.873539205888,114.0086622048385,10866.283520049,1953.3312629510008,494.56202107282417
2015,35635.28629838611,388.072795663322,100.77116698064656,10900.0,1959.392162636108,539.3818238924625
2016,36460.76152845141,389.9511153904733,96.64709616476429,11066.5343657095,1989.3285049279216,594.6292058072686
2017,37286.236758516716,391.8294351176246,92.52302534888203,11233.068731419,2019.2648472197354,635.2437458741233
2018,38111.711988582014,393.70775484477593,88.39895453299977,11399.6030971285,2049.2011895115493,677.5494836394854
2019,38937.18721864732,395.5860745719272,84.27488371711749,11566.137462838,2079.137531803363,721.4707778005275
2020,39762.66244871262,397.46439429907855,80.15081290123523,11732.6718285475,2109.0738740951765,766.8980419153542
2021,40861.36725736939,403.16471087208924,79.28668058760587,11824.081155047621,2125.5056830801473,813.7135704596187
2022,41960.072066026165,408.8650274450999,78.42254827397652,11915.49048154774,2141.937492065118,857.1829657153688
2023,43058.77687468294,414.5653440181105,77.55841596034716,12006.89980804786,2158.3693010500883,901.7004694717155
2024,44157.48168333971,420.2656605911212,76.6942836467178,12098.30913454798,2174.801110035059,947.0166973636127
2025,45256.18649199649,425.9659771641319,75.83015133308845,12189.718461048102,2191.23291902003,993.0015732350915
2026,46354.89130065327,431.66629373714255,74.9660190194591,12281.127787548221,2207.6647280050006,1039.5871071618137
2027,47453.59610931004,437.3666103101532,74.10188670582974,12372.53711404834,2224.0965369899714,1086.737096573372
2028,48552.300917966815,443.0669268831639,73.23775439220039,12463.946440548461,2240.5283459749417,1134.4311822204677
2029,49651.00572662359,448.7672434561746,72.37362207857103,12555.355767048582,2256.9601549599124,1182.656541097056
2030,50749.71053528036,454.4675600291852,71.50948976494168,12646.765093548702,2273.391963944883,1231.40362832123
2031,52208.735780684045,463.2500777342397,71.50593880342306,12720.074547047832,2286.570126204822,1280.6640539760517
2032,53667.761026087726,472.03259543929414,71.50238784190445,12793.384000546961,2299.7482884647607,1315.4253570570115
2033,55126.78627149141,480.81511314434863,71.49883688038585,12866.693454046092,2312.926450724699,1350.2759845887676
2034,56585.81151689509,489.5976308494031,71.49528591886724,12940.00290754522,2326.1046129846377,1385.2131788779473
2035,58044.83676229877,498.3801485544576,71.49173495734863,13013.31236104435,2339.2827752445764,1420.2374121570167
2036,59503.86200770245,507.16266625951204,71.48818399583001,13086.621814543481,2352.460937504515,1455.3503215659578
2037,60962.887253106135,515.9451839645665,71.4846330343114,13159.93126804261,2365.639099764454,1490.5537095074849
2038,62421.91249850982,524.727701669621,71.4810820727928,13233.24072154174,2378.817262024392,1525.8490955675345
2039,63880.9377439135,533.5102193746754,71.47753111127419,13306.55017504087,2391.995424284331,1561.237548225688
2040,65339.96298931718,542.2927370797299,71.47398014975558,13379.85962854,2405.1735865442697,1596.7196535716541
2041,63562.3720892144,514.2980411426028,68.14134377531471,13011.703421542354,2338.993551074818,1632.2955468258967
2042,61784.781189111614,486.3033452054756,64.80870740087384,12643.547214544707,2272.8135156053663,1610.8693419722574
2043,60007.19028900883,458.3086492683484,61.47607102643298,12275.391007547061,2206.6334801359144,1588.42529684456
2044,58229.59938890605,430.3139533312212,58.14343465199212,11907.234800549415,2140.4534446664625,1564.8176476461636
2045,56452.008488803265,402.31925739409405,54.81079827755126,11539.07859355177,2074.273409197011,1539.9797680106094
2046,54674.41758870048,374.3245614569669,51.47816190311039,11170.922386554124,2008.093373727559,1513.8875918943797
2047,52896.8266885977,346.3298655198397,48.14552552866952,10802.766179556478,1941.9133382581074,1486.5399697758596
2048,51119.235788494916,318.3351695827125,44.812889154228664,10434.609972558832,1875.7333027886557,1457.9480969808792
2049,49341.64488839213,290.34047364558535,41.480252779787804,10066.453765561186,1809.5532673192038,1428.129805444578
2050,47564.05398828935,262.3457777084582,38.14761640534694,9698.29755856354,1743.373231849752,1397.1064653419835
2051,43988.72028912065,252.58198821107112,36.8910234257408,9949.618876473745,1788.5509401632048,1364.9012896007594
2052,40413.386589951944,242.81819871368407,35.63443044613465,10200.940194383951,1833.7286484766578,1305.7219744962783
2053,36838.05289078324,233.05440921629702,34.37783746652851,10452.261512294157,1878.9063567901105,1244.806831022465
2054,33262.71919161454,223.29061971891,33.121244486922365,10703.582830204363,1924.0840651035633,1182.1661636154026
2055,29687.385492445836,213.52683022152294,31.864651507316225,10954.904148114569,1969.2617734170162,1117.822225225138
2056,26112.051793277133,203.7630407241359,30.60805852771008,11206.225466024775,2014.439481730469,1051.8036232962786
2057,22536.71809410843,193.99925122674887,29.35146554810394,11457.546783934982,2059.6171900439217,984.1422773020524
2058,18961.384394939727,184.23546172936182,28.0948725684978,11708.868101845188,2104.7948983573747,914.8717488124843
2059,15386.050695771024,174.47167223197476,26.838279588891652,11960.189419755394,2149.972606670827,844.0263122637685
2060,11810.71699660232,164.7078827345877,25.581686609285512,12211.5107376656,2195.15031498428,771.6404275565357
2061,9802.744039734922,162.13886984430866,24.828351121061058,12267.38481856554,2205.194281609036,697.7484324875461
2062,7794.771082867526,159.5698569540296,24.075015632836603,12323.25889946548,2215.2382482337916,690.3675367204522
2063,5786.798126000129,157.00084406375055,23.32168014461215,12379.132980365419,2225.2822148585474,682.5187930250216
2064,3778.8251691327323,154.4318311734715,22.568344656387694,12435.00706126536,2235.326181483303,674.5151264767096
2065,1770.8522122653358,151.86281828319244,21.815009168163243,12490.8811421653,2245.370148108059,666.5260165796642
2066,-237.12074460206168,149.29380539291338,21.061673679938785,12546.75522306524,2255.414114732815,658.6435175890251
2067,-2245.0937014694573,146.72479250263433,20.308338191714334,12602.62930396518,2265.458081357571,650.9176875023776
2068,-4253.066658336855,144.15577961235527,19.55500270348988,12658.50338486512,2275.5020479823265,643.3756311275577
2069,-6261.03961520425,141.58676672207622,18.801667215265425,12714.377465765061,2285.5460146070823,636.031762288613
2070,-8269.012572071646,139.01775383179717,18.04833172704097,12770.251546665,2295.589981231838,628.8933571350663
2071,-9018.024592922355,137.9164839965719,17.639304373798684,12726.7391919985,2287.7681677720784,621.9635792294108
2072,-9767.036613773063,136.81521416134666,17.230277020556397,12683.226837332,2279.9463543123184,615.124917244341
2073,-10516.04863462377,135.7139443261214,16.821249667314113,12639.7144826655,2272.1245408525583,608.491209682283
2074,-11265.060655474479,134.61267449089615,16.412222314071826,12596.202127999,2264.3027273927987,602.0605340457981
2075,-12014.072676325188,133.5114046556709,16.00319496082954,12552.689773332502,2256.480913933039,595.8304079091596
2076,-12763.084697175897,132.41013482044565,15.594167607587252,12509.177418666002,2248.659100473279,589.7979342235651
2077,-13512.096718026605,131.3088649852204,15.185140254344967,12465.665063999502,2240.837287013519,583.9599017258963
2078,-14261.108738877312,130.20759514999514,14.77611290110268,12422.152709333002,2233.0154735537594,578.3128583015523
2079,-15010.120759728023,129.1063253147699,14.367085547860395,12378.640354666502,2225.193660094,572.8531672328554
2080,-15759.13278057873,128.00505547954464,13.958058194618108,12335.128000000002,2217.37184663424,567.5770519788305
2081,-16044.656000578727,126.92298386847112,13.779625784581434,12285.626580000002,2208.473434305124,562.4806327977608
2082,-16330.179220578726,125.8409122573976,13.601193374544758,12236.125160000001,2199.575021976009,557.0069577551458
2083,-16615.702440578723,124.7588406463241,13.422760964508084,12186.62374,2190.676609646893,551.6936436898272
2084,-16901.225660578722,123.67676903525059,13.24432855447141,12137.12232,2181.7781973177775,546.5354480631892
2085,-17186.74888057872,122.59469742417707,13.065896144434735,12087.620900000002,2172.8797849886623,541.5278095100391
2086,-17472.272100578717,121.51262581310355,12.887463734398061,12038.119480000001,2163.9813726595467,536.6665464242894
2087,-17757.795320578716,120.43055420203004,12.709031324361387,11988.61806,2155.082960330431,531.9476997094455
2088,-18043.318540578715,119.34848259095654,12.530598914324713,11939.11664,2146.1845480013153,527.3674520196697
2089,-18328.84176057871,118.26641097988302,12.352166504288038,11889.61522,2137.2861356722,522.9220873553909
2090,-18614.36498057871,117.1843393688095,12.173734094251364,11840.1138,2128.3877233430844,518.6079717481291
2091,-18703.97668057871,116.23534281250366,12.089682508673938,11804.63237,2122.0095549154585,514.421544789614
2092,-18793.588380578713,115.28634625619783,12.005630923096513,11769.15094,2115.631386487833,510.14442421700676
2093,-18883.200080578714,114.33734969989199,11.92157933751909,11733.66951,2109.253218060207,505.984393114847
2094,-18972.811780578715,113.38835314358616,11.837527751941664,11698.18808,2102.875049632581,501.9376945700942
2095,-19062.423480578713,112.43935658728032,11.753476166364239,11662.70665,2096.4968812049556,498.00086433875344
2096,-19152.035180578714,111.49036003097447,11.669424580786814,11627.225219999998,2090.1187127773296,494.17063111115726
2097,-19241.646880578715,110.54136347466864,11.585372995209388,11591.743789999999,2083.7405443497037,490.44386291684367
2098,-19331.258580578717,109.5923669183628,11.501321409631965,11556.262359999999,2077.3623759220777,486.81753812375746
2099,-19420.870280578718,108.64337036205697,11.41726982405454,11520.780929999999,2070.984207494452,483.2887295157595
2100,-19510.48198057872,107.69437380575113,11.333218238477114,11485.2995,2064.6060390668263,479.8545952986639
2101,-19510.48198057872,107.52772332097322,11.270245400653373,11471.535459739554,2050.8419988063806,476.5123737554237
2102,-19510.48198057872,107.36107283619533,11.207272562829633,11457.771419479108,2037.0779585459352,472.74810146457054
2103,-19510.48198057872,107.19442235141744,11.144299725005892,11444.007379218663,2023.3139182854898,469.06502544563887
2104,-19510.48198057872,107.02777186663954,11.081326887182152,11430.243338958217,2009.549878025044,465.4597242838401
2105,-19510.48198057872,106.86112138186164,11.018354049358411,11416.479298697772,1995.7858377645987,461.9293169238555
2106,-19510.48198057872,106.69447089708375,10.95538121153467,11402.715258437327,1982.0217975041533,458.4712484000702
2107,-19510.48198057872,106.52782041230586,10.89240837371093,11388.95121817688,1968.2577572437076,455.083173404171
2108,-19510.48198057872,106.36116992752795,10.829435535887189,11375.187177916436,1954.4937169832622,451.7628923448193
2109,-19510.48198057872,106.19451944275005,10.76646269806345,11361.42313765599,1940.7296767228165,448.50831561605855
2110,-19510.48198057872,106.02786895797216,10.703489860239708,11347.659097395544,1926.965636462371,445.31744306616474
2111,-19510.48198057872,105.86121847319427,10.640517022415967,11333.8950571351,1913.2015962019257,442.1883516946737
2112,-19510.48198057872,105.69456798841638,10.577544184592227,11320.131016874653,1899.43755594148,439.11918783719966
2113,-19510.48198057872,105.52791750363848,10.514571346768488,11306.366976614208,1885.6735156810346,436.1081618286357
2114,-19510.48198057872,105.36126701886059,10.451598508944747,11292.602936353762,1871.909475420589,433.15354406221473
2115,-19510.48198057872,105.1946165340827,10.388625671121005,11278.838896093317,1858.1454351601435,430.2536618592528
2116,-19510.48198057872,105.02796604930481,10.325652833297266,11265.074855832872,1844.381394899698,427.4068968308063
2117,-19510.48198057872,104.86131556452692,10.262679995473526,11251.310815572426,1830.6173546392524,424.6116825558184
2118,-19510.48198057872,104.69466507974902,10.199707157649785,11237.546775311981,1816.853314378807,421.8665024776226
2119,-19510.48198057872,104.52801459497113,10.136734319826044,11223.782735051534,1803.0892741183613,419.1698879621964
2120,-19510.48198057872,104.36136411019324,10.073761482002304,11210.01869479109,1789.325233857916,416.5204164846184
2121,-19510.48198057872,104.19471362541535,10.010788644178563,11196.254654530643,1775.5611935974705,413.91670992232895
2122,-19510.48198057872,104.02806314063744,9.947815806354823,11182.490614270198,1761.7971533370248,411.35743294121215
2123,-19510.48198057872,103.86141265585955,9.884842968531082,11168.726574009752,1748.0331130765794,408.8412914641457
2124,-19510.48198057872,103.69476217108166,9.821870130707342,11154.962533749307,1734.269072816134,406.367031214441
2125,-19510.48198057872,103.52811168630376,9.758897292883601,11141.19849348886,1720.5050325556886,403.9334363278048
2126,-19510.48198057872,103.36146120152587,9.69592445505986,11127.434453228414,1706.740992295243,401.5393280276547
2127,-19510.48198057872,103.19481071674798,9.63295161723612,11113.67041296797,1692.9769520347975,399.18356335925114
2128,-19510.48198057872,103.02816023197009,9.569978779412379,11099.906372707523,1679.212911774352,396.8650339785881
2129,-19510.48198057872,102.86150974719219,9.50700594158864,11086.142332447078,1665.4488715139064,394.58266499263993
2130,-19510.48198057872,102.6948592624143,9.444033103764898,11072.378292186631,1651.684831253461,392.3354138475466
2131,-19510.48198057872,102.52820877763641,9.381060265941159,11058.614251926187,1637.9207909930155,390.1222692620315
2132,-19510.48198057872,102.3615582928585,9.318087428117417,11044.85021166574,1624.15675073257,387.9422502032571
2133,-19510.48198057872,102.19490780808061,9.255114590293676,11031.086171405295,1610.3927104721245,385.7944049028155
2134,-19510.48198057872,102.02825732330273,9.192141752469936,11017.32213114485,1596.628670211679,383.6778099105504
2135,-19510.48198057872,101.86160683852484,9.129168914646197,11003.558090884406,1582.8646299512334,381.59156918425776
2136,-19510.48198057872,101.69495635374693,9.066196076822456,10989.79405062396,1569.100589690788,379.53481321334635
2137,-19510.48198057872,101.52830586896904,9.003223238998714,10976.030010363515,1555.3365494303425,377.5066981747442
2138,-19510.48198057872,101.36165538419115,8.940250401174975,10962.26597010307,1541.572509169897,375.50640511950223
2139,-19510.48198057872,101.19500489941325,8.877277563351235,10948.501929842623,1527.8084689094514,373.53313918853337
2140,-19510.48198057872,101.02835441463536,8.814304725527494,10934.737889582178,1514.044428649006,371.58612885621676
2141,-18860.132581226095,100.86170392985747,8.751331887703753,10920.973849321734,1500.2803883885606,369.66462520052306
2142,-18209.78318187347,100.69505344507957,8.688359049880013,10907.209809061287,1486.516348128115,367.76790119849863
2143,-17559.433782520846,100.52840296030168,8.625386212056272,10893.445768800842,1472.7523078676695,365.89525104599466
2144,-16909.08438316822,100.36175247552379,8.562413374232532,10879.681728540396,1458.9882676072239,364.0459895006379
2145,-16258.734983815597,100.19510199074588,8.499440536408791,10865.917688279951,1445.2242273467784,362.21945124697976
2146,-15608.385584462974,100.028451505968,8.43646769858505,10852.153648019506,1431.460187086333,360.4149902830122
2147,-14958.03618511035,99.8618010211901,8.37349486076131,10838.38960775906,1417.6961468258874,358.63197932718737
2148,-14307.686785757725,99.69515053641221,8.310522022937569,10824.625567498615,1403.932106565442,356.86980924495214
2149,-13657.337386405101,99.52850005163431,8.24754918511383,10810.861527238168,1390.1680663049963,355.12788849434594
2150,-13006.987987052476,99.36184956685642,8.184576347290088,10797.097486977724,1376.4040260445508,353.40564258959927
2151,-12356.638587699852,99.19519908207853,8.121603509466347,10783.333446717279,1362.6399857841054,351.70251358234725
2152,-11706.28918834723,99.02854859730063,8.058630671642607,10769.569406456832,1348.8759455236598,350.0179595595304
2153,-11055.939788994605,98.86189811252274,7.995657833818867,10755.805366196386,1335.1119052632143,348.35145415762224
2154,-10405.59038964198,98.69524762774485,7.932684995995126,10742.041325935941,1321.3478650027687,346.702486092386
2155,-9755.240990289356,98.52859714296696,7.869712158171385,10728.277285675496,1307.5838247423233,345.07055870372653
2156,-9104.891590936733,98.36194665818905,7.806739320347645,10714.51324541505,1293.8197844818778,343.4551895150508
2157,-8454.542191584109,98.19529617341117,7.743766482523904,10700.749205154603,1280.0557442214322,341.85590980662846
2158,-7804.192792231485,98.02864568863328,7.680793644700164,10686.985164894159,1266.2917039609868,340.2722642024914
2159,-7153.843392878862,97.86199520385537,7.6178208068764235,10673.221124633714,1252.527663700541,338.70381027034136
2160,-6503.493993526237,97.69534471907748,7.554847969052683,10659.457084373267,1238.7636234400957,337.1501181341348
2161,-5853.144594173614,97.52869423429959,7.491875131228943,10645.693044112822,1224.9995831796502,335.61077009874396
2162,-5202.79519482099,97.36204374952169,7.428902293405202,10631.929003852376,1211.2355429192046,334.08536028647876
2163,-4552.445795468366,97.1953932647438,7.365929455581462,10618.164963591931,1197.4715026587592,332.57349428489186
2164,-3902.096396115742,97.02874277996591,7.302956617757721,10604.400923331486,1183.7074623983137,331.0747888056491
2165,-3251.7469967631187,96.862092295188,7.239983779933981,10590.636883071042,1169.9434221378683,329.58887135393434
2166,-2601.3975974104947,96.69544181041012,7.17701094211024,10576.872842810595,1156.1793818774227,328.1153799082159
2167,-1951.0481980578706,96.52879132563223,7.114038104286499,10563.10880255015,1142.4153416169772,326.65396260987865
2168,-1300.698798705247,96.36214084085434,7.051065266462759,10549.344762289706,1128.6513013565318,325.20427746249464
2169,-650.3493993526235,96.19549035607643,6.9880924286390185,10535.580722029259,1114.8872610960861,323.7659920403805
2170,0.0,96.02883987129854,6.925119590815278,10521.816681768814,1101.1232208356407,322.33878320616077
2171,0.0,95.86218938652065,6.862146752991538,10508.05264150837,1087.3591805751953,320.9223368370051
2172,0.0,95.69553890174276,6.799173915167797,10494.288601247923,1073.5951403147496,319.516347559297
2173,0.0,95.52888841696486,6.736201077344057,10480.524560987476,1059.8311000543042,318.12051849149407
2174,0.0,95.36223793218697,6.673228239520316,10466.760520727032,1046.0670597938586,316.7345609947898
2175,0.0,95.19558744740908,6.610255401696575,10452.996480466587,1032.3030195334131,315.35819443150166
2176,0.0,95.02893696263119,6.547282563872835,10439.23244020614,1018.5389792729676,313.9911459307792
2177,0.0,94.8622864778533,6.484309726049094,10425.468399945694,1004.774939012522,312.63315016152274
2178,0.0,94.6956359930754,6.421336888225354,10411.704359685249,991.0108987520766,311.28394911220704
2179,0.0,94.52898550829751,6.3583640504016135,10397.940319424804,977.2468584916311,309.9432918773829
2180,0.0,94.36233502351962,6.295391212577873,10384.176279164358,963.4828182311855,308.61093445076335
2181,0.0,94.19568453874173,6.232418374754133,10370.412238903913,949.71877797074,307.2866395245048
2182,0.0,94.02903405396383,6.169445536930392,10356.648198643466,935.9547377102946,305.9701762946396
2183,0.0,93.86238356918594,6.106472699106652,10342.884158383022,922.190697449849,304.66132027239445
2184,0.0,93.69573308440805,6.043499861282911,10329.120118122577,908.4266571894036,303.3598531012296
2185,0.0,93.52908259963016,5.980527023459171,10315.356077862132,894.6626169289581,302.0655623794016
2186,0.0,93.36243211485225,5.91755418563543,10301.592037601686,880.8985766685125,300.77824148790575
2187,0.0,93.19578163007436,5.854581347811689,10287.827997341241,867.1345364080671,299.497689423616
2188,0.0,93.02913114529647,5.791608509987949,10274.063957080796,853.3704961476216,298.2237106374072
2189,0.0,92.86248066051857,5.728635672164208,10260.29991682035,839.6064558871761,296.9561148772609
2190,0.0,92.69583017574068,5.665662834340468,10246.535876559905,825.8424156267306,295.6947170359665
2191,0.0,92.52917969096279,5.602689996516728,10232.77183629946,812.0783753662851,294.4393370034975
2192,0.0,92.36252920618489,5.539717158692987,10219.007796039014,798.3143351058395,293.18979952377356
2193,0.0,92.195878721407,5.476744320869247,10205.243755778567,784.5502948453941,291.94593405572255
2194,0.0,92.02922823662911,5.413771483045506,10191.479715518122,770.7862545849486,290.7075746385426
2195,0.0,91.8625777518512,5.350798645221765,10177.715675257678,757.022214324503,289.4745597609146
2196,0.0,91.69592726707332,5.287825807398025,10163.951634997231,743.2581740640575,288.24673223424924
2197,0.0,91.52927678229543,5.224852969574284,10150.187594736784,729.4941338036119,287.0239390695873
2198,0.0,91.36262629751754,5.161880131750544,10136.42355447634,715.7300935431665,285.806031358275
2199,0.0,91.19597581273963,5.098907293926803,10122.659514215895,701.966053282721,284.59286415612576
2200,0.0,91.02932532796174,5.035934456103063,10108.895473955448,688.2020130222754,283.3842963710856
2201,0.0,90.86267484318385,4.972961618279323,10095.131433695004,674.4379727618299,282.18019065420145
2202,0.0,90.69602435840595,4.909988780455582,10081.367393434557,660.6739325013843,280.9804132938274
2203,0.0,90.52937387362806,4.847015942631841,10067.603353174112,646.9098922409389,279.78483411300897
2204,0.0,90.36272338885017,4.7840431048081005,10053.839312913666,633.1458519804934,278.5933263698565
2205,0.0,90.19607290407228,4.72107026698436,10040.075272653221,619.3818117200478,277.4057666609051
2206,0.0,90.02942241929438,4.65809742916062,10026.311232392776,605.6177714596023,276.22203482732294
2207,0.0,89.86277193451649,4.595124591336879,10012.54719213233,591.8537311991568,275.04201386387655
2208,0.0,89.6961214497386,4.532151753513138,9998.783151871885,578.0896909387113,273.8655898306005
2209,0.0,89.5294709649607,4.4691789156893975,9985.019111611438,564.3256506782658,272.6926517670602
2210,0.0,89.3628204801828,4.406206077865657,9971.255071350994,550.5616104178202,271.52309160913455
2211,0.0,89.19616999540492,4.343233240041917,9957.491031090549,536.7975701573747,270.3568041082645
2212,0.0,89.02951951062701,4.280260402218176,9943.726990830102,523.0335298969293,269.1936867530446
2213,0.0,88.86286902584912,4.217287564394436,9929.962950569658,509.26948963648374,268.0336396931291
2214,0.0,88.69621854107123,4.1543147265706954,9916.198910309213,495.50544937603826,266.8765656653887
2215,0.0,88.52956805629333,4.091341888746955,9902.434870048768,481.7414091155928,265.7223699221761
2216,0.0,88.36291757151544,4.028369050923214,9888.670829788321,467.9773688551473,264.57096016174734
2217,0.0,88.19626708673755,3.9653962130994738,9874.906789527877,454.2133285947018,263.42224646065864
2218,0.0,88.02961660195966,3.902423375275733,9861.142749267432,440.44928833425627,262.2761412081838
2219,0.0,87.86296611718176,3.8394505374519925,9847.378709006985,426.6852480738108,261.13255904260996
2220,0.0,87.69631563240387,3.776477699628252,9833.61466874654,412.9212078133653,259.9914167893901
2221,0.0,87.52966514762598,3.7135048618045117,9819.850628486094,399.15716755291976,258.85263340111067
2222,0.0,87.36301466284807,3.6505320239807713,9806.08658822565,385.3931272924743,257.7161298991664
2223,0.0,87.19636417807018,3.5875591861570304,9792.322547965203,371.62908703202874,256.58182931717005
2224,0.0,87.0297136932923,3.52458634833329,9778.558507704758,357.86504677158325,255.4496566459598
2225,0.0,86.8630632085144,3.4616135105095496,9764.794467444312,344.1010065111377,254.31953878021574
2226,0.0,86.6964127237365,3.398640672685809,9751.030427183865,330.33696625069217,253.1914044666162
2227,0.0,86.52976223895861,3.3356678348620687,9737.26638692342,316.5729259902467,252.06518425347454
2228,0.0,86.36311175418072,3.272694997038328,9723.502346662974,302.80888572980115,250.94081044186927
2229,0.0,86.19646126940282,3.2097221592145875,9709.738306402529,289.04484546935566,249.818217038091
2230,0.0,86.02981078462493,3.146749321390847,9695.974266142082,275.2808052089101,248.69733970757554
2231,0.0,85.86316029984704,3.0837764835671067,9682.210225881638,261.51676494846464,247.5781157300442
2232,0.0,85.69650981506913,3.020803645743366,9668.446185621191,247.75272468801913,246.46048395600323
2233,0.0,85.52985933029125,2.9578308079196254,9654.682145360746,233.98868442757365,245.34438476445516
2234,0.0,85.36320884551336,2.8948579700958845,9640.9181051003,220.22464416712813,244.22976002182273
2235,0.0,85.19655836073545,2.831885132272144,9627.154064839855,206.46060390668265,243.1165530420481
2236,0.0,85.02990787595756,2.7689122944484037,9613.39002457941,192.69656364623717,242.00470854783558
2237,0.0,84.86325739117967,2.705939456624663,9599.625984318964,178.93252338579168,240.8941726329697
2238,0.0,84.69660690640178,2.6429666188009224,9585.861944058519,165.16848312534617,239.7848927257484
2239,0.0,84.52995642162388,2.5799937809771816,9572.097903798072,151.40444286490066,238.67681755339416
2240,0.0,84.36330593684599,2.517020943153441,9558.333863537628,137.64040260445518,237.56989710753817
2241,0.0,84.1966554520681,2.4540481053297007,9544.569823277183,123.87636234400966,236.46408261062948
2242,0.0,84.0300049672902,2.3910752675059603,9530.805783016736,110.11232208356414,235.3593264833148
2243,0.0,83.8633544825123,2.32810242968222,9517.041742756292,96.34828182311863,234.2555823127452
2244,0.0,83.69670399773442,2.2651295918584795,9503.277702495845,82.5842415626731,233.15280482175166
2245,0.0,83.53005351295653,2.202156754034739,9489.5136622354,68.82020130222759,232.05094983891496
2246,0.0,83.36340302817862,2.1391839162109987,9475.749621974956,55.056161041782076,230.94997426945565
2247,0.0,83.19675254340073,2.0762110783872583,9461.985581714509,41.29212078133655,229.84983606694453
2248,0.0,83.03010205862284,2.013238240563518,9448.221541454064,27.528080520891038,228.75049420581902
2249,0.0,82.86345157384494,1.9502654027397772,9434.457501193618,13.764040260445526,227.6519086546457
2250,0.0,82.69680108906705,1.8872925649160368,9420.693460933173,0.0,226.55404035014715
2251,0.0,82.69680108906705,1.8872925649160368,9420.693460933173,0.0,225.45685117194654
2252,0.0,82.69680108906705,1.8872925649160368,9420.693460933173,0.0,224.83846693111198
2253,0.0,82.69680108906705,1.8872925649160368,9420.693460933173,0.0,224.2291110445109
2254,0.0,82.69680108906705,1.8872925649160368,9420.693460933173,0.0,223.63002867722392
2255,0.0,82.69680108906705,1.8872925649160368,9420.693460933173,0.0,223.04178937037258
2256,0.0,82.69680108906705,1.8872925649160368,9420.693460933173,0.0,222.46459822375598
2257,0.0,82.69680108906705,1.8872925649160368,9420.693460933173,0.0,221.89846319634987
2258,0.0,82.69680108906705,1.8872925649160368,9420.693460933173,0.0,221.34328529307533
2259,0.0,82.69680108906705,1.8872925649160368,9420.693460933173,0.0,220.79890738850284
2260,0.0,82.69680108906705,1.8872925649160368,9420.693460933173,0.0,220.26514083405561
2261,0.0,82.69680108906705,1.8872925649160368,9420.693460933173,0.0,219.7417801065846
2262,0.0,82.69680108906705,1.8872925649160368,9420.693460933173,0.0,219.22861099719017
2263,0.0,82.69680108906705,1.8872925649160368,9420.693460933173,0.0,218.7254152909248
2264,0.0,82.69680108906705,1.8872925649160368,9420.693460933173,0.0,218.23197352310828
2265,0.0,82.69680108906705,1.8872925649160368,9420.693460933173,0.0,217.74806666674317
2266,0.0,82.69680108906705,1.8872925649160368,9420.693460933173,0.0,217.2734772132841
2267,0.0,82.69680108906705,1.8872925649160368,9420.693460933173,0.0,216.8079898986113
2268,0.0,82.69680108906705,1.8872925649160368,9420.693460933173,0.0,216.35139221284004
2269,0.0,82.69680108906705,1.8872925649160368,9420.693460933173,0.0,215.9034747715323
2270,0.0,82.69680108906705,1.8872925649160368,9420.693460933173,0.0,215.46403159279498
2271,0.0,82.69680108906705,1.8872925649160368,9420.693460933173,0.0,215.0328603067321
2272,0.0,82.69680108906705,1.8872925649160368,9420.693460933173,0.0,214.60976231363213
2273,0.0,82.69680108906705,1.8872925649160368,9420.693460933173,0.0,214.19454290173366
2274,0.0,82.69680108906705,1.8872925649160368,9420.693460933173,0.0,213.78701133212414
2275,0.0,82.69680108906705,1.8872925649160368,9420.693460933173,0.0,213.38698089635128
2276,0.0,82.69680108906705,1.8872925649160368,9420.693460933173,0.0,212.9942689511224
2277,0.0,82.69680108906705,1.8872925649160368,9420.693460933173,0.0,212.6086969335758
2278,0.0,82.69680108906705,1.8872925649160368,9420.693460933173,0.0,212.23009036013593
2279,0.0,82.69680108906705,1.8872925649160368,9420.693460933173,0.0,211.85827881132914
2280,0.0,82.69680108906705,1.8872925649160368,9420.693460933173,0.0,211.49309590479646
2281,0.0,82.69680108906705,1.8872925649160368,9420.693460933173,0.0,211.1343792582622
2282,0.0,82.69680108906705,1.8872925649160368,9420.693460933173,0.0,210.78197044410757
2283,0.0,82.69680108906705,1.8872925649160368,9420.693460933173,0.0,210.43571493693688
2284,0.0,82.69680108906705,1.8872925649160368,9420.693460933173,0.0,210.09546205526757
2285,0.0,82.69680108906705,1.8872925649160368,9420.693460933173,0.0,209.7610648985505
2286,0.0,82.69680108906705,1.8872925649160368,9420.693460933173,0.0,209.432380280259
2287,0.0,82.69680108906705,1.8872925649160368,9420.693460933173,0.0,209.10926865797617
2288,0.0,82.69680108906705,1.8872925649160368,9420.693460933173,0.0,208.79159406110585
2289,0.0,82.69680108906705,1.8872925649160368,9420.693460933173,0.0,208.47922401682146
2290,0.0,82.69680108906705,1.8872925649160368,9420.693460933173,0.0,208.17202947478467
2291,0.0,82.69680108906705,1.8872925649160368,9420.693460933173,0.0,207.8698847310342
2292,0.0,82.69680108906705,1.8872925649160368,9420.693460933173,0.0,207.57266735152058
2293,0.0,82.69680108906705,1.8872925649160368,9420.693460933173,0.0,207.28025809549322
2294,0.0,82.69680108906705,1.8872925649160368,9420.693460933173,0.0,206.9925408391391
2295,0.0,82.69680108906705,1.8872925649160368,9420.693460933173,0.0,206.70940249964326
2296,0.0,82.69680108906705,1.8872925649160368,9420.693460933173,0.0,206.43073295989802
2297,0.0,82.69680108906705,1.8872925649160368,9420.693460933173,0.0,206.1564249940316
2298,0.0,82.69680108906705,1.8872925649160368,9420.693460933173,0.0,205.88637419389298
2299,0.0,82.69680108906705,1.8872925649160368,9420.693460933173,0.0,205.62047889663899
2300,0.0,82.69680108906705,1.8872925649160368,9420.693460933173,0.0,205.35864011347988
2301,0.0,82.69680108906705,1.8872925649160368,9420.693460933173,0.0,205.10076145969944
2302,0.0,82.69680108906705,1.8872925649160368,9420.693460933173,0.0,204.8467490859799
2303,0.0,82.69680108906705,1.8872925649160368,9420.693460933173,0.0,204.59651161113499
2304,0.0,82.69680108906705,1.8872925649160368,9420.693460933173,0.0,204.34996005622097
2305,0.0,82.69680108906705,1.8872925649160368,9420.693460933173,0.0,204.10700778009948
2306,0.0,82.69680108906705,1.8872925649160368,9420.693460933173,0.0,203.86757041645475
2307,0.0,82.69680108906705,1.8872925649160368,9420.693460933173,0.0,203.63156581227625
2308,0.0,82.69680108906705,1.8872925649160368,9420.693460933173,0.0,203.39891396780874
2309,0.0,82.69680108906705,1.8872925649160368,9420.693460933173,0.0,203.1695369779744
2310,0.0,82.69680108906705,1.8872925649160368,9420.693460933173,0.0,202.9433589752352
2311,0.0,82.69680108906705,1.8872925649160368,9420.693460933173,0.0,202.72030607392557
2312,0.0,82.69680108906705,1.8872925649160368,9420.693460933173,0.0,202.5003063159999
2313,0.0,82.69680108906705,1.8872925649160368,9420.693460933173,0.0,202.2832896182051
2314,0.0,82.69680108906705,1.8872925649160368,9420.693460933173,0.0,202.06918772063045
2315,0.0,82.69680108906705,1.8872925649160368,9420.693460933173,0.0,201.85793413664015
2316,0.0,82.69680108906705,1.8872925649160368,9420.693460933173,0.0,201.6494641041528
2317,0.0,82.69680108906705,1.8872925649160368,9420.693460933173,0.0,201.44371453823862
2318,0.0,82.69680108906705,1.8872925649160368,9420.693460933173,0.0,201.24062398498353
2319,0.0,82.69680108906705,1.8872925649160368,9420.693460933173,0.0,201.0401325766837
2320,0.0,82.69680108906705,1.8872925649160368,9420.693460933173,0.0,200.8421819882047
2321,0.0,82.69680108906705,1.8872925649160368,9420.693460933173,0.0,200.64671539459923
2322,0.0,82.69680108906705,1.8872925649160368,9420.693460933173,0.0,200.45367742988736
2323,0.0,82.69680108906705,1.8872925649160368,9420.693460933173,0.0,200.26301414699822
2324,0.0,82.69680108906705,1.8872925649160368,9420.693460933173,0.0,200.07467297882198
2325,0.0,82.69680108906705,1.8872925649160368,9420.693460933173,0.0,199.88860270037242
2326,0.0,82.69680108906705,1.8872925649160368,9420.693460933173,0.0,199.70475339200715
2327,0.0,82.69680108906705,1.8872925649160368,9420.693460933173,0.0,199.52307640369375
2328,0.0,82.69680108906705,1.8872925649160368,9420.693460933173,0.0,199.34352432028274
2329,0.0,82.69680108906705,1.8872925649160368,9420.693460933173,0.0,199.16605092775842
2330,0.0,82.69680108906705,1.8872925649160368,9420.693460933173,0.0,198.99061118047118
2331,0.0,82.69680108906705,1.8872925649160368,9420.693460933173,0.0,198.8171611692728
2332,0.0,82.69680108906705,1.8872925649160368,9420.693460933173,0.0,198.64565809057416
2333,0.0,82.69680108906705,1.8872925649160368,9420.693460933173,0.0,198.4760602162832
2334,0.0,82.69680108906705,1.8872925649160368,9420.693460933173,0.0,198.30832686458038
2335,0.0,82.69680108906705,1.8872925649160368,9420.693460933173,0.0,198.14241837156078
2336,0.0,82.69680108906705,1.8872925649160368,9420.693460933173,0.0,197.97829606364425
2337,0.0,82.69680108906705,1.8872925649160368,9420.693460933173,0.0,197.8159222307949
2338,0.0,82.69680108906705,1.8872925649160368,9420.693460933173,0.0,197.65526010050877
2339,0.0,82.69680108906705,1.8872925649160368,9420.693460933173,0.0,197.49627381250102
2340,0.0,82.69680108906705,1.8872925649160368,9420.693460933173,0.0,197.33892839417703
2341,0.0,82.69680108906705,1.8872925649160368,9420.693460933173,0.0,197.18318973673374
2342,0.0,82.69680108906705,1.8872925649160368,9420.693460933173,0.0,197.0290245719902
2343,0.0,82.69680108906705,1.8872925649160368,9420.693460933173,0.0,196.87640044984704
2344,0.0,82.69680108906705,1.8872925649160368,9420.693460933173,0.0,196.72528571640885
2345,0.0,82.69680108906705,1.8872925649160368,9420.693460933173,0.0,196.57564949268652
2346,0.0,82.69680108906705,1.8872925649160368,9420.693460933173,0.0,196.42746165395332
2347,0.0,82.69680108906705,1.8872925649160368,9420.693460933173,0.0,196.28069280965656
2348,0.0,82.69680108906705,1.8872925649160368,9420.693460933173,0.0,196.1353142838868
2349,0.0,82.69680108906705,1.8872925649160368,9420.693460933173,0.0,195.99129809642497
2350,0.0,82.69680108906705,1.8872925649160368,9420.693460933173,0.0,195.84861694431035
2351,0.0,82.69680108906705,1.8872925649160368,9420.693460933173,0.0,195.70724418392413
2352,0.0,82.69680108906705,1.8872925649160368,9420.693460933173,0.0,195.56715381358705
2353,0.0,82.69680108906705,1.8872925649160368,9420.693460933173,0.0,195.428320456638
2354,0.0,82.69680108906705,1.8872925649160368,9420.693460933173,0.0,195.29071934498936
2355,0.0,82.69680108906705,1.8872925649160368,9420.693460933173,0.0,195.15432630315078
2356,0.0,82.69680108906705,1.8872925649160368,9420.693460933173,0.0,195.01911773268992
2357,0.0,82.69680108906705,1.8872925649160368,9420.693460933173,0.0,194.8850705971279
2358,0.0,82.69680108906705,1.8872925649160368,9420.693460933173,0.0,194.7521624072682
2359,0.0,82.69680108906705,1.8872925649160368,9420.693460933173,0.0,194.62037120692443
2360,0.0,82.69680108906705,1.8872925649160368,9420.693460933173,0.0,194.48967555904744
2361,0.0,82.69680108906705,1.8872925649160368,9420.693460933173,0.0,194.36005453223856
2362,0.0,82.69680108906705,1.8872925649160368,9420.693460933173,0.0,194.23148768763537
2363,0.0,82.69680108906705,1.8872925649160368,9420.693460933173,0.0,194.10395506618056
2364,0.0,82.69680108906705,1.8872925649160368,9420.693460933173,0.0,193.97743717619355
2365,0.0,82.69680108906705,1.8872925649160368,9420.693460933173,0.0,193.85191498135111
2366,0.0,82.69680108906705,1.8872925649160368,9420.693460933173,0.0,193.72736988894886
2367,0.0,82.69680108906705,1.8872925649160368,9420.693460933173,0.0,193.60378373851472
2368,0.0,82.69680108906705,1.8872925649160368,9420.693460933173,0.0,193.48113879071124
2369,0.0,82.69680108906705,1.8872925649160368,9420.693460933173,0.0,193.35941771658156
2370,0.0,82.69680108906705,1.8872925649160368,9420.693460933173,0.0,193.23860358703595
2371,0.0,82.69680108906705,1.8872925649160368,9420.693460933173,0.0,193.11867986268444
2372,0.0,82.69680108906705,1.8872925649160368,9420.693460933173,0.0,192.99963038390567
2373,0.0,82.69680108906705,1.8872925649160368,9420.693460933173,0.0,192.8814393612017
2374,0.0,82.69680108906705,1.8872925649160368,9420.693460933173,0.0,192.76409136582117
2375,0.0,82.69680108906705,1.8872925649160368,9420.693460933173,0.0,192.64757132062599
2376,0.0,82.69680108906705,1.8872925649160368,9420.693460933173,0.0,192.53186449121304
2377,0.0,82.69680108906705,1.8872925649160368,9420.693460933173,0.0,192.41695647728267
2378,0.0,82.69680108906705,1.8872925649160368,9420.693460933173,0.0,192.30283320422447
2379,0.0,82.69680108906705,1.8872925649160368,9420.693460933173,0.0,192.1894809149479
2380,0.0,82.69680108906705,1.8872925649160368,9420.693460933173,0.0,192.0768861619241
2381,0.0,82.69680108906705,1.8872925649160368,9420.693460933173,0.0,191.96503579943845
2382,0.0,82.69680108906705,1.8872925649160368,9420.693460933173,0.0,191.85391697607236
2383,0.0,82.69680108906705,1.8872925649160368,9420.693460933173,0.0,191.74351712734907
2384,0.0,82.69680108906705,1.8872925649160368,9420.693460933173,0.0,191.63382396862113
2385,0.0,82.69680108906705,1.8872925649160368,9420.693460933173,0.0,191.5248254881206
2386,0.0,82.69680108906705,1.8872925649160368,9420.693460933173,0.0,191.41650994019506
2387,0.0,82.69680108906705,1.8872925649160368,9420.693460933173,0.0,191.3088658387337
2388,0.0,82.69680108906705,1.8872925649160368,9420.693460933173,0.0,191.2018819507686
2389,0.0,82.69680108906705,1.8872925649160368,9420.693460933173,0.0,191.09554729024023
2390,0.0,82.69680108906705,1.8872925649160368,9420.693460933173,0.0,190.98985111193278
2391,0.0,82.69680108906705,1.8872925649160368,9420.693460933173,0.0,190.88478290556296
2392,0.0,82.69680108906705,1.8872925649160368,9420.693460933173,0.0,190.78033239003824
2393,0.0,82.69680108906705,1.8872925649160368,9420.693460933173,0.0,190.6764895078576
2394,0.0,82.69680108906705,1.8872925649160368,9420.693460933173,0.0,190.57324441964943
2395,0.0,82.69680108906705,1.8872925649160368,9420.693460933173,0.0,190.4705874988924
2396,0.0,82.69680108906705,1.8872925649160368,9420.693460933173,0.0,190.36850932671365
2397,0.0,82.69680108906705,1.8872925649160368,9420.693460933173,0.0,190.2670006868866
2398,0.0,82.69680108906705,1.8872925649160368,9420.693460933173,0.0,190.16605256091853
2399,0.0,82.69680108906705,1.8872925649160368,9420.693460933173,0.0,190.06565612327
2400,0.0,82.69680108906705,1.8872925649160368,9420.693460933173,0.0,189.96580273672873
2401,0.0,82.69680108906705,1.8872925649160368,9420.693460933173,0.0,189.86648394786442
2402,0.0,82.69680108906705,1.8872925649160368,9420.693460933173,0.0,189.7676914826308
2403,0.0,82.69680108906705,1.8872925649160368,9420.693460933173,0.0,189.6694172420612
2404,0.0,82.69680108906705,1.8872925649160368,9420.693460933173,0.0,189.57165329810326
2405,0.0,82.69680108906705,1.8872925649160368,9420.693460933173,0.0,189.4743918895212
2406,0.0,82.69680108906705,1.8872925649160368,9420.693460933173,0.0,189.377625417946
2407,0.0,82.69680108906705,1.8872925649160368,9420.693460933173,0.0,189.2813464439955
2408,0.0,82.69680108906705,1.8872925649160368,9420.693460933173,0.0,189.1855476835055
2409,0.0,82.69680108906705,1.8872925649160368,9420.693460933173,0.0,189.0902220038767
2410,0.0,82.69680108906705,1.8872925649160368,9420.693460933173,0.0,188.9953624204692
2411,0.0,82.69680108906705,1.8872925649160368,9420.693460933173,0.0,188.90096209314257
2412,0.0,82.69680108906705,1.8872925649160368,9420.693460933173,0.0,188.80701432283655
2413,0.0,82.69680108906705,1.8872925649160368,9420.693460933173,0.0,188.71351254828647
2414,0.0,82.69680108906705,1.8872925649160368,9420.693460933173,0.0,188.6204503427714
2415,0.0,82.69680108906705,1.8872925649160368,9420.693460933173,0.0,188.5278214109833
2416,0.0,82.69680108906705,1.8872925649160368,9420.693460933173,0.0,188.43561958596442
2417,0.0,82.69680108906705,1.8872925649160368,9420.693460933173,0.0,188.34383882611607
2418,0.0,82.69680108906705,1.8872925649160368,9420.693460933173,0.0,188.25247321227968
2419,0.0,82.69680108906705,1.8872925649160368,9420.693460933173,0.0,188.16151694492063
2420,0.0,82.69680108906705,1.8872925649160368,9420.693460933173,0.0,188.07096434133385
2421,0.0,82.69680108906705,1.8872925649160368,9420.693460933173,0.0,187.98080983296535
2422,0.0,82.69680108906705,1.8872925649160368,9420.693460933173,0.0,187.89104796278124
2423,0.0,82.69680108906705,1.8872925649160368,9420.693460933173,0.0,187.8016733826897
2424,0.0,82.69680108906705,1.8872925649160368,9420.693460933173,0.0,187.71268085105928
2425,0.0,82.69680108906705,1.8872925649160368,9420.693460933173,0.0,187.6240652302716
2426,0.0,82.69680108906705,1.8872925649160368,9420.693460933173,0.0,187.53582148434202
2427,0.0,82.69680108906705,1.8872925649160368,9420.693460933173,0.0,187.44794467660992
2428,0.0,82.69680108906705,1.8872925649160368,9420.693460933173,0.0,187.3604299674715
2429,0.0,82.69680108906705,1.8872925649160368,9420.693460933173,0.0,187.2732726121776
2430,0.0,82.69680108906705,1.8872925649160368,9420.693460933173,0.0,187.18646795868457
2431,0.0,82.69680108906705,1.8872925649160368,9420.693460933173,0.0,187.10001144555287
2432,0.0,82.69680108906705,1.8872925649160368,9420.693460933173,0.0,187.0138985999106
2433,0.0,82.69680108906705,1.8872925649160368,9420.693460933173,0.0,186.9281250354471
2434,0.0,82.69680108906705,1.8872925649160368,9420.693460933173,0.0,186.84268645047572
2435,0.0,82.69680108906705,1.8872925649160368,9420.693460933173,0.0,186.75757862602518
2436,0.0,82.69680108906705,1.8872925649160368,9420.693460933173,0.0,186.67279742400444
2437,0.0,82.69680108906705,1.8872925649160368,9420.693460933173,0.0,186.58833878537024
2438,0.0,82.69680108906705,1.8872925649160368,9420.693460933173,0.0,186.50419872838816
2439,0.0,82.69680108906705,1.8872925649160368,9420.693460933173,0.0,186.4203733469013
2440,0.0,82.69680108906705,1.8872925649160368,9420.693460933173,0.0,186.3368588086449
2441,0.0,82.69680108906705,1.8872925649160368,9420.693460933173,0.0,186.25365135362497
2442,0.0,82.69680108906705,1.8872925649160368,9420.693460933173,0.0,186.17074729250226
2443,0.0,82.69680108906705,1.8872925649160368,9420.693460933173,0.0,186.0881430050465
2444,0.0,82.69680108906705,1.8872925649160368,9420.693460933173,0.0,186.00583493860475
2445,0.0,82.69680108906705,1.8872925649160368,9420.693460933173,0.0,185.92381960661723
2446,0.0,82.69680108906705,1.8872925649160368,9420.693460933173,0.0,185.84209358717405
2447,0.0,82.69680108906705,1.8872925649160368,9420.693460933173,0.0,185.76065352158813
2448,0.0,82.69680108906705,1.8872925649160368,9420.693460933173,0.0,185.67949611302348
2449,0.0,82.69680108906705,1.8872925649160368,9420.693460933173,0.0,185.5986181251374
2450,0.0,82.69680108906705,1.8872925649160368,9420.693460933173,0.0,185.51801638077657
2451,0.0,82.69680108906705,1.8872925649160368,9420.693460933173,0.0,185.43768776067753
2452,0.0,82.69680108906705,1.8872925649160368,9420.693460933173,0.0,185.35762920222015
2453,0.0,82.69680108906705,1.8872925649160368,9420.693460933173,0.0,185.27783769819908
2454,0.0,82.69680108906705,1.8872925649160368,9420.693460933173,0.0,185.1983102956328
2455,0.0,82.69680108906705,1.8872925649160368,9420.693460933173,0.0,185.11904409458649
2456,0.0,82.69680108906705,1.8872925649160368,9420.693460933173,0.0,185.04003624703958
2457,0.0,82.69680108906705,1.8872925649160368,9420.693460933173,0.0,184.96128395577034
2458,0.0,82.69680108906705,1.8872925649160368,9420.693460933173,0.0,184.88278447326206
2459,0.0,82.69680108906705,1.8872925649160368,9420.693460933173,0.0,184.80453510065283
2460,0.0,82.69680108906705,1.8872925649160368,9420.693460933173,0.0,184.7265331866818
2461,0.0,82.69680108906705,1.8872925649160368,9420.693460933173,0.0,184.64877612669557
2462,0.0,82.69680108906705,1.8872925649160368,9420.693460933173,0.0,184.57126136164325
2463,0.0,82.69680108906705,1.8872925649160368,9420.693460933173,0.0,184.49398637711533
2464,0.0,82.69680108906705,1.8872925649160368,9420.693460933173,0.0,184.41694870239718
2465,0.0,82.69680108906705,1.8872925649160368,9420.693460933173,0.0,184.34014590955726
2466,0.0,82.69680108906705,1.8872925649160368,9420.693460933173,0.0,184.26357561253013
2467,0.0,82.69680108906705,1.8872925649160368,9420.693460933173,0.0,184.18723546625128
2468,0.0,82.69680108906705,1.8872925649160368,9420.693460933173,0.0,184.11112316578067
2469,0.0,82.69680108906705,1.8872925649160368,9420.693460933173,0.0,184.03523644548042
2470,0.0,82.69680108906705,1.8872925649160368,9420.693460933173,0.0,183.95957307818608
2471,0.0,82.69680108906705,1.8872925649160368,9420.693460933173,0.0,183.88413087440273
2472,0.0,82.69680108906705,1.8872925649160368,9420.693460933173,0.0,183.80890768151855
2473,0.0,82.69680108906705,1.8872925649160368,9420.693460933173,0.0,183.73390138305476
2474,0.0,82.69680108906705,1.8872925649160368,9420.693460933173,0.0,183.65910989789418
2475,0.0,82.69680108906705,1.8872925649160368,9420.693460933173,0.0,183.5845311795764
2476,0.0,82.69680108906705,1.8872925649160368,9420.693460933173,0.0,183.51016321555403
2477,0.0,82.69680108906705,1.8872925649160368,9420.693460933173,0.0,183.43600402652086
2478,0.0,82.69680108906705,1.8872925649160368,9420.693460933173,0.0,183.36205166571176
2479,0.0,82.69680108906705,1.8872925649160368,9420.693460933173,0.0,183.28830421824523
2480,0.0,82.69680108906705,1.8872925649160368,9420.693460933173,0.0,183.21475980046745
2481,0.0,82.69680108906705,1.8872925649160368,9420.693460933173,0.0,183.14141655930933
2482,0.0,82.69680108906705,1.8872925649160368,9420.693460933173,0.0,183.06827267168092
2483,0.0,82.69680108906705,1.8872925649160368,9420.693460933173,0.0,182.9953263438376
2484,0.0,82.69680108906705,1.8872925649160368,9420.693460933173,0.0,182.92257581080702
2485,0.0,82.69680108906705,1.8872925649160368,9420.693460933173,0.0,182.85001933579633
2486,0.0,82.69680108906705,1.8872925649160368,9420.693460933173,0.0,182.77765520961597
2487,0.0,82.69680108906705,1.8872925649160368,9420.693460933173,0.0,182.7054817501467
2488,0.0,82.69680108906705,1.8872925649160368,9420.693460933173,0.0,182.6334973017664
2489,0.0,82.69680108906705,1.8872925649160368,9420.693460933173,0.0,182.56170023484117
2490,0.0,82.69680108906705,1.8872925649160368,9420.693460933173,0.0,182.4900889451907
2491,0.0,82.69680108906705,1.8872925649160368,9420.693460933173,0.0,182.41866185359143
2492,0.0,82.69680108906705,1.8872925649160368,9420.693460933173,0.0,182.34741740526576
2493,0.0,82.69680108906705,1.8872925649160368,9420.693460933173,0.0,182.27635406940894
2494,0.0,82.69680108906705,1.8872925649160368,9420.693460933173,0.0,182.2054703387042
2495,0.0,82.69680108906705,1.8872925649160368,9420.693460933173,0.0,182.1347647288576
2496,0.0,82.69680108906705,1.8872925649160368,9420.693460933173,0.0,182.06423577815636
2497,0.0,82.69680108906705,1.8872925649160368,9420.693460933173,0.0,181.99388204700082
2498,0.0,82.69680108906705,1.8872925649160368,9420.693460933173,0.0,181.92370211748994
2499,0.0,82.69680108906705,1.8872925649160368,9420.693460933173,0.0,181.85369459298641
2500,0.0,82.69680108906705,1.8872925649160368,9420.693460933173,0.0,181.78385809769787
