Year,Land Use.clearing forest for grassland exogenous,Land Use.clearing forests for crops exogenous,Land Use.foresting grassland exogenous,Land Use.clearing grassland exogenous,Land Use.degraded land from grassland exogenous,Land Use.forresting cropland exogenous,Land Use.fallowing cropland exogenous,Land Use.degraded land from crops exogenous,Land Use.foresting degraded land exogenous
1750,0.6510068054199218,0.3260433006286636,0.0,0.9071321350738416,0.0026857971131801,0.0,0.0,0.0060372931152582,0.0
1751,0.6510063430786134,0.3260486068725576,0.0,0.907136865860224,0.0026806655138731,0.0,0.0,0.0060471498996019,0.0
1752,0.651006438446045,0.3260537300109867,0.0,0.9071417235732068,0.0026753018856048,0.0,0.0,0.0060573401182889,0.0
1753,0.6510054359436035,0.3260590225219744,0.0,0.9071460583925246,0.0026703933984041,0.0,0.0,0.0060669789612293,0.0
1754,0.6510054489135743,0.3260635612487785,0.0,0.9071506233140828,0.0026656734347343,0.0,0.0,0.0060762795835733,0.0
1755,0.6510051872253417,0.3260688194274905,0.0,0.9071548631280651,0.0026608353167772,0.0,0.0,0.0060855980575084,0.0
1756,0.6510046417236328,0.3260739074707039,0.0,0.9071589380323876,0.0026563289821147,0.0,0.0,0.006094455614686,0.0
1757,0.6510040313720704,0.3260777153015137,0.0,0.9071634700238702,0.00265203512609,0.0,0.0,0.0061031791895627,0.0
1758,0.6510037574768066,0.3260831443786625,0.0,0.9071667321160444,0.0026476790755987,0.0,0.0,0.0061118171393871,0.0
1759,0.6510031768798828,0.3260867919921875,0.0,0.907171151928604,0.0026432674825191,0.0,0.0,0.0061198148965835,0.0
1760,0.7262283042907715,0.3526973266601576,0.0,0.9555676071122292,0.0039829893618822,0.0,0.0,0.0077707799553871,0.0
1761,0.7262277214050293,0.3527032203674327,0.0,0.9555725797012444,0.00397722838521,0.0,0.0,0.0077818420678377,0.0
1762,0.7262263038635255,0.3527071121215837,0.0,0.9555776303112502,0.003971302229166,0.0,0.0,0.0077911042153835,0.0
1763,0.7262260177612305,0.3527126342773439,0.0,0.9555827576354136,0.0039657226026058,0.0,0.0,0.0078014766722917,0.0
1764,0.7262250061035157,0.3527177505493153,0.0,0.955587209144234,0.0039605764657258,0.0,0.0,0.0078112358570098,0.0
1765,0.7262247940063477,0.3527232452392574,0.0,0.9555917457401756,0.0039556953310966,0.0,0.0,0.0078208560168743,0.0
1766,0.7262242179870605,0.35272793121338,0.0,0.9555958484679454,0.0039507960915565,0.0,0.0,0.0078301921665668,0.0
1767,0.7262240211486817,0.3527332046508782,0.0,0.9556002230048176,0.0039464166283607,0.0,0.0,0.0078391156971454,0.0
1768,0.7262237442016601,0.3527371627807607,0.0,0.9556039993673568,0.0039423011422157,0.0,0.0,0.0078476652830839,0.0
1769,0.7262235877990724,0.3527422393798822,0.0,0.9556078384309998,0.0039382368266582,0.0,0.0,0.0078560036033391,0.0
1770,1.3616361480712893,0.4326003456115739,0.0,1.0600760028928509,0.0038167383819818,0.0,0.0,0.0099122921109199,0.0
1771,1.3616413368225098,0.4326130462646471,0.0,1.0600734101712703,0.0038245385020971,0.0,0.0,0.009922173166275,0.0
1772,1.361646794891357,0.4326192642211914,0.0,1.060070567768812,0.0038331728488206,0.0,0.0,0.0099253582894802,0.0
1773,1.361651900482178,0.4326254318237303,0.0,1.0600662626743311,0.0038423296242952,0.0,0.0,0.0099274758934974,0.0
1774,1.361657315826416,0.4326309089660665,0.0,1.0600624224215751,0.0038517047196626,0.0,0.0,0.0099289915084838,0.0
1775,1.361662866973877,0.4326369186401368,0.0,1.060057122626902,0.0038622350871562,0.0,0.0,0.0099294327557086,0.0
1776,1.361668285369873,0.4326418060302739,0.0,1.0600521674513823,0.0038723296701908,0.0,0.0,0.0099302372097969,0.0
1777,1.3616734359741212,0.4326466171264638,0.0,1.060047005563975,0.0038829994618892,0.0,0.0,0.0099291186273097,0.0
1778,1.3616788818359375,0.4326516265869138,0.0,1.060042050209641,0.0038935977131128,0.0,0.0,0.0099287192344665,0.0
1779,1.3616840583801268,0.4326548255920421,0.0,1.0600364242494127,0.0039042672723531,0.0,0.0,0.009927196663618,0.0
1780,0.7766061416625977,0.4512773178100584,0.0,1.140208923608065,0.0047820231258869,0.0,0.0,0.0090672496676445,0.0
1781,0.7766093391418457,0.4512853164672847,0.0,1.1402273749083278,0.0047649895593523,0.0,0.0,0.0090939904958009,0.0
1782,0.7766104789733888,0.4512929367065439,0.0,1.1402345342934126,0.0047595156088471,0.0,0.0,0.0091083992838859,0.0
1783,0.7766122772216798,0.4512995666503894,0.0,1.140241947242619,0.0047540131174027,0.0,0.0,0.0091222318679094,0.0
1784,0.776613991546631,0.4513059036254887,0.0,1.140249209088088,0.004748568367213,0.0,0.0,0.0091360990256071,0.0
1785,0.7766159866333009,0.4513123504638674,0.0,1.1402563670516015,0.0047434675835073,0.0,0.0,0.0091495365083217,0.0
1786,0.7766179039001465,0.4513188400268539,0.0,1.140262482911348,0.0047386624500155,0.0,0.0,0.0091625944703817,0.0
1787,0.7766194572448731,0.4513237976074222,0.0,1.1402608548671005,0.0047423180662095,0.0,0.0,0.0091657916337251,0.0
1788,0.7766218788146972,0.4513297210693352,0.0,1.140230015674233,0.0047754958599805,0.0,0.0,0.009140439376235,0.0
1789,0.7766233161926269,0.4513355758667003,0.0,1.1402294148951777,0.0047777192220091,0.0,0.0,0.0091463807374238,0.0
1790,0.2335168853759766,0.5380868209838869,0.0,1.2898598028421402,0.0021395426265895,0.0,0.0,0.0055580807447433,0.0
1791,0.2335164428710937,0.5381030731201175,0.0,1.2898591282486906,0.002139036206901,0.0,0.0,0.0055740749061107,0.0
1792,0.2335152313232422,0.5381158508300796,0.0,1.2898581513166434,0.0021389336451888,0.0,0.0,0.0055861498594284,0.0
1793,0.2335149841308594,0.5381268463134763,0.0,1.2898573154926316,0.0021393410041928,0.0,0.0,0.0055955991864204,0.0
1794,0.2335139617919922,0.5381354202270519,0.0,1.289856242239476,0.002140082938224,0.0,0.0,0.005602795279026,0.0
1795,0.2335141876220703,0.538144326782227,0.0,1.2898546518802627,0.0021408871553838,0.0,0.0,0.0056107065677642,0.0
1796,0.2335131072998047,0.5381511108398431,0.0,1.2898530389785767,0.0021419207334518,0.0,0.0,0.0056160510897636,0.0
1797,0.2335127777099609,0.5381578506469715,0.0,1.2898514351844774,0.0021430363141,0.0,0.0,0.0056215868115425,0.0
1798,0.2335126037597656,0.5381650543212881,0.0,1.2898495711445808,0.00214448697865,0.0,0.0,0.0056265941262245,0.0
1799,0.2335124237060546,0.5381710083007807,0.0,1.2898479810953134,0.0021462478876113,0.0,0.0,0.005630361187458,0.0
1800,1.421296403503418,0.6276888336181639,0.0,1.6614356283128258,0.0069515021927654,0.0,0.0,0.0163714293658733,0.0
1801,1.421305210876465,0.6277075126647951,0.0,1.661439319741726,0.0069569567322731,0.0,0.0,0.0163931666612625,0.0
1802,1.4213131591796877,0.6277247917175277,0.0,1.661442057740688,0.0069618069462478,0.0,0.0,0.0164137960374355,0.0
1803,1.4213208908081054,0.6277397796630861,0.0,1.6614436796963217,0.0069676429629325,0.0,0.0,0.0164301606982946,0.0
1804,1.4213289657592774,0.6277540649414046,0.0,1.6614464466810237,0.0069729040205478,0.0,0.0,0.0164471282362937,0.0
1805,1.4213361351013185,0.627767409515382,0.0,1.6614488411128523,0.0069782261051237,0.0,0.0,0.0164627686589956,0.0
1806,1.4213443115234377,0.6277772972106934,0.0,1.661450782328845,0.0069842176206409,0.0,0.0,0.0164747795075178,0.0
1807,1.4213523277282716,0.6277877944946297,0.0,1.661452865111828,0.006989959064871,0.0,0.0,0.0164877767115831,0.0
1808,1.421359397125244,0.6277949966430665,0.0,1.6614550597667683,0.0069954354852437,0.0,0.0,0.01649643394351,0.0
1809,1.4213673599243166,0.6278029296874994,0.0,1.6614564256072055,0.0070013308145105,0.0,0.0,0.016506833705306,0.0
1810,0.984879274749756,0.6822083694458012,0.0,1.6652240593969818,0.0054812018327415,0.0,0.0,0.0121118796646595,0.0
1811,0.98488328704834,0.6822624710083005,0.0,1.6652303951799885,0.0054791600391268,0.0,0.0,0.012171868699789,0.0
1812,0.9848868858337402,0.6823028152465813,0.0,1.665236746168138,0.0054760095186531,0.0,0.0,0.0122184742748737,0.0
1813,0.9848888122558594,0.682335501098633,0.0,1.6652429702162743,0.0054726718991994,0.0,0.0,0.0122573510050773,0.0
1814,0.9848918228149416,0.682363102722169,0.0,1.6652481727540491,0.0054699056878685,0.0,0.0,0.012290407860279,0.0
1815,0.984894938659668,0.6823890853881842,0.0,1.6652536242306215,0.0054672714233398,0.0,0.0,0.0123218214511871,0.0
1816,0.9848971755981446,0.6824117050170884,0.0,1.6652587884366523,0.0054651656962931,0.0,0.0,0.0123490322887897,0.0
1817,0.9849004119873048,0.6824330947875961,0.0,1.6652633921802042,0.0054635386072099,0.0,0.0,0.0123746768176555,0.0
1818,0.984903050994873,0.6824519531249997,0.0,1.6652669188678262,0.0054625795468688,0.0,0.0,0.0123978554189205,0.0
1819,0.9849062606811524,0.6824695663452136,0.0,1.6652707136809832,0.0054617377370595,0.0,0.0,0.0124195697963237,0.0
1820,1.5447515552520752,1.094247567749024,0.0,1.7272511490106597,0.008107935386151,0.0,0.0,0.0198136982858181,0.0
1821,1.544752271270752,1.0942849014282228,0.0,1.72725302425623,0.0081082177974283,0.0,0.0,0.0198523581624031,0.0
1822,1.544753917312622,1.0943148040771504,0.0,1.727253527909518,0.0081086752571165,0.0,0.0,0.0198823692321777,0.0
1823,1.54475520362854,1.094344657897949,0.0,1.7272528994977474,0.0081110524319112,0.0,0.0,0.0199115781724453,0.0
1824,1.5447580493927002,1.0943690307617189,0.0,1.727252378922703,0.0081138515658676,0.0,0.0,0.019935987919569,0.0
1825,1.5447603736877444,1.0943895309448235,0.0,1.7272513197243224,0.0081174559578299,0.0,0.0,0.0199559554338455,0.0
1826,1.5447636707305907,1.094411439514161,0.0,1.7272503380000597,0.0081220398902893,0.0,0.0,0.0199764025986194,0.0
1827,1.5447681034088137,1.094430792236329,0.0,1.7272484898626814,0.0081271412827074,0.0,0.0,0.0199941263675689,0.0
1828,1.544771628189087,1.094447755432128,0.0,1.7272477013111107,0.008132596809417,0.0,0.0,0.0200094084084033,0.0
1829,1.5447755199432374,1.0944638839721677,0.0,1.727245388895275,0.0081383707642555,0.0,0.0,0.0200241542100906,0.0
1830,1.6638611572265627,1.5211945510864275,0.0,2.2836122514307498,0.0103845660850405,0.0,0.0,0.0198912984162569,0.0
1831,1.6638741355895996,1.5212157531738288,0.0,2.283637062221766,0.0103727795034647,0.0,0.0,0.0199373465269804,0.0
1832,1.6638861770629885,1.5212327621459956,0.0,2.283658657056094,0.0103629790395498,0.0,0.0,0.0199759487777948,0.0
1833,1.663897176361084,1.521243122863769,0.0,2.283680993884799,0.0103520470753312,0.0,0.0,0.0200088844031095,0.0
1834,1.663908539581299,1.52125156097412,0.0,2.2837030441164963,0.0103412577494978,0.0,0.0,0.0200388093411922,0.0
1835,1.6639192222595216,1.5212558944702153,0.0,2.283724041867256,0.0103307871490716,0.0,0.0,0.020064804264903,0.0
1836,1.6639302391052249,1.5212593902587876,0.0,2.283745097059011,0.0103209678694605,0.0,0.0,0.0200887012913823,0.0
1837,1.6639399269104007,1.5212604736328128,0.0,2.2837663899540885,0.0103097027555108,0.0,0.0,0.0201109679892659,0.0
1838,1.6639504776000975,1.5212596801757812,0.0,2.2837852741658686,0.0103008087962865,0.0,0.0,0.0201295898303389,0.0
1839,1.6639604759216309,1.5212553527832018,0.0,2.283804781371355,0.0102920587360858,0.0,0.0,0.0201440943583846,0.0
1840,1.4385367980957031,1.6792835662841803,0.0,2.0867516311645518,0.0131718051224946,0.0,0.0,0.0329635202601552,0.0
1841,1.438594802093506,1.6792550277709957,0.0,2.086822228115796,0.0131590859606862,0.0,0.0,0.033005132445693,0.0
1842,1.438638122558594,1.679235284423827,0.0,2.086864039230345,0.0131606726706028,0.0,0.0,0.0330268904313445,0.0
1843,1.438674057006836,1.6792231674194351,0.0,2.0869003003537667,0.0131596383586525,0.0,0.0,0.0330520319551229,0.0
1844,1.4387044876098636,1.6792123870849611,0.0,2.086934865379334,0.0131562809392809,0.0,0.0,0.0330749748885631,0.0
1845,1.4387314994812013,1.6792078155517594,0.0,2.086967519545553,0.0131502856001257,0.0,0.0,0.0331032283559441,0.0
1846,1.4387557823181154,1.6792033889770508,0.0,2.086998110085725,0.0131437880426645,0.0,0.0,0.0331295856013894,0.0
1847,1.4387778259277346,1.6792006652832043,0.0,2.0870284074366108,0.0131355310335755,0.0,0.0,0.0331571795672178,0.0
1848,1.4387967964172363,1.6791984069824224,0.0,2.087056505811214,0.0131264689236879,0.0,0.0,0.0331829535663127,0.0
1849,1.4388156951904298,1.6791973709106447,0.0,2.087086302602291,0.0131157925501465,0.0,0.0,0.0332114664852619,0.0
1850,1.274044519042969,2.2156843994140623,0.0,1.9621907508373264,0.0188939094394445,0.0,0.0,0.036505284576863,0.0
1851,1.2739243408203125,2.215838406372072,0.0,1.9623593121528629,0.0186059280782938,0.0,0.0,0.036827266446501,0.0
1852,1.2738324645996095,2.215954577636719,0.0,1.9624871888160695,0.0183859729677438,0.0,0.0,0.0370713005766272,0.0
1853,1.2737611083984377,2.21604586791992,0.0,1.9625872904300703,0.0182141244232654,0.0,0.0,0.0372630360879004,0.0
1854,1.273703094482422,2.216122067260743,0.0,1.9626682741403592,0.0180754137396812,0.0,0.0,0.0374203354693949,0.0
1855,1.2736565673828124,2.2161851623535167,0.0,1.962736792135237,0.0179604808449745,0.0,0.0,0.0375513511069119,0.0
1856,1.2736167724609375,2.216239108276369,0.0,1.962794822096825,0.0178625532060861,0.0,0.0,0.0376640360288322,0.0
1857,1.2735848693847658,2.21628572692871,0.0,1.9628443438529963,0.017780332571268,0.0,0.0,0.0377599595673382,0.0
1858,1.2735554321289064,2.216321304321289,0.0,1.9628882097959528,0.0177080489754676,0.0,0.0,0.0378390180386602,0.0
1859,1.273530236816406,2.2163475891113293,0.0,1.962927497386932,0.0176436732918024,0.0,0.0,0.0379047992102801,0.0
1860,0.0,1.141548187255859,0.4766627685546873,1.9988772213935828,0.0140476113259792,0.0,0.0,0.0296755931615829,0.0
1861,0.0,1.1415157791137691,0.4766534423828126,1.999035469198228,0.0138985926687717,0.0,0.0,0.0298004671931266,0.0
1862,0.0,1.1414836853027346,0.4766447387695314,1.999178026652336,0.0137646937191486,0.0,0.0,0.0299110632240772,0.0
1863,0.0,1.141448950195315,0.4766355224609373,1.9993093302726732,0.0136429979860782,0.0,0.0,0.0300072008490562,0.0
1864,0.0,1.1414082351684574,0.4766262939453125,1.9994324226379396,0.0135284477531909,0.0,0.0,0.0300900075674057,0.0
1865,0.0,1.1413676666259764,0.4766162109375,1.9995473687887184,0.013423543909192,0.0,0.0,0.0301642632842063,0.0
1866,0.0,1.14132296600342,0.4766072998046877,1.999655710816384,0.0133246120423078,0.0,0.0,0.0302280600786209,0.0
1867,0.0,1.1412830169677743,0.4765978149414061,1.9997584544181808,0.013230726930499,0.0,0.0,0.0302908506929874,0.0
1868,0.0,1.141237843322754,0.4765889038085937,1.9998577235221864,0.0131416380822658,0.0,0.0,0.0303442645788192,0.0
1869,0.0,1.1411891891479478,0.4765796508789064,1.999951046466828,0.0130569211393594,0.0,0.0,0.0303897989690303,0.0
1870,2.0931227172851563,2.9357616104125963,0.0,3.7626418421149257,0.0287252654910087,0.0,0.0,0.0537774600192904,0.0
1871,2.0931678649902343,2.9357809448242183,0.0,3.7628555036485194,0.0285579159259796,0.0,0.0,0.0540088572233915,0.0
1872,2.0932162933349607,2.9357847839355475,0.0,3.763007992041112,0.0284546384334564,0.0,0.0,0.0541650954417884,0.0
1873,2.093267526245117,2.9357812011718742,0.0,3.763127002751826,0.028387728446722,0.0,0.0,0.0542808487601578,0.0
1874,2.093322381591797,2.9357719146728503,0.0,3.763222771173716,0.0283452726006507,0.0,0.0,0.0543675454385578,0.0
1875,2.093375149536133,2.935758276367189,0.0,3.763302270728351,0.0283188324034214,0.0,0.0,0.0544326664969325,0.0
1876,2.093425756835938,2.9357405517578137,0.0,3.763371337223054,0.0283011660665273,0.0,0.0,0.0544840249843895,0.0
1877,2.0934768585205084,2.935719824218749,0.0,3.763432122814656,0.0282905619651079,0.0,0.0,0.0545253114297986,0.0
1878,2.093524606323242,2.9356949737548845,0.0,3.763488793998958,0.0282818016767501,0.0,0.0,0.0545565412275493,0.0
1879,2.093573608398437,2.935668334960937,0.0,3.763539495867489,0.0282796622425317,0.0,0.0,0.0545803582839667,0.0
1880,2.1372334228515624,1.9228825408935557,0.0,4.472454344201088,0.0393317144274711,0.0,0.0,0.0681944063350558,0.0
1881,2.137214767456055,1.922891458129884,0.0,4.472614783477784,0.0391505587875843,0.0,0.0,0.0683652721412479,0.0
1882,2.137193817138672,1.92288049621582,0.0,4.472750494360923,0.0389942187070846,0.0,0.0,0.0684895069554448,0.0
1883,2.137178689575196,1.9228654235839853,0.0,4.472870862197876,0.0388576766312122,0.0,0.0,0.0685951023526489,0.0
1884,2.137164712524414,1.922838632202149,0.0,4.472977972316743,0.038737364155054,0.0,0.0,0.0686748097687959,0.0
1885,2.1371511718750003,1.9228065063476567,0.0,4.473073184156421,0.0386290889680385,0.0,0.0,0.0687379065886139,0.0
1886,2.137140231323242,1.9227617919921889,0.0,4.47316218173504,0.0385284623920917,0.0,0.0,0.0687818777114152,0.0
1887,2.137130157470703,1.9227154724121096,0.0,4.473241805529595,0.0384390094876289,0.0,0.0,0.0688163706861436,0.0
1888,2.13712331237793,1.922662634277346,0.0,4.473321166086196,0.0383518049895763,0.0,0.0,0.0688420641891658,0.0
1889,2.1371138793945312,1.92260546875,0.0,4.473393229806424,0.0382707142591476,0.0,0.0,0.0688577753521502,0.0
1890,3.5204667724609378,2.0910835815429696,0.0,4.081801688480377,0.0492534468412399,0.0,0.0,0.0849284489838406,0.0
1891,3.5205964782714845,2.090947961425781,0.0,4.081831619167328,0.0493530143201351,0.0,0.0,0.0848220511049032,0.0
1892,3.5207151916503907,2.0907883636474622,0.0,4.0818495335817335,0.0494539345860481,0.0,0.0,0.0846799660637974,0.0
1893,3.5208260192871097,2.090626788330077,0.0,4.081860096406938,0.0495548411190509,0.0,0.0,0.0845291396373883,0.0
1894,3.520936083984375,2.0904658477783205,0.0,4.081859388113022,0.049663930773735,0.0,0.0,0.0843681528616696,0.0
1895,3.521038854980469,2.0903171722412104,0.0,4.081859316015244,0.0497680250644683,0.0,0.0,0.0842190616725012,0.0
1896,3.5211387512207035,2.0901488525390626,0.0,4.081858642339707,0.0498684801161289,0.0,0.0,0.0840499614674598,0.0
1897,3.521234448242188,2.08998091430664,0.0,4.081855851340293,0.0499665712833404,0.0,0.0,0.0838787426350638,0.0
1898,3.5213251892089845,2.089805151367189,0.0,4.081849255895616,0.0500637579917907,0.0,0.0,0.0836971537370234,0.0
1899,3.521412420654297,2.089646881103516,0.0,4.081845894050598,0.050155008727312,0.0,0.0,0.0835351246669888,0.0
1900,3.568185681152344,2.038215518188476,0.0,7.201549715018272,0.0837600853919982,0.0,0.0,0.1390582113325595,0.0
1901,3.5682319976806647,2.0380793518066405,0.0,7.201793549442289,0.0835623087584972,0.0,0.0,0.1391656732022762,0.0
1902,3.568280438232422,2.0379449890136723,0.0,7.202013911366464,0.0833895255386829,0.0,0.0,0.1392520168602466,0.0
1903,3.5683324340820315,2.037786080932616,0.0,7.202210060334208,0.0832454981923103,0.0,0.0,0.1392890404760837,0.0
1904,3.5683834899902345,2.037635040283204,0.0,7.202398640632628,0.0831084148705005,0.0,0.0,0.1393264346480369,0.0
1905,3.5684307556152346,2.0374645935058595,0.0,7.202575658798219,0.0829790031969547,0.0,0.0,0.1393331548810005,0.0
1906,3.568483795166016,2.0373070495605443,0.0,7.20274267847538,0.0828646235525608,0.0,0.0,0.139342997276783,0.0
1907,3.568537222290039,2.03715133972168,0.0,7.202898915386198,0.0827613237917423,0.0,0.0,0.1393430564522743,0.0
1908,3.568585610961914,2.0369781555175788,0.0,7.203051211643222,0.0826586152553558,0.0,0.0,0.1393224421322345,0.0
1909,3.5686328369140625,2.0368087799072274,0.0,7.20318402647972,0.0825718358874321,0.0,0.0,0.1392865626275539,0.0
1910,1.3093797119140622,1.4419267944335932,0.0,3.4538300232410446,0.0378109090268612,0.0,0.0,0.0676115129172802,0.0
1911,1.3093019775390626,1.4418370483398435,0.0,3.453890210413933,0.0376742161214351,0.0,0.0,0.0675824725806713,0.0
1912,1.3092163085937505,1.441706488037109,0.0,3.453937802553176,0.0375412499606609,0.0,0.0,0.0674996631383895,0.0
1913,1.3091413085937502,1.4415703613281252,0.0,3.4539769318580618,0.0374265509724617,0.0,0.0,0.0674027662336826,0.0
1914,1.30907373046875,1.441425561523438,0.0,3.4540156553506858,0.0373211027562618,0.0,0.0,0.0672971336960792,0.0
1915,1.3090075439453126,1.441260668945315,0.0,3.4540429740905747,0.0372267058372497,0.0,0.0,0.0671595823109149,0.0
1916,1.3089498535156252,1.441098291015626,0.0,3.4540772610425954,0.0371348566710948,0.0,0.0,0.0670320038497448,0.0
1917,1.3088989013671877,1.440935095214842,0.0,3.4540991091251367,0.0370621743202209,0.0,0.0,0.0668900505661964,0.0
1918,1.3088484130859377,1.440751928710938,0.0,3.454126182460783,0.0369847187757492,0.0,0.0,0.066732499974966,0.0
1919,1.3087960693359375,1.4405678833007831,0.0,3.4541399051904698,0.0369185264527797,0.0,0.0,0.0665626114964485,0.0
1920,2.938201306152344,1.5122234130859376,0.0,6.676013504517078,0.0479674409151077,0.0,0.0,0.0787676728963852,0.0
1921,2.9382148193359376,1.511987390136721,0.0,6.676109135544303,0.0478844766855239,0.0,0.0,0.0786261678159236,0.0
1922,2.93823271484375,1.511755786132813,0.0,6.676178971219063,0.0478321699261665,0.0,0.0,0.0784641093730926,0.0
1923,2.938253137207032,1.5115315429687488,0.0,6.676221296918394,0.0478106073021888,0.0,0.0,0.0782812183320522,0.0
1924,2.93827607421875,1.5113032836914044,0.0,6.67625908226967,0.0477953172206878,0.0,0.0,0.0780913336455822,0.0
1925,2.9383008422851566,1.511086779785158,0.0,6.676274410247803,0.0478049334287643,0.0,0.0,0.0778911993801593,0.0
1926,2.938325720214844,1.5108571594238285,0.0,6.676293404078486,0.0478116510391235,0.0,0.0,0.0776791991472244,0.0
1927,2.9383552734375,1.5106487915039055,0.0,6.676290456974504,0.04784277074337,0.0,0.0,0.0774691259622573,0.0
1928,2.9383892333984374,1.510441650390625,0.0,6.67629479647875,0.047873158454895,0.0,0.0,0.0772651184558868,0.0
1929,2.938428405761719,1.5102514709472672,0.0,6.6763012855410615,0.0479058190226554,0.0,0.0,0.0770829654812812,0.0
1930,5.829044201660157,2.0971180480957017,0.0,6.660640473765138,0.0403849598169326,0.0,0.0,0.063063204050064,0.0
1931,5.829053381347657,2.0970386962890637,0.0,6.660600857651232,0.0404338186264038,0.0,0.0,0.0629446436405181,0.0
1932,5.829070446777344,2.096977697753905,0.0,6.660564593666793,0.0404869690656662,0.0,0.0,0.0628479265928268,0.0
1933,5.829095397949219,2.096930810546876,0.0,6.660527822995185,0.0405489929676055,0.0,0.0,0.0627631858825683,0.0
1934,5.829118469238282,2.096888513183595,0.0,6.660488713765147,0.0406109518051147,0.0,0.0,0.0626828954219818,0.0
1935,5.8291452148437495,2.096846801757813,0.0,6.660450860238075,0.0406761301755905,0.0,0.0,0.0626027056217193,0.0
1936,5.829171228027343,2.096811791992188,0.0,6.660412225866317,0.040740049290657,0.0,0.0,0.0625285702705383,0.0
1937,5.829200927734375,2.0967876098632825,0.0,6.660372656011582,0.0408101445913314,0.0,0.0,0.0624652270317077,0.0
1938,5.8292329956054685,2.096765924072264,0.0,6.660328590577844,0.0408853976011276,0.0,0.0,0.0623999476671218,0.0
1939,5.829260546875001,2.096726434326172,0.0,6.660284456682206,0.0409580536365509,0.0,0.0,0.0623150151014328,0.0
1940,1.565768017578125,1.7094388427734355,0.0,5.622076365828512,0.0653885104060173,0.0,0.0,0.087001858651638,0.0
1941,1.565870239257813,1.7094991271972653,0.0,5.622095640802385,0.0654728287458419,0.0,0.0,0.0870819914937019,0.0
1942,1.565978955078125,1.7095709045410177,0.0,5.622123996520042,0.065552929341793,0.0,0.0,0.0871826821565628,0.0
1943,1.566071630859375,1.7096596313476553,0.0,5.622158751153947,0.0656111743330955,0.0,0.0,0.0873057775497436,0.0
1944,1.5661570312500004,1.7097388610839843,0.0,5.622182074427602,0.0656732436656951,0.0,0.0,0.0874074795603752,0.0
1945,1.5662366699218753,1.7097951904296878,0.0,5.622210798025135,0.065724240899086,0.0,0.0,0.0874933129191398,0.0
1946,1.5663278808593757,1.709859490966796,0.0,5.622234910559651,0.0657912175059318,0.0,0.0,0.0875809838533401,0.0
1947,1.5664239746093749,1.7097852050781237,0.0,5.622264209914206,0.0658576976656913,0.0,0.0,0.0875368740320205,0.0
1948,1.56651025390625,1.7095995666503896,0.0,5.622292351388932,0.0659161196947097,0.0,0.0,0.0873798798084259,0.0
1949,1.566589990234375,1.709410253906249,0.0,5.622323242259025,0.0659645959854126,0.0,0.0,0.0872207558989524,0.0
1950,4.968761328125001,2.70374240722656,0.0,11.734684076595306,0.1458445821762085,0.0,0.0,0.1712861532151699,0.0
1951,4.96896787109375,2.703845117187498,0.0,11.734978526020049,0.1457554783582687,0.0,0.0,0.1716846058607101,0.0
1952,4.968916113281249,2.703908276367187,0.0,11.7352766916275,0.1454055793285369,0.0,0.0,0.1720458144664764,0.0
1953,4.968893457031251,2.704013757324219,0.0,11.735579310131072,0.1450812836885452,0.0,0.0,0.1724535612106323,0.0
1954,4.9688421875,2.703989404296877,0.0,11.735880565166472,0.1447288526773452,0.0,0.0,0.1727294144451618,0.0
1955,4.9687990234375,2.703792150878904,0.0,11.736172661590576,0.1443930357694625,0.0,0.0,0.1728250511974096,0.0
1956,4.96878876953125,2.703604235839844,0.0,11.736441891098025,0.1441135961294174,0.0,0.0,0.1729063270568847,0.0
1957,4.96872666015625,2.703364904785154,0.0,11.73663230047226,0.1438617294073105,0.0,0.0,0.1728565413147211,0.0
1958,4.96860302734375,2.703110009765627,0.0,11.736780298042298,0.1435892814874649,0.0,0.0,0.1727502974003553,0.0
1959,4.968504687499999,2.7028885375976586,0.0,11.736895187473298,0.1433758940935134,0.0,0.0,0.1726444198906421,0.0
1960,3.6340591796875,2.396745812988282,0.0,3.508968671798705,0.1826432847976684,0.0,0.0,0.2138107318878173,0.0
1961,3.633959167480469,2.39667020263672,0.0,3.508580426025389,0.182929518699646,0.0,0.0,0.2133464303016662,0.0
1962,3.633865014648437,2.396602404785156,0.0,3.50818508872986,0.1832302549362182,0.0,0.0,0.2128838376045227,0.0
1963,3.6337713989257816,2.396508642578123,0.0,3.507771123504636,0.1835515649795532,0.0,0.0,0.2123751375675201,0.0
1964,3.6336844238281247,2.3963974975585955,0.0,3.50734266548157,0.1838921154975891,0.0,0.0,0.2118361243724823,0.0
1965,3.6335993896484378,2.3962388183593752,0.0,3.5068961616516106,0.1842531373977661,0.0,0.0,0.2112306655883789,0.0
1966,3.633517297363282,2.396070861816405,0.0,3.5064248615264866,0.1846433148384094,0.0,0.0,0.2105906857728958,0.0
1967,3.6334391723632815,2.3958846923828148,0.0,3.505914559555056,0.185074987411499,0.0,0.0,0.2098947174549102,0.0
1968,3.633365954589844,2.395703881835935,0.0,3.505362478256224,0.1855547644615173,0.0,0.0,0.2091610903263092,0.0
1969,3.633290258789063,2.395513916015627,0.0,3.504762522888182,0.1860790703773498,0.0,0.0,0.2083701816797256,0.0
1970,4.0788404296875,1.3972726196289074,0.0,1.832327677249907,0.1884450757980346,0.0,0.0,0.2023448740005493,0.0
1971,4.0788171875,1.3971350708007826,0.0,1.8322256134033184,0.1885248872756958,0.0,0.0,0.2021032890796661,0.0
1972,4.078789331054687,1.3970181396484378,0.0,1.832112795066836,0.1886094244003295,0.0,0.0,0.2018736392498016,0.0
1973,4.07876708984375,1.3969149902343752,0.0,1.8319841791152955,0.188715524482727,0.0,0.0,0.2016432418823242,0.0
1974,4.078740673828125,1.3968227783203098,0.0,1.83185415802002,0.1888188516616821,0.0,0.0,0.2014209488868713,0.0
1975,4.078719287109376,1.3967390380859364,0.0,1.8317367417335488,0.1889157217025756,0.0,0.0,0.2012186538696289,0.0
1976,4.078696923828125,1.39665444946289,0.0,1.8316022175788884,0.189026833152771,0.0,0.0,0.2010009663105011,0.0
1977,4.078679174804688,1.3965896667480493,0.0,1.8314696290969843,0.1891426145553589,0.0,0.0,0.2008020467281341,0.0
1978,4.07866279296875,1.3965242309570307,0.0,1.831313638591768,0.1892819751739502,0.0,0.0,0.2005818160533905,0.0
1979,4.0786387207031245,1.3964325012207048,0.0,1.8311387575149516,0.1894332984924316,0.0,0.0,0.2003144178390503,0.0
1980,3.786779052734375,1.953029455566405,0.0,4.641748838949207,0.2577695337295532,0.0,0.0,0.2466403304696083,0.0
1981,3.786933056640625,1.9532663696289096,0.0,4.642154515218735,0.257516593170166,0.0,0.0,0.2472832439184188,0.0
1982,3.787081323242188,1.9534967468261757,0.0,4.642528479909895,0.2572903636932373,0.0,0.0,0.2478871334433555,0.0
1983,3.787233056640625,1.953753991699223,0.0,4.642862882328032,0.2571075696945191,0.0,0.0,0.2484789819598198,0.0
1984,3.787385278320313,1.9539736999511736,0.0,4.6431655237197855,0.2569577598571778,0.0,0.0,0.2490011527299881,0.0
1985,3.787530029296875,1.95417967224121,0.0,4.643447190046311,0.2568211330413818,0.0,0.0,0.2494884824752807,0.0
1986,3.7876791259765614,1.95441379394531,0.0,4.643722190284725,0.2566947406768798,0.0,0.0,0.2499985211014747,0.0
1987,3.787821606445312,1.954381604003906,0.0,4.643978698730466,0.2565805101394653,0.0,0.0,0.2502227620124817,0.0
1988,3.787964770507812,1.9544389099121096,0.0,4.644201428222658,0.2565011865615845,0.0,0.0,0.2505022875070572,0.0
1989,3.78811494140625,1.954630523681644,0.0,4.644375774145123,0.256476580619812,0.0,0.0,0.2508686899662017,0.0
1990,0.346201416015625,0.4063080200195337,0.0,0.0,0.3089776314735412,0.0,0.8586809873580954,0.2900665109455585,0.0
1991,0.3459962158203125,0.4065042724609391,0.0,0.0,0.3084423762321472,0.0,0.8583527739048051,0.2905909103840589,0.0
1992,0.3457482666015625,0.4066619445800796,0.0,0.0,0.3078819005012512,0.0,0.8580404761791272,0.2910612374514341,0.0
1993,0.3455010986328126,0.4068175598144528,0.0,0.0,0.3073555534362793,0.0,0.857761719894409,0.2914963214099407,0.0
1994,0.3452500244140626,0.4070184387207014,0.0,0.0,0.3068461471557617,0.0,0.8575029693126694,0.2919560175508261,0.0
1995,0.3449966796875001,0.40720594482422,0.0,0.0,0.3063492018699645,0.0,0.8572591695308702,0.292386221063137,0.0
1996,0.3447446289062499,0.4074486755371076,0.0,0.0,0.3058616556167602,0.0,0.8570241036415069,0.2928645508438349,0.0
1997,0.3444780029296874,0.4075947998046878,0.0,0.0,0.3053767358779907,0.0,0.8568056593894937,0.2932287631481886,0.0
1998,0.3442062499999998,0.4077791809082036,0.0,0.0,0.304895024394989,0.0,0.8565959752559671,0.2936237927466631,0.0
1999,0.3439371826171875,0.4079670715332071,0.0,0.0,0.3044438465118408,0.0,0.8564142759323126,0.2939938975006342,0.0
2000,0.0,3.2575053161621064,2.1898640625000003,5.938766994380952,0.3405287234306335,0.0,0.0,0.3133397210597992,0.0
2001,0.0,0.0,2.565141656494141,0.0,0.3383527256011963,1.861125292968751,1.1893457983016944,0.3154433535099029,0.0
2002,0.0,2.3568451904296843,3.898193591308594,1.992828834724424,0.3477245193481446,0.0,0.0,0.3240292508602142,0.0
2003,0.2704203002929688,3.974983697509767,0.0,5.331776130867006,0.3510665173530579,0.0,0.0,0.3366092747569084,0.0
2004,0.0,0.0,0.2242835571289062,4.876000492858886,0.3636770639419556,6.061876200866703,0.0,0.3510467626214028,0.0
2005,0.0,0.0,0.2392206176757811,0.0,0.3758357787132264,0.3368382263183598,0.3525139793396015,0.353732352745533,0.0
2006,0.5231022033691406,0.0,0.0,0.0,0.3702165554046631,0.6481625793457049,6.02585892276764,0.3530415323019027,0.0
2007,0.184093878173828,2.9695727722167966,0.0,2.768799316215514,0.386157494354248,0.0,0.0,0.352868375402689,0.0
2008,0.0,2.7333991027832027,0.3663304626464844,5.100388912963869,0.3853968957901001,0.0,0.0,0.3610521008610725,0.0
2009,10.83828180541992,4.455162646484375,0.0,0.0,0.397407045173645,0.0,3.77208022117614,0.369956111395359,0.0
2010,0.0,2.76652025146484,11.151348205566409,12.334885225486758,0.4089508024215699,0.0,0.0,0.3893746860295534,0.0
2011,0.6335390014648437,4.088166891479489,0.0,12.63254594078064,0.413895498752594,0.0,0.0,0.392577981300652,0.0
2012,0.0,1.8307857666015612,0.1979911865234375,0.0711385828018187,0.4295272994995117,0.0,0.0,0.3831855291366577,0.0
2013,0.4344838256835936,6.7025150268554725,0.0,11.9024605052948,0.4278467126965523,0.0,0.0,0.403039292113483,0.0
2014,0.168413037109375,0.2941743591308601,0.0,6.520283587646485,0.4299214930176734,0.0,0.0,0.4182884170413017,0.0
2015,2.9419984375,3.2643550567626924,0.0,6.392565419006347,0.4725836718320847,0.0,0.0,0.274911653213948,0.0
2016,2.9544277587890626,3.2627662017822274,0.0,6.3978874069213845,0.4723445724725724,0.0,0.0,0.2786452035903931,0.0
2017,2.957419091796875,3.261316387939452,0.0,6.401816581726074,0.4717162553787231,0.0,0.0,0.2811240482069552,0.0
2018,2.9597103271484384,3.261191458129886,0.0,6.4038807456970215,0.4715873468399048,0.0,0.0,0.2830634176433086,0.0
2019,2.969139697265625,3.256270968627927,0.0,6.410732377624511,0.4713300148487092,0.0,0.0,0.2849952659510076,0.0
2020,2.4229949462890623,2.771338830566407,0.0,6.178613575553895,0.4635365176558495,0.0,0.0,0.2843518247887492,0.0
2021,2.4639017822265625,2.772913690185547,0.0,6.179339323616025,0.4628993608355523,0.0,0.0,0.2866523922137916,0.0
2022,2.463593139648437,2.770145404052734,0.0,6.18380218887329,0.4627399167656899,0.0,0.0,0.2883474653080106,0.0
2023,2.4530978515625,2.792709106445315,0.0,6.161377130889893,0.4638417639374734,0.0,0.0,0.2884870070338249,0.0
2024,2.4281665527343748,2.813584851074218,0.0,6.137162220573424,0.4662457226336003,0.0,0.0,0.2851464664816857,0.0
2025,1.396115771484375,1.9828511688232415,0.0,5.957661529922488,0.4632588512321934,0.0,0.0,0.2919091741930693,0.0
2026,1.3963921630859375,1.9839084625244148,0.0,5.957625697708131,0.4634971619702876,0.0,0.0,0.2929300492472947,0.0
2027,1.3837478271484374,1.9905329376220704,0.0,5.951763293647769,0.4638988728880882,0.0,0.0,0.2936923539746552,0.0
2028,1.3887558593750002,2.005527493286131,0.0,5.937153969192506,0.4645117285609246,0.0,0.0,0.2940779400646686,0.0
2029,1.411861596679688,2.0040975341796887,0.0,5.9393194675445535,0.464805184340477,0.0,0.0,0.2948126410245895,0.0
2030,1.4021705078125,1.6143219467163057,0.0,5.15204686050415,0.4289923446685075,0.0,0.0,0.2620469524785876,0.0
2031,1.4061677246093751,1.6120368316650406,0.0,5.155077733993533,0.4289661025434732,0.0,0.0,0.2627942021280527,0.0
2032,1.3850050537109375,1.6077532836914088,0.0,5.1602327623367295,0.4288061044633389,0.0,0.0,0.263664551359415,0.0
2033,1.4412261962890625,1.6118643142700186,0.0,5.156598952293397,0.4286596783757209,0.0,0.0,0.26414147054106,0.0
2034,1.4432610839843751,1.6258835830688485,0.0,5.143177388381954,0.4285822755008935,0.0,0.0,0.2647393494352698,0.0
2035,1.6916949951171878,0.97897826538086,0.0,5.435291035842896,0.4327534552276134,0.0,0.0,0.2614209073260427,0.0
2036,1.69263681640625,0.9779134887695308,0.0,5.436572974109648,0.4331432249963283,0.0,0.0,0.2616364519566297,0.0
2037,1.636688110351563,0.980618191528322,0.0,5.435366178989412,0.4321365547597408,0.0,0.0,0.2631349630877376,0.0
2038,1.6378589111328126,0.968087857055668,0.0,5.448803602600099,0.431715164488554,0.0,0.0,0.2640412015289068,0.0
2039,1.6435090820312503,0.9679172821044943,0.0,5.450151180839539,0.4310481081843376,0.0,0.0,0.265218358540535,0.0
2040,2.139536108398438,1.179001512145998,0.0,5.259164409065248,0.3999873116731644,0.0,0.0,0.2389137537181377,0.0
2041,2.1658342041015626,1.1739719558715829,0.0,5.265748654747009,0.398962483048439,0.0,0.0,0.240470665025711,0.0
2042,2.1504409423828124,1.1682565383911143,0.0,5.272231971931456,0.3988714532852173,0.0,0.0,0.2412379116535187,0.0
2043,2.166537548828125,1.1637362854003914,0.0,5.278440167808533,0.3978210258960724,0.0,0.0,0.242926297211647,0.0
2044,2.169412719726563,1.1607021453857431,0.0,5.282251323699953,0.3975064797639847,0.0,0.0,0.2437035794734954,0.0
2045,2.071896459960937,0.9249468505859362,0.0,5.040713748121261,0.3979311750411987,0.0,0.0,0.2434132241010665,0.0
2046,2.0739148681640627,0.9358380462646476,0.0,5.030614628458023,0.3973322132825852,0.0,0.0,0.2442043690443039,0.0
2047,2.0681031250000004,0.9262666046142592,0.0,5.038636017990115,0.3990644747972489,0.0,0.0,0.2426549609184265,0.0
2048,2.059689916992188,0.9216473892211904,0.0,5.043516165399549,0.3990092574357987,0.0,0.0,0.2429151764154434,0.0
2049,2.056589916992188,0.9196975112915045,0.0,5.046288381528855,0.3982411248207093,0.0,0.0,0.2437381103754043,0.0
2050,2.967005151367188,1.7189503417968748,0.0,6.594255664062503,0.2567225438356399,0.0,0.0,0.1409535449266433,0.0
2051,2.957315673828125,1.7227154998779302,0.0,6.59130328369141,0.2558738406598568,0.0,0.0,0.1417662324905395,0.0
2052,2.956865161132813,1.712026715087891,0.0,6.603180591869354,0.2548021079301834,0.0,0.0,0.1429548278808593,0.0
2053,2.9499118896484378,1.7140560821533215,0.0,6.602043093967438,0.2540172005057335,0.0,0.0,0.1438467375516891,0.0
2054,2.951349365234375,1.7169746673583983,0.0,6.598387505340577,0.2548478504240513,0.0,0.0,0.1431093032836914,0.0
2055,3.2192405761718748,1.9545926818847672,0.0,5.74928102273941,0.249636737883091,0.0,0.0,0.1487707719802856,0.0
2056,3.2098354980468757,1.9546955047607424,0.0,5.748752052688602,0.2501222991645336,0.0,0.0,0.1483447087526321,0.0
2057,3.2136329101562504,1.9472002105712871,0.0,5.756537110614778,0.2498993006706237,0.0,0.0,0.1486343262195587,0.0
2058,3.2416023681640627,1.9521061157226551,0.0,5.75255631198883,0.248896770209074,0.0,0.0,0.1495591676473617,0.0
2059,3.245389575195313,1.9591791992187504,0.0,5.746479217433931,0.2479591391801834,0.0,0.0,0.1505558342456817,0.0
2060,3.462903637695313,1.5069901458740222,0.0,5.620635600018503,0.2023033704519272,0.0,0.0,0.1230028003931045,0.0
2061,3.462962255859376,1.4961525329589822,0.0,5.631875716972351,0.2019840608149767,0.0,0.0,0.1234043780446052,0.0
2062,3.466886035156251,1.5073972167968748,0.0,5.62143503718376,0.2012561335384845,0.0,0.0,0.1242085359692573,0.0
2063,3.4762958984375003,1.50638132019043,0.0,5.624279308605194,0.199484271389246,0.0,0.0,0.1260373098731041,0.0
2064,3.4822081787109376,1.501378567504883,0.0,5.630194201087951,0.1986341547846794,0.0,0.0,0.126949483180046,0.0
2065,3.2243215820312505,1.6879273864746107,0.0,4.992767516422271,0.1975936949372291,0.0,0.0,0.1278223891019821,0.0
2066,3.211789135742188,1.6755020935058609,0.0,5.005370273017881,0.1968641822010278,0.0,0.0,0.127999813747406,0.0
2067,3.232705932617188,1.6813326843261702,0.0,4.998948430156709,0.1976351219564676,0.0,0.0,0.1274086555957794,0.0
2068,3.25424453125,1.6724146301269531,0.0,5.008435831260682,0.1972930914551019,0.0,0.0,0.1279778289794922,0.0
2069,3.2567893676757813,1.66935622253418,0.0,5.011638028812408,0.1968670162796974,0.0,0.0,0.1281217283725738,0.0
2070,3.506669262695312,0.9853886932373044,0.0,5.325781757831573,0.1590173355311155,0.0,0.0,0.1059376389503479,0.0072595904976129
2071,3.517841723632813,0.96974037322998,0.0,5.342840208053588,0.157748001986742,0.0,0.0,0.1073471844315528,0.0073997963964939
2072,3.5232339599609377,0.9627930526733408,0.0,5.351144950675964,0.1564951866418123,0.0,0.0,0.1087043920636177,0.007504161542654
2073,3.5308024902343758,0.9648490982055672,0.0,5.348044116306307,0.1574990982890129,0.0,0.0,0.1076600757837295,0.0074638019829988
2074,3.554759973144531,0.965916395568847,0.0,5.345063071155549,0.1591112167030573,0.0,0.0,0.1057463435173034,0.0071621517851948
2075,2.756849609375001,1.2834091156005858,0.0,4.761815306568147,0.1599625918120145,0.0,0.0,0.1045392691731453,0.006806595236063
2076,2.7668079345703123,1.274304302978516,0.0,4.7720128041267404,0.1589307235747576,0.0,0.0,0.1056308794498443,0.0068662233591079
2077,2.773802008056641,1.27038226623535,0.0,4.776715135240556,0.1582004703789949,0.0,0.0,0.1064113474249839,0.006916494423151
2078,2.77521400756836,1.266728405761718,0.0,4.780898228836058,0.1576629531770944,0.0,0.0,0.1069411012053489,0.006908729507029
2079,2.776470928955078,1.2634999114990233,0.0,4.785123975372315,0.156697240397334,0.0,0.0,0.1079381240963935,0.0069400052800774
2080,2.2467414672851564,1.2053473556518544,0.0,4.587201767826079,0.1256027991145849,0.0,0.0,0.0823620536804199,0.0196197329550981
2081,2.278376879882813,1.221890907287598,0.0,4.569348506164552,0.1266602388530969,0.0,0.0,0.0810523943185806,0.0193676275998353
2082,2.2915519775390627,1.215170913696289,0.0,4.577055919146538,0.1258172228008509,0.0,0.0,0.0820392634868622,0.0195114798948168
2083,2.2893402587890623,1.2080636932373068,0.0,4.583865086460115,0.1262857325583696,0.0,0.0,0.0817419471979141,0.0196825588032603
2084,2.291765417480469,1.203802920532226,0.0,4.587785573005677,0.1268546894133091,0.0,0.0,0.0814011617898941,0.0199107622846961
2085,1.7705583251953128,1.3869768173217771,0.0,4.20060756781101,0.1243934812545776,0.0,0.0,0.0847278361320495,0.0207762303173542
2086,1.7687343139648437,1.385547599792481,0.0,4.202619818711282,0.1239321120381355,0.0,0.0,0.085311116361618,0.0208979533210396
2087,1.775293603515625,1.3823964584350588,0.0,4.206553185606001,0.1232426145493984,0.0,0.0,0.086093940448761,0.0209913505211472
2088,1.7489852294921877,1.4099022476196286,0.0,4.178529395508765,0.1235003782987594,0.0,0.0,0.0855757927656173,0.0207308945313096
2089,1.7557990966796877,1.4521101699829106,0.0,4.13533752067089,0.1244752836883068,0.0,0.0,0.0845914278984069,0.020721417376399
2090,1.459795178222656,1.4882989868164067,0.0,3.961888694667815,0.0985292499125004,0.0,0.0,0.0685444377899169,0.026963548490405
2091,1.4640498779296878,1.4729959869384768,0.0,3.978901716446877,0.097860604506731,0.0,0.0,0.0702527086257934,0.0280031873136758
2092,1.4682860717773436,1.4607486694335936,0.0,3.992251072716715,0.0969366687387228,0.0,0.0,0.0713547408819198,0.0281812434732913
2093,1.4785002441406252,1.4433088287353524,0.0,4.011035174727439,0.0958652520924806,0.0,0.0,0.072699543595314,0.0284546137332916
2094,1.4879822570800785,1.4259747375488292,0.0,4.0294935376405725,0.0950346911042928,0.0,0.0,0.0738234705209732,0.0287480153366923
2095,1.13330329284668,1.4103037353515635,0.0,3.879692686271668,0.0954708889394998,0.0,0.0,0.0739557030439377,0.0293164767518639
2096,1.1322810760498043,1.408050280761719,0.0,3.883076832413674,0.0945554378002882,0.0,0.0,0.0750859172344207,0.0295311776727438
2097,1.1399143615722656,1.4042355484008784,0.0,3.888045250415802,0.0935889994800091,0.0,0.0,0.0762397858858108,0.0297185703352093
2098,1.0934787994384767,1.389807308959961,0.0,3.903603141069413,0.0926736015290022,0.0,0.0,0.0773692842960357,0.029932685354352
2099,1.0655470321655274,1.407066539001466,0.0,3.887506644153596,0.0917437631607055,0.0,0.0,0.078532227396965,0.0301657873705029
2100,0.0,0.0,0.0,0.0,0.0,0.0,0.0,0.0,0.0
2101,0.0,0.0,0.0,0.0,0.0,0.0,0.0,0.0,0.0
2102,0.0,0.0,0.0,0.0,0.0,0.0,0.0,0.0,0.0
2103,0.0,0.0,0.0,0.0,0.0,0.0,0.0,0.0,0.0
2104,0.0,0.0,0.0,0.0,0.0,0.0,0.0,0.0,0.0
2105,0.0,0.0,0.0,0.0,0.0,0.0,0.0,0.0,0.0
2106,0.0,0.0,0.0,0.0,0.0,0.0,0.0,0.0,0.0
2107,0.0,0.0,0.0,0.0,0.0,0.0,0.0,0.0,0.0
2108,0.0,0.0,0.0,0.0,0.0,0.0,0.0,0.0,0.0
2109,0.0,0.0,0.0,0.0,0.0,0.0,0.0,0.0,0.0
2110,0.0,0.0,0.0,0.0,0.0,0.0,0.0,0.0,0.0
2111,0.0,0.0,0.0,0.0,0.0,0.0,0.0,0.0,0.0
2112,0.0,0.0,0.0,0.0,0.0,0.0,0.0,0.0,0.0
2113,0.0,0.0,0.0,0.0,0.0,0.0,0.0,0.0,0.0
2114,0.0,0.0,0.0,0.0,0.0,0.0,0.0,0.0,0.0
2115,0.0,0.0,0.0,0.0,0.0,0.0,0.0,0.0,0.0
2116,0.0,0.0,0.0,0.0,0.0,0.0,0.0,0.0,0.0
2117,0.0,0.0,0.0,0.0,0.0,0.0,0.0,0.0,0.0
2118,0.0,0.0,0.0,0.0,0.0,0.0,0.0,0.0,0.0
2119,0.0,0.0,0.0,0.0,0.0,0.0,0.0,0.0,0.0
2120,0.0,0.0,0.0,0.0,0.0,0.0,0.0,0.0,0.0
2121,0.0,0.0,0.0,0.0,0.0,0.0,0.0,0.0,0.0
2122,0.0,0.0,0.0,0.0,0.0,0.0,0.0,0.0,0.0
2123,0.0,0.0,0.0,0.0,0.0,0.0,0.0,0.0,0.0
2124,0.0,0.0,0.0,0.0,0.0,0.0,0.0,0.0,0.0
2125,0.0,0.0,0.0,0.0,0.0,0.0,0.0,0.0,0.0
2126,0.0,0.0,0.0,0.0,0.0,0.0,0.0,0.0,0.0
2127,0.0,0.0,0.0,0.0,0.0,0.0,0.0,0.0,0.0
2128,0.0,0.0,0.0,0.0,0.0,0.0,0.0,0.0,0.0
2129,0.0,0.0,0.0,0.0,0.0,0.0,0.0,0.0,0.0
2130,0.0,0.0,0.0,0.0,0.0,0.0,0.0,0.0,0.0
2131,0.0,0.0,0.0,0.0,0.0,0.0,0.0,0.0,0.0
2132,0.0,0.0,0.0,0.0,0.0,0.0,0.0,0.0,0.0
2133,0.0,0.0,0.0,0.0,0.0,0.0,0.0,0.0,0.0
2134,0.0,0.0,0.0,0.0,0.0,0.0,0.0,0.0,0.0
2135,0.0,0.0,0.0,0.0,0.0,0.0,0.0,0.0,0.0
2136,0.0,0.0,0.0,0.0,0.0,0.0,0.0,0.0,0.0
2137,0.0,0.0,0.0,0.0,0.0,0.0,0.0,0.0,0.0
2138,0.0,0.0,0.0,0.0,0.0,0.0,0.0,0.0,0.0
2139,0.0,0.0,0.0,0.0,0.0,0.0,0.0,0.0,0.0
2140,0.0,0.0,0.0,0.0,0.0,0.0,0.0,0.0,0.0
2141,0.0,0.0,0.0,0.0,0.0,0.0,0.0,0.0,0.0
2142,0.0,0.0,0.0,0.0,0.0,0.0,0.0,0.0,0.0
2143,0.0,0.0,0.0,0.0,0.0,0.0,0.0,0.0,0.0
2144,0.0,0.0,0.0,0.0,0.0,0.0,0.0,0.0,0.0
2145,0.0,0.0,0.0,0.0,0.0,0.0,0.0,0.0,0.0
2146,0.0,0.0,0.0,0.0,0.0,0.0,0.0,0.0,0.0
2147,0.0,0.0,0.0,0.0,0.0,0.0,0.0,0.0,0.0
2148,0.0,0.0,0.0,0.0,0.0,0.0,0.0,0.0,0.0
2149,0.0,0.0,0.0,0.0,0.0,0.0,0.0,0.0,0.0
2150,0.0,0.0,0.0,0.0,0.0,0.0,0.0,0.0,0.0
2151,0.0,0.0,0.0,0.0,0.0,0.0,0.0,0.0,0.0
2152,0.0,0.0,0.0,0.0,0.0,0.0,0.0,0.0,0.0
2153,0.0,0.0,0.0,0.0,0.0,0.0,0.0,0.0,0.0
2154,0.0,0.0,0.0,0.0,0.0,0.0,0.0,0.0,0.0
2155,0.0,0.0,0.0,0.0,0.0,0.0,0.0,0.0,0.0
2156,0.0,0.0,0.0,0.0,0.0,0.0,0.0,0.0,0.0
2157,0.0,0.0,0.0,0.0,0.0,0.0,0.0,0.0,0.0
2158,0.0,0.0,0.0,0.0,0.0,0.0,0.0,0.0,0.0
2159,0.0,0.0,0.0,0.0,0.0,0.0,0.0,0.0,0.0
2160,0.0,0.0,0.0,0.0,0.0,0.0,0.0,0.0,0.0
2161,0.0,0.0,0.0,0.0,0.0,0.0,0.0,0.0,0.0
2162,0.0,0.0,0.0,0.0,0.0,0.0,0.0,0.0,0.0
2163,0.0,0.0,0.0,0.0,0.0,0.0,0.0,0.0,0.0
2164,0.0,0.0,0.0,0.0,0.0,0.0,0.0,0.0,0.0
2165,0.0,0.0,0.0,0.0,0.0,0.0,0.0,0.0,0.0
2166,0.0,0.0,0.0,0.0,0.0,0.0,0.0,0.0,0.0
2167,0.0,0.0,0.0,0.0,0.0,0.0,0.0,0.0,0.0
2168,0.0,0.0,0.0,0.0,0.0,0.0,0.0,0.0,0.0
2169,0.0,0.0,0.0,0.0,0.0,0.0,0.0,0.0,0.0
2170,0.0,0.0,0.0,0.0,0.0,0.0,0.0,0.0,0.0
2171,0.0,0.0,0.0,0.0,0.0,0.0,0.0,0.0,0.0
2172,0.0,0.0,0.0,0.0,0.0,0.0,0.0,0.0,0.0
2173,0.0,0.0,0.0,0.0,0.0,0.0,0.0,0.0,0.0
2174,0.0,0.0,0.0,0.0,0.0,0.0,0.0,0.0,0.0
2175,0.0,0.0,0.0,0.0,0.0,0.0,0.0,0.0,0.0
2176,0.0,0.0,0.0,0.0,0.0,0.0,0.0,0.0,0.0
2177,0.0,0.0,0.0,0.0,0.0,0.0,0.0,0.0,0.0
2178,0.0,0.0,0.0,0.0,0.0,0.0,0.0,0.0,0.0
2179,0.0,0.0,0.0,0.0,0.0,0.0,0.0,0.0,0.0
2180,0.0,0.0,0.0,0.0,0.0,0.0,0.0,0.0,0.0
2181,0.0,0.0,0.0,0.0,0.0,0.0,0.0,0.0,0.0
2182,0.0,0.0,0.0,0.0,0.0,0.0,0.0,0.0,0.0
2183,0.0,0.0,0.0,0.0,0.0,0.0,0.0,0.0,0.0
2184,0.0,0.0,0.0,0.0,0.0,0.0,0.0,0.0,0.0
2185,0.0,0.0,0.0,0.0,0.0,0.0,0.0,0.0,0.0
2186,0.0,0.0,0.0,0.0,0.0,0.0,0.0,0.0,0.0
2187,0.0,0.0,0.0,0.0,0.0,0.0,0.0,0.0,0.0
2188,0.0,0.0,0.0,0.0,0.0,0.0,0.0,0.0,0.0
2189,0.0,0.0,0.0,0.0,0.0,0.0,0.0,0.0,0.0
2190,0.0,0.0,0.0,0.0,0.0,0.0,0.0,0.0,0.0
2191,0.0,0.0,0.0,0.0,0.0,0.0,0.0,0.0,0.0
2192,0.0,0.0,0.0,0.0,0.0,0.0,0.0,0.0,0.0
2193,0.0,0.0,0.0,0.0,0.0,0.0,0.0,0.0,0.0
2194,0.0,0.0,0.0,0.0,0.0,0.0,0.0,0.0,0.0
2195,0.0,0.0,0.0,0.0,0.0,0.0,0.0,0.0,0.0
2196,0.0,0.0,0.0,0.0,0.0,0.0,0.0,0.0,0.0
2197,0.0,0.0,0.0,0.0,0.0,0.0,0.0,0.0,0.0
2198,0.0,0.0,0.0,0.0,0.0,0.0,0.0,0.0,0.0
2199,0.0,0.0,0.0,0.0,0.0,0.0,0.0,0.0,0.0
2200,0.0,0.0,0.0,0.0,0.0,0.0,0.0,0.0,0.0
2201,0.0,0.0,0.0,0.0,0.0,0.0,0.0,0.0,0.0
2202,0.0,0.0,0.0,0.0,0.0,0.0,0.0,0.0,0.0
2203,0.0,0.0,0.0,0.0,0.0,0.0,0.0,0.0,0.0
2204,0.0,0.0,0.0,0.0,0.0,0.0,0.0,0.0,0.0
2205,0.0,0.0,0.0,0.0,0.0,0.0,0.0,0.0,0.0
2206,0.0,0.0,0.0,0.0,0.0,0.0,0.0,0.0,0.0
2207,0.0,0.0,0.0,0.0,0.0,0.0,0.0,0.0,0.0
2208,0.0,0.0,0.0,0.0,0.0,0.0,0.0,0.0,0.0
2209,0.0,0.0,0.0,0.0,0.0,0.0,0.0,0.0,0.0
2210,0.0,0.0,0.0,0.0,0.0,0.0,0.0,0.0,0.0
2211,0.0,0.0,0.0,0.0,0.0,0.0,0.0,0.0,0.0
2212,0.0,0.0,0.0,0.0,0.0,0.0,0.0,0.0,0.0
2213,0.0,0.0,0.0,0.0,0.0,0.0,0.0,0.0,0.0
2214,0.0,0.0,0.0,0.0,0.0,0.0,0.0,0.0,0.0
2215,0.0,0.0,0.0,0.0,0.0,0.0,0.0,0.0,0.0
2216,0.0,0.0,0.0,0.0,0.0,0.0,0.0,0.0,0.0
2217,0.0,0.0,0.0,0.0,0.0,0.0,0.0,0.0,0.0
2218,0.0,0.0,0.0,0.0,0.0,0.0,0.0,0.0,0.0
2219,0.0,0.0,0.0,0.0,0.0,0.0,0.0,0.0,0.0
2220,0.0,0.0,0.0,0.0,0.0,0.0,0.0,0.0,0.0
2221,0.0,0.0,0.0,0.0,0.0,0.0,0.0,0.0,0.0
2222,0.0,0.0,0.0,0.0,0.0,0.0,0.0,0.0,0.0
2223,0.0,0.0,0.0,0.0,0.0,0.0,0.0,0.0,0.0
2224,0.0,0.0,0.0,0.0,0.0,0.0,0.0,0.0,0.0
2225,0.0,0.0,0.0,0.0,0.0,0.0,0.0,0.0,0.0
2226,0.0,0.0,0.0,0.0,0.0,0.0,0.0,0.0,0.0
2227,0.0,0.0,0.0,0.0,0.0,0.0,0.0,0.0,0.0
2228,0.0,0.0,0.0,0.0,0.0,0.0,0.0,0.0,0.0
2229,0.0,0.0,0.0,0.0,0.0,0.0,0.0,0.0,0.0
2230,0.0,0.0,0.0,0.0,0.0,0.0,0.0,0.0,0.0
2231,0.0,0.0,0.0,0.0,0.0,0.0,0.0,0.0,0.0
2232,0.0,0.0,0.0,0.0,0.0,0.0,0.0,0.0,0.0
2233,0.0,0.0,0.0,0.0,0.0,0.0,0.0,0.0,0.0
2234,0.0,0.0,0.0,0.0,0.0,0.0,0.0,0.0,0.0
2235,0.0,0.0,0.0,0.0,0.0,0.0,0.0,0.0,0.0
2236,0.0,0.0,0.0,0.0,0.0,0.0,0.0,0.0,0.0
2237,0.0,0.0,0.0,0.0,0.0,0.0,0.0,0.0,0.0
2238,0.0,0.0,0.0,0.0,0.0,0.0,0.0,0.0,0.0
2239,0.0,0.0,0.0,0.0,0.0,0.0,0.0,0.0,0.0
2240,0.0,0.0,0.0,0.0,0.0,0.0,0.0,0.0,0.0
2241,0.0,0.0,0.0,0.0,0.0,0.0,0.0,0.0,0.0
2242,0.0,0.0,0.0,0.0,0.0,0.0,0.0,0.0,0.0
2243,0.0,0.0,0.0,0.0,0.0,0.0,0.0,0.0,0.0
2244,0.0,0.0,0.0,0.0,0.0,0.0,0.0,0.0,0.0
2245,0.0,0.0,0.0,0.0,0.0,0.0,0.0,0.0,0.0
2246,0.0,0.0,0.0,0.0,0.0,0.0,0.0,0.0,0.0
2247,0.0,0.0,0.0,0.0,0.0,0.0,0.0,0.0,0.0
2248,0.0,0.0,0.0,0.0,0.0,0.0,0.0,0.0,0.0
2249,0.0,0.0,0.0,0.0,0.0,0.0,0.0,0.0,0.0
2250,0.0,0.0,0.0,0.0,0.0,0.0,0.0,0.0,0.0
2251,0.0,0.0,0.0,0.0,0.0,0.0,0.0,0.0,0.0
2252,0.0,0.0,0.0,0.0,0.0,0.0,0.0,0.0,0.0
2253,0.0,0.0,0.0,0.0,0.0,0.0,0.0,0.0,0.0
2254,0.0,0.0,0.0,0.0,0.0,0.0,0.0,0.0,0.0
2255,0.0,0.0,0.0,0.0,0.0,0.0,0.0,0.0,0.0
2256,0.0,0.0,0.0,0.0,0.0,0.0,0.0,0.0,0.0
2257,0.0,0.0,0.0,0.0,0.0,0.0,0.0,0.0,0.0
2258,0.0,0.0,0.0,0.0,0.0,0.0,0.0,0.0,0.0
2259,0.0,0.0,0.0,0.0,0.0,0.0,0.0,0.0,0.0
2260,0.0,0.0,0.0,0.0,0.0,0.0,0.0,0.0,0.0
2261,0.0,0.0,0.0,0.0,0.0,0.0,0.0,0.0,0.0
2262,0.0,0.0,0.0,0.0,0.0,0.0,0.0,0.0,0.0
2263,0.0,0.0,0.0,0.0,0.0,0.0,0.0,0.0,0.0
2264,0.0,0.0,0.0,0.0,0.0,0.0,0.0,0.0,0.0
2265,0.0,0.0,0.0,0.0,0.0,0.0,0.0,0.0,0.0
2266,0.0,0.0,0.0,0.0,0.0,0.0,0.0,0.0,0.0
2267,0.0,0.0,0.0,0.0,0.0,0.0,0.0,0.0,0.0
2268,0.0,0.0,0.0,0.0,0.0,0.0,0.0,0.0,0.0
2269,0.0,0.0,0.0,0.0,0.0,0.0,0.0,0.0,0.0
2270,0.0,0.0,0.0,0.0,0.0,0.0,0.0,0.0,0.0
2271,0.0,0.0,0.0,0.0,0.0,0.0,0.0,0.0,0.0
2272,0.0,0.0,0.0,0.0,0.0,0.0,0.0,0.0,0.0
2273,0.0,0.0,0.0,0.0,0.0,0.0,0.0,0.0,0.0
2274,0.0,0.0,0.0,0.0,0.0,0.0,0.0,0.0,0.0
2275,0.0,0.0,0.0,0.0,0.0,0.0,0.0,0.0,0.0
2276,0.0,0.0,0.0,0.0,0.0,0.0,0.0,0.0,0.0
2277,0.0,0.0,0.0,0.0,0.0,0.0,0.0,0.0,0.0
2278,0.0,0.0,0.0,0.0,0.0,0.0,0.0,0.0,0.0
2279,0.0,0.0,0.0,0.0,0.0,0.0,0.0,0.0,0.0
2280,0.0,0.0,0.0,0.0,0.0,0.0,0.0,0.0,0.0
2281,0.0,0.0,0.0,0.0,0.0,0.0,0.0,0.0,0.0
2282,0.0,0.0,0.0,0.0,0.0,0.0,0.0,0.0,0.0
2283,0.0,0.0,0.0,0.0,0.0,0.0,0.0,0.0,0.0
2284,0.0,0.0,0.0,0.0,0.0,0.0,0.0,0.0,0.0
2285,0.0,0.0,0.0,0.0,0.0,0.0,0.0,0.0,0.0
2286,0.0,0.0,0.0,0.0,0.0,0.0,0.0,0.0,0.0
2287,0.0,0.0,0.0,0.0,0.0,0.0,0.0,0.0,0.0
2288,0.0,0.0,0.0,0.0,0.0,0.0,0.0,0.0,0.0
2289,0.0,0.0,0.0,0.0,0.0,0.0,0.0,0.0,0.0
2290,0.0,0.0,0.0,0.0,0.0,0.0,0.0,0.0,0.0
2291,0.0,0.0,0.0,0.0,0.0,0.0,0.0,0.0,0.0
2292,0.0,0.0,0.0,0.0,0.0,0.0,0.0,0.0,0.0
2293,0.0,0.0,0.0,0.0,0.0,0.0,0.0,0.0,0.0
2294,0.0,0.0,0.0,0.0,0.0,0.0,0.0,0.0,0.0
2295,0.0,0.0,0.0,0.0,0.0,0.0,0.0,0.0,0.0
2296,0.0,0.0,0.0,0.0,0.0,0.0,0.0,0.0,0.0
2297,0.0,0.0,0.0,0.0,0.0,0.0,0.0,0.0,0.0
2298,0.0,0.0,0.0,0.0,0.0,0.0,0.0,0.0,0.0
2299,0.0,0.0,0.0,0.0,0.0,0.0,0.0,0.0,0.0
2300,0.0,0.0,0.0,0.0,0.0,0.0,0.0,0.0,0.0
2301,0.0,0.0,0.0,0.0,0.0,0.0,0.0,0.0,0.0
2302,0.0,0.0,0.0,0.0,0.0,0.0,0.0,0.0,0.0
2303,0.0,0.0,0.0,0.0,0.0,0.0,0.0,0.0,0.0
2304,0.0,0.0,0.0,0.0,0.0,0.0,0.0,0.0,0.0
2305,0.0,0.0,0.0,0.0,0.0,0.0,0.0,0.0,0.0
2306,0.0,0.0,0.0,0.0,0.0,0.0,0.0,0.0,0.0
2307,0.0,0.0,0.0,0.0,0.0,0.0,0.0,0.0,0.0
2308,0.0,0.0,0.0,0.0,0.0,0.0,0.0,0.0,0.0
2309,0.0,0.0,0.0,0.0,0.0,0.0,0.0,0.0,0.0
2310,0.0,0.0,0.0,0.0,0.0,0.0,0.0,0.0,0.0
2311,0.0,0.0,0.0,0.0,0.0,0.0,0.0,0.0,0.0
2312,0.0,0.0,0.0,0.0,0.0,0.0,0.0,0.0,0.0
2313,0.0,0.0,0.0,0.0,0.0,0.0,0.0,0.0,0.0
2314,0.0,0.0,0.0,0.0,0.0,0.0,0.0,0.0,0.0
2315,0.0,0.0,0.0,0.0,0.0,0.0,0.0,0.0,0.0
2316,0.0,0.0,0.0,0.0,0.0,0.0,0.0,0.0,0.0
2317,0.0,0.0,0.0,0.0,0.0,0.0,0.0,0.0,0.0
2318,0.0,0.0,0.0,0.0,0.0,0.0,0.0,0.0,0.0
2319,0.0,0.0,0.0,0.0,0.0,0.0,0.0,0.0,0.0
2320,0.0,0.0,0.0,0.0,0.0,0.0,0.0,0.0,0.0
2321,0.0,0.0,0.0,0.0,0.0,0.0,0.0,0.0,0.0
2322,0.0,0.0,0.0,0.0,0.0,0.0,0.0,0.0,0.0
2323,0.0,0.0,0.0,0.0,0.0,0.0,0.0,0.0,0.0
2324,0.0,0.0,0.0,0.0,0.0,0.0,0.0,0.0,0.0
2325,0.0,0.0,0.0,0.0,0.0,0.0,0.0,0.0,0.0
2326,0.0,0.0,0.0,0.0,0.0,0.0,0.0,0.0,0.0
2327,0.0,0.0,0.0,0.0,0.0,0.0,0.0,0.0,0.0
2328,0.0,0.0,0.0,0.0,0.0,0.0,0.0,0.0,0.0
2329,0.0,0.0,0.0,0.0,0.0,0.0,0.0,0.0,0.0
2330,0.0,0.0,0.0,0.0,0.0,0.0,0.0,0.0,0.0
2331,0.0,0.0,0.0,0.0,0.0,0.0,0.0,0.0,0.0
2332,0.0,0.0,0.0,0.0,0.0,0.0,0.0,0.0,0.0
2333,0.0,0.0,0.0,0.0,0.0,0.0,0.0,0.0,0.0
2334,0.0,0.0,0.0,0.0,0.0,0.0,0.0,0.0,0.0
2335,0.0,0.0,0.0,0.0,0.0,0.0,0.0,0.0,0.0
2336,0.0,0.0,0.0,0.0,0.0,0.0,0.0,0.0,0.0
2337,0.0,0.0,0.0,0.0,0.0,0.0,0.0,0.0,0.0
2338,0.0,0.0,0.0,0.0,0.0,0.0,0.0,0.0,0.0
2339,0.0,0.0,0.0,0.0,0.0,0.0,0.0,0.0,0.0
2340,0.0,0.0,0.0,0.0,0.0,0.0,0.0,0.0,0.0
2341,0.0,0.0,0.0,0.0,0.0,0.0,0.0,0.0,0.0
2342,0.0,0.0,0.0,0.0,0.0,0.0,0.0,0.0,0.0
2343,0.0,0.0,0.0,0.0,0.0,0.0,0.0,0.0,0.0
2344,0.0,0.0,0.0,0.0,0.0,0.0,0.0,0.0,0.0
2345,0.0,0.0,0.0,0.0,0.0,0.0,0.0,0.0,0.0
2346,0.0,0.0,0.0,0.0,0.0,0.0,0.0,0.0,0.0
2347,0.0,0.0,0.0,0.0,0.0,0.0,0.0,0.0,0.0
2348,0.0,0.0,0.0,0.0,0.0,0.0,0.0,0.0,0.0
2349,0.0,0.0,0.0,0.0,0.0,0.0,0.0,0.0,0.0
2350,0.0,0.0,0.0,0.0,0.0,0.0,0.0,0.0,0.0
2351,0.0,0.0,0.0,0.0,0.0,0.0,0.0,0.0,0.0
2352,0.0,0.0,0.0,0.0,0.0,0.0,0.0,0.0,0.0
2353,0.0,0.0,0.0,0.0,0.0,0.0,0.0,0.0,0.0
2354,0.0,0.0,0.0,0.0,0.0,0.0,0.0,0.0,0.0
2355,0.0,0.0,0.0,0.0,0.0,0.0,0.0,0.0,0.0
2356,0.0,0.0,0.0,0.0,0.0,0.0,0.0,0.0,0.0
2357,0.0,0.0,0.0,0.0,0.0,0.0,0.0,0.0,0.0
2358,0.0,0.0,0.0,0.0,0.0,0.0,0.0,0.0,0.0
2359,0.0,0.0,0.0,0.0,0.0,0.0,0.0,0.0,0.0
2360,0.0,0.0,0.0,0.0,0.0,0.0,0.0,0.0,0.0
2361,0.0,0.0,0.0,0.0,0.0,0.0,0.0,0.0,0.0
2362,0.0,0.0,0.0,0.0,0.0,0.0,0.0,0.0,0.0
2363,0.0,0.0,0.0,0.0,0.0,0.0,0.0,0.0,0.0
2364,0.0,0.0,0.0,0.0,0.0,0.0,0.0,0.0,0.0
2365,0.0,0.0,0.0,0.0,0.0,0.0,0.0,0.0,0.0
2366,0.0,0.0,0.0,0.0,0.0,0.0,0.0,0.0,0.0
2367,0.0,0.0,0.0,0.0,0.0,0.0,0.0,0.0,0.0
2368,0.0,0.0,0.0,0.0,0.0,0.0,0.0,0.0,0.0
2369,0.0,0.0,0.0,0.0,0.0,0.0,0.0,0.0,0.0
2370,0.0,0.0,0.0,0.0,0.0,0.0,0.0,0.0,0.0
2371,0.0,0.0,0.0,0.0,0.0,0.0,0.0,0.0,0.0
2372,0.0,0.0,0.0,0.0,0.0,0.0,0.0,0.0,0.0
2373,0.0,0.0,0.0,0.0,0.0,0.0,0.0,0.0,0.0
2374,0.0,0.0,0.0,0.0,0.0,0.0,0.0,0.0,0.0
2375,0.0,0.0,0.0,0.0,0.0,0.0,0.0,0.0,0.0
2376,0.0,0.0,0.0,0.0,0.0,0.0,0.0,0.0,0.0
2377,0.0,0.0,0.0,0.0,0.0,0.0,0.0,0.0,0.0
2378,0.0,0.0,0.0,0.0,0.0,0.0,0.0,0.0,0.0
2379,0.0,0.0,0.0,0.0,0.0,0.0,0.0,0.0,0.0
2380,0.0,0.0,0.0,0.0,0.0,0.0,0.0,0.0,0.0
2381,0.0,0.0,0.0,0.0,0.0,0.0,0.0,0.0,0.0
2382,0.0,0.0,0.0,0.0,0.0,0.0,0.0,0.0,0.0
2383,0.0,0.0,0.0,0.0,0.0,0.0,0.0,0.0,0.0
2384,0.0,0.0,0.0,0.0,0.0,0.0,0.0,0.0,0.0
2385,0.0,0.0,0.0,0.0,0.0,0.0,0.0,0.0,0.0
2386,0.0,0.0,0.0,0.0,0.0,0.0,0.0,0.0,0.0
2387,0.0,0.0,0.0,0.0,0.0,0.0,0.0,0.0,0.0
2388,0.0,0.0,0.0,0.0,0.0,0.0,0.0,0.0,0.0
2389,0.0,0.0,0.0,0.0,0.0,0.0,0.0,0.0,0.0
2390,0.0,0.0,0.0,0.0,0.0,0.0,0.0,0.0,0.0
2391,0.0,0.0,0.0,0.0,0.0,0.0,0.0,0.0,0.0
2392,0.0,0.0,0.0,0.0,0.0,0.0,0.0,0.0,0.0
2393,0.0,0.0,0.0,0.0,0.0,0.0,0.0,0.0,0.0
2394,0.0,0.0,0.0,0.0,0.0,0.0,0.0,0.0,0.0
2395,0.0,0.0,0.0,0.0,0.0,0.0,0.0,0.0,0.0
2396,0.0,0.0,0.0,0.0,0.0,0.0,0.0,0.0,0.0
2397,0.0,0.0,0.0,0.0,0.0,0.0,0.0,0.0,0.0
2398,0.0,0.0,0.0,0.0,0.0,0.0,0.0,0.0,0.0
2399,0.0,0.0,0.0,0.0,0.0,0.0,0.0,0.0,0.0
2400,0.0,0.0,0.0,0.0,0.0,0.0,0.0,0.0,0.0
2401,0.0,0.0,0.0,0.0,0.0,0.0,0.0,0.0,0.0
2402,0.0,0.0,0.0,0.0,0.0,0.0,0.0,0.0,0.0
2403,0.0,0.0,0.0,0.0,0.0,0.0,0.0,0.0,0.0
2404,0.0,0.0,0.0,0.0,0.0,0.0,0.0,0.0,0.0
2405,0.0,0.0,0.0,0.0,0.0,0.0,0.0,0.0,0.0
2406,0.0,0.0,0.0,0.0,0.0,0.0,0.0,0.0,0.0
2407,0.0,0.0,0.0,0.0,0.0,0.0,0.0,0.0,0.0
2408,0.0,0.0,0.0,0.0,0.0,0.0,0.0,0.0,0.0
2409,0.0,0.0,0.0,0.0,0.0,0.0,0.0,0.0,0.0
2410,0.0,0.0,0.0,0.0,0.0,0.0,0.0,0.0,0.0
2411,0.0,0.0,0.0,0.0,0.0,0.0,0.0,0.0,0.0
2412,0.0,0.0,0.0,0.0,0.0,0.0,0.0,0.0,0.0
2413,0.0,0.0,0.0,0.0,0.0,0.0,0.0,0.0,0.0
2414,0.0,0.0,0.0,0.0,0.0,0.0,0.0,0.0,0.0
2415,0.0,0.0,0.0,0.0,0.0,0.0,0.0,0.0,0.0
2416,0.0,0.0,0.0,0.0,0.0,0.0,0.0,0.0,0.0
2417,0.0,0.0,0.0,0.0,0.0,0.0,0.0,0.0,0.0
2418,0.0,0.0,0.0,0.0,0.0,0.0,0.0,0.0,0.0
2419,0.0,0.0,0.0,0.0,0.0,0.0,0.0,0.0,0.0
2420,0.0,0.0,0.0,0.0,0.0,0.0,0.0,0.0,0.0
2421,0.0,0.0,0.0,0.0,0.0,0.0,0.0,0.0,0.0
2422,0.0,0.0,0.0,0.0,0.0,0.0,0.0,0.0,0.0
2423,0.0,0.0,0.0,0.0,0.0,0.0,0.0,0.0,0.0
2424,0.0,0.0,0.0,0.0,0.0,0.0,0.0,0.0,0.0
2425,0.0,0.0,0.0,0.0,0.0,0.0,0.0,0.0,0.0
2426,0.0,0.0,0.0,0.0,0.0,0.0,0.0,0.0,0.0
2427,0.0,0.0,0.0,0.0,0.0,0.0,0.0,0.0,0.0
2428,0.0,0.0,0.0,0.0,0.0,0.0,0.0,0.0,0.0
2429,0.0,0.0,0.0,0.0,0.0,0.0,0.0,0.0,0.0
2430,0.0,0.0,0.0,0.0,0.0,0.0,0.0,0.0,0.0
2431,0.0,0.0,0.0,0.0,0.0,0.0,0.0,0.0,0.0
2432,0.0,0.0,0.0,0.0,0.0,0.0,0.0,0.0,0.0
2433,0.0,0.0,0.0,0.0,0.0,0.0,0.0,0.0,0.0
2434,0.0,0.0,0.0,0.0,0.0,0.0,0.0,0.0,0.0
2435,0.0,0.0,0.0,0.0,0.0,0.0,0.0,0.0,0.0
2436,0.0,0.0,0.0,0.0,0.0,0.0,0.0,0.0,0.0
2437,0.0,0.0,0.0,0.0,0.0,0.0,0.0,0.0,0.0
2438,0.0,0.0,0.0,0.0,0.0,0.0,0.0,0.0,0.0
2439,0.0,0.0,0.0,0.0,0.0,0.0,0.0,0.0,0.0
2440,0.0,0.0,0.0,0.0,0.0,0.0,0.0,0.0,0.0
2441,0.0,0.0,0.0,0.0,0.0,0.0,0.0,0.0,0.0
2442,0.0,0.0,0.0,0.0,0.0,0.0,0.0,0.0,0.0
2443,0.0,0.0,0.0,0.0,0.0,0.0,0.0,0.0,0.0
2444,0.0,0.0,0.0,0.0,0.0,0.0,0.0,0.0,0.0
2445,0.0,0.0,0.0,0.0,0.0,0.0,0.0,0.0,0.0
2446,0.0,0.0,0.0,0.0,0.0,0.0,0.0,0.0,0.0
2447,0.0,0.0,0.0,0.0,0.0,0.0,0.0,0.0,0.0
2448,0.0,0.0,0.0,0.0,0.0,0.0,0.0,0.0,0.0
2449,0.0,0.0,0.0,0.0,0.0,0.0,0.0,0.0,0.0
2450,0.0,0.0,0.0,0.0,0.0,0.0,0.0,0.0,0.0
2451,0.0,0.0,0.0,0.0,0.0,0.0,0.0,0.0,0.0
2452,0.0,0.0,0.0,0.0,0.0,0.0,0.0,0.0,0.0
2453,0.0,0.0,0.0,0.0,0.0,0.0,0.0,0.0,0.0
2454,0.0,0.0,0.0,0.0,0.0,0.0,0.0,0.0,0.0
2455,0.0,0.0,0.0,0.0,0.0,0.0,0.0,0.0,0.0
2456,0.0,0.0,0.0,0.0,0.0,0.0,0.0,0.0,0.0
2457,0.0,0.0,0.0,0.0,0.0,0.0,0.0,0.0,0.0
2458,0.0,0.0,0.0,0.0,0.0,0.0,0.0,0.0,0.0
2459,0.0,0.0,0.0,0.0,0.0,0.0,0.0,0.0,0.0
2460,0.0,0.0,0.0,0.0,0.0,0.0,0.0,0.0,0.0
2461,0.0,0.0,0.0,0.0,0.0,0.0,0.0,0.0,0.0
2462,0.0,0.0,0.0,0.0,0.0,0.0,0.0,0.0,0.0
2463,0.0,0.0,0.0,0.0,0.0,0.0,0.0,0.0,0.0
2464,0.0,0.0,0.0,0.0,0.0,0.0,0.0,0.0,0.0
2465,0.0,0.0,0.0,0.0,0.0,0.0,0.0,0.0,0.0
2466,0.0,0.0,0.0,0.0,0.0,0.0,0.0,0.0,0.0
2467,0.0,0.0,0.0,0.0,0.0,0.0,0.0,0.0,0.0
2468,0.0,0.0,0.0,0.0,0.0,0.0,0.0,0.0,0.0
2469,0.0,0.0,0.0,0.0,0.0,0.0,0.0,0.0,0.0
2470,0.0,0.0,0.0,0.0,0.0,0.0,0.0,0.0,0.0
2471,0.0,0.0,0.0,0.0,0.0,0.0,0.0,0.0,0.0
2472,0.0,0.0,0.0,0.0,0.0,0.0,0.0,0.0,0.0
2473,0.0,0.0,0.0,0.0,0.0,0.0,0.0,0.0,0.0
2474,0.0,0.0,0.0,0.0,0.0,0.0,0.0,0.0,0.0
2475,0.0,0.0,0.0,0.0,0.0,0.0,0.0,0.0,0.0
2476,0.0,0.0,0.0,0.0,0.0,0.0,0.0,0.0,0.0
2477,0.0,0.0,0.0,0.0,0.0,0.0,0.0,0.0,0.0
2478,0.0,0.0,0.0,0.0,0.0,0.0,0.0,0.0,0.0
2479,0.0,0.0,0.0,0.0,0.0,0.0,0.0,0.0,0.0
2480,0.0,0.0,0.0,0.0,0.0,0.0,0.0,0.0,0.0
2481,0.0,0.0,0.0,0.0,0.0,0.0,0.0,0.0,0.0
2482,0.0,0.0,0.0,0.0,0.0,0.0,0.0,0.0,0.0
2483,0.0,0.0,0.0,0.0,0.0,0.0,0.0,0.0,0.0
2484,0.0,0.0,0.0,0.0,0.0,0.0,0.0,0.0,0.0
2485,0.0,0.0,0.0,0.0,0.0,0.0,0.0,0.0,0.0
2486,0.0,0.0,0.0,0.0,0.0,0.0,0.0,0.0,0.0
2487,0.0,0.0,0.0,0.0,0.0,0.0,0.0,0.0,0.0
2488,0.0,0.0,0.0,0.0,0.0,0.0,0.0,0.0,0.0
2489,0.0,0.0,0.0,0.0,0.0,0.0,0.0,0.0,0.0
2490,0.0,0.0,0.0,0.0,0.0,0.0,0.0,0.0,0.0
2491,0.0,0.0,0.0,0.0,0.0,0.0,0.0,0.0,0.0
2492,0.0,0.0,0.0,0.0,0.0,0.0,0.0,0.0,0.0
2493,0.0,0.0,0.0,0.0,0.0,0.0,0.0,0.0,0.0
2494,0.0,0.0,0.0,0.0,0.0,0.0,0.0,0.0,0.0
2495,0.0,0.0,0.0,0.0,0.0,0.0,0.0,0.0,0.0
2496,0.0,0.0,0.0,0.0,0.0,0.0,0.0,0.0,0.0
2497,0.0,0.0,0.0,0.0,0.0,0.0,0.0,0.0,0.0
2498,0.0,0.0,0.0,0.0,0.0,0.0,0.0,0.0,0.0
2499,0.0,0.0,0.0,0.0,0.0,0.0,0.0,0.0,0.0
2500,0.0,0.0,0.0,0.0,0.0,0.0,0.0,0.0,0.0
